slug,photo,winery
fanagoriya-101-ottenok-krasnogo-kaberne-kaberne-sovinon-krasnoe-suhoe-14,fanagoriya-101-ottenok-krasnogo-kaberne-kaberne-sovinon-krasnoe-suhoe-14.webp,Фанагория
usadba-rodnoe-gnezdo-4-elements-kaberne-sovinon-krasnoe-suhoe-15,usadba-rodnoe-gnezdo-4-elements-kaberne-sovinon-krasnoe-suhoe-15.webp,Усадьба Родное Гнездо
usadba-rodnoe-gnezdo-4-elements-risling-beloe-suhoe-12,usadba-rodnoe-gnezdo-4-elements-risling-beloe-suhoe-12.webp,Усадьба Родное Гнездо
usadba-rodnoe-gnezdo-4-elements-risling-beloe-polusuhoe-12,usadba-rodnoe-gnezdo-4-elements-risling-beloe-polusuhoe-12.webp,Усадьба Родное Гнездо
usadba-rodnoe-gnezdo-4-elements-sira-roze-rozovoe-polusuhoe-135,usadba-rodnoe-gnezdo-4-elements-sira-roze-rozovoe-polusuhoe-135.webp,Усадьба Родное Гнездо
usadba-rodnoe-gnezdo-4-elements-sovinon-blan-beloe-polusladkoe-12,usadba-rodnoe-gnezdo-4-elements-sovinon-blan-beloe-polusladkoe-12.webp,Усадьба Родное Гнездо
usadba-rodnoe-gnezdo-4-elements-sovinon-blan-beloe-suhoe-12,usadba-rodnoe-gnezdo-4-elements-sovinon-blan-beloe-suhoe-12.webp,Усадьба Родное Гнездо
vinodelnya-vedernikov-5050-tsimlyanskiy-sibirkovyy-ekstra-bryut-beloe-12,vinodelnya-vedernikov-5050-tsimlyanskiy-sibirkovyy-ekstra-bryut-beloe-12.webp,Ведерниковъ
shato-pino-agpoezdnik-beloe-shardone-suhoe-13,shato-pino-agpoezdnik-beloe-shardone-suhoe-13.webp,Шато Пино
shato-pino-agpoezdnik-krasnoe-kaberne-fran-suhoe-14,shato-pino-agpoezdnik-krasnoe-kaberne-fran-suhoe-14.webp,Шато Пино
abrau-dyurso-abrau-estates-krasnoe-kaberne-sovinon-suhoe-13,abrau-dyurso-abrau-estates-krasnoe-kaberne-sovinon-suhoe-13.webp,Абрау-Дюрсо
abrau-dyurso-abrau-estates-dostoynyy-krasnoe-suhoe-135,abrau-dyurso-abrau-estates-dostoynyy-krasnoe-suhoe-135.webp,Абрау-Дюрсо
abrau-dyurso-abrau-estates-roze-kaberne-sovinon-rozovoe-suhoe-12,abrau-dyurso-abrau-estates-roze-kaberne-sovinon-rozovoe-suhoe-12.webp,Абрау-Дюрсо
abrau-dyurso-abrau-durso-brut-rose-reserve-pino-nuar-beloe-bryut-12,abrau-dyurso-abrau-durso-brut-rose-reserve-pino-nuar-beloe-bryut-12.webp,Абрау-Дюрсо
abrau-dyurso-abrau-durso-reserve-brut-shardone-beloe-bryut-115,abrau-dyurso-abrau-durso-reserve-brut-shardone-beloe-bryut-115.webp,Абрау-Дюрсо
olymp-winery-adagum-cabernet-franc-kaberne-fran-krasnoe-suhoe-11,olymp-winery-adagum-cabernet-franc-kaberne-fran-krasnoe-suhoe-11.webp,Olymp Winery
olymp-winery-adagum-cabernet-sauvignon-kaberne-sovinon-krasnoe-suhoe-11,olymp-winery-adagum-cabernet-sauvignon-kaberne-sovinon-krasnoe-suhoe-11.webp,Olymp Winery
olymp-winery-adagum-chardonnay-shardone-beloe-suhoe-11,olymp-winery-adagum-chardonnay-shardone-beloe-suhoe-11.webp,Olymp Winery
olymp-winery-adagum-chardonnay-kuban-shardone-beloe-suhoe-11,olymp-winery-adagum-chardonnay-kuban-shardone-beloe-suhoe-11.webp,Olymp Winery
olymp-winery-adagum-estate-cabernet-sauvignon-kaberne-sovinon-krasnoe-suhoe-11,olymp-winery-adagum-estate-cabernet-sauvignon-kaberne-sovinon-krasnoe-suhoe-11.webp,Olymp Winery
olymp-winery-adagum-estate-chardonnay-shardone-beloe-suhoe-11,olymp-winery-adagum-estate-chardonnay-shardone-beloe-suhoe-11.webp,Olymp Winery
olymp-winery-adagum-estate-merlot-merlo-krasnoe-suhoe-11,olymp-winery-adagum-estate-merlot-merlo-krasnoe-suhoe-11.webp,Olymp Winery
olymp-winery-adagum-estate-red-blend-kaberne-fran-krasnoe-suhoe-11,olymp-winery-adagum-estate-red-blend-kaberne-fran-krasnoe-suhoe-11.webp,Olymp Winery
olymp-winery-adagum-estate-rose-kaberne-sovinon-rozovoe-suhoe-11,olymp-winery-adagum-estate-rose-kaberne-sovinon-rozovoe-suhoe-11.webp,Olymp Winery
olymp-winery-adagum-estate-sauvignon-blanc-sovinon-blan-beloe-suhoe-11,olymp-winery-adagum-estate-sauvignon-blanc-sovinon-blan-beloe-suhoe-11.webp,Olymp Winery
olymp-winery-adagum-krasnostop-krasnostop-zolotovskiy-krasnoe-suhoe-11,olymp-winery-adagum-krasnostop-krasnostop-zolotovskiy-krasnoe-suhoe-11.webp,Olymp Winery
olymp-winery-adagum-merlot-merlo-rozovoe-suhoe-10,olymp-winery-adagum-merlot-merlo-rozovoe-suhoe-10.webp,Olymp Winery
olymp-winery-adagum-odessa-black-kuban-odesskiy-chernyy-krasnoe-suhoe-11,olymp-winery-adagum-odessa-black-kuban-odesskiy-chernyy-krasnoe-suhoe-11.webp,Olymp Winery
olymp-winery-adagum-pinot-noir-pino-nuar-rozovoe-suhoe-11,olymp-winery-adagum-pinot-noir-pino-nuar-rozovoe-suhoe-11.webp,Olymp Winery
olymp-winery-adagum-pinot-noir-pino-nuar-krasnoe-suhoe-11,olymp-winery-adagum-pinot-noir-pino-nuar-krasnoe-suhoe-11.webp,Olymp Winery
olymp-winery-adagum-riesling-risling-beloe-suhoe-11,olymp-winery-adagum-riesling-risling-beloe-suhoe-11.webp,Olymp Winery
olymp-winery-adagum-saperavi-saperavi-krasnoe-suhoe-11,olymp-winery-adagum-saperavi-saperavi-krasnoe-suhoe-11.webp,Olymp Winery
olymp-winery-adagum-sauvignon-sovinon-blan-beloe-suhoe-11,olymp-winery-adagum-sauvignon-sovinon-blan-beloe-suhoe-11.webp,Olymp Winery
olymp-winery-adagum-valley-merlot-merlo-krasnoe-suhoe-11,olymp-winery-adagum-valley-merlot-merlo-krasnoe-suhoe-11.webp,Olymp Winery
olymp-winery-adagum-valley-pinot-noir-pino-nuar-krasnoe-suhoe-11,olymp-winery-adagum-valley-pinot-noir-pino-nuar-krasnoe-suhoe-11.webp,Olymp Winery
olymp-winery-adagum-valley-riesling-risling-reynskiy-beloe-suhoe-11,olymp-winery-adagum-valley-riesling-risling-reynskiy-beloe-suhoe-11.webp,Olymp Winery
olymp-winery-adagum-valley-rkatsiteli-rkatsiteli-beloe-suhoe-10,olymp-winery-adagum-valley-rkatsiteli-rkatsiteli-beloe-suhoe-10.webp,Olymp Winery
olymp-winery-adagum-valley-saperavi-saperavi-krasnoe-suhoe-12,olymp-winery-adagum-valley-saperavi-saperavi-krasnoe-suhoe-12.webp,Olymp Winery
agora-bastardo,agora-bastardo.webp,AGORA WINERY
agora-blek-stoun,agora-blek-stoun.webp,AGORA WINERY
agora-kaberne-sovinon,agora-kaberne-sovinon.webp,AGORA WINERY
agora-muskat-chernyj,agora-muskat-chernyj.webp,AGORA WINERY
agora-pino-nuar,agora-pino-nuar.webp,AGORA WINERY
agora-risling,agora-risling.webp,AGORA WINERY
agora-saperavi,agora-saperavi.webp,AGORA WINERY
agora-sovinon,agora-sovinon.webp,AGORA WINERY
agora-shardone,agora-shardone.webp,AGORA WINERY
valeriy-zaharin-albedo-reserve-sary-pandas-beloe-suhoe-115,valeriy-zaharin-albedo-reserve-sary-pandas-beloe-suhoe-115.webp,Валерий Захарьин
vino-nebo-aligote-sur-lie-aligote-beloe-suhoe-127,vino-nebo-aligote-sur-lie-aligote-beloe-suhoe-127.webp,Vino & Nebo
ferrum-winery-apollinary-merlo-krasnoe-suhoe-13,ferrum-winery-apollinary-merlo-krasnoe-suhoe-13.webp,Ferrum Winery
appassimento,appassimento.webp,WINEMAFIA
ivan-ksenia-kruz-argonne-chardonay-shardone-beloe-suhoe-127,ivan-ksenia-kruz-argonne-chardonay-shardone-beloe-suhoe-127.webp,Ivan & Ksenia Kruz
ivan-ksenia-kruz-argonne-pinot-noir-pino-nuar-rozovoe-suhoe-122,ivan-ksenia-kruz-argonne-pinot-noir-pino-nuar-rozovoe-suhoe-122.webp,Ivan & Ksenia Kruz
ivan-ksenia-kruz-argonne-riesling-risling-beloe-suhoe-119,ivan-ksenia-kruz-argonne-riesling-risling-beloe-suhoe-119.webp,Ivan & Ksenia Kruz
ivan-ksenia-kruz-argonne-sauvignon-blanc-sovinon-blan-beloe-suhoe-115,ivan-ksenia-kruz-argonne-sauvignon-blanc-sovinon-blan-beloe-suhoe-115.webp,Ivan & Ksenia Kruz
ivan-ksenia-kruz-argonne-syrah-sira-krasnoe-suhoe-124,ivan-ksenia-kruz-argonne-syrah-sira-krasnoe-suhoe-124.webp,Ivan & Ksenia Kruz
zolotaya-balka-black-prince-crimea-prestige-cuvee-extra-brut-limited-edition-shardone-beloe-ekstra-bryut-125,zolotaya-balka-black-prince-crimea-prestige-cuvee-extra-brut-limited-edition-shardone-beloe-ekstra-bryut-125.webp,Золотая Балка
usadba-perovskih-blanc-de-blancs-shardone-beloe-ekstra-bryut-11,usadba-perovskih-blanc-de-blancs-shardone-beloe-ekstra-bryut-11.webp,Усадьба Перовских
gunko-winery-blanc-de-blancs-shardone-beloe-bryut-12,gunko-winery-blanc-de-blancs-shardone-beloe-bryut-12.webp,Gunko Winery
vinodelnya-myshako-blanc-de-blancs-shardone-beloe-bryut-121,vinodelnya-myshako-blanc-de-blancs-shardone-beloe-bryut-121.webp,Мысхако
blanc-de-blancs-idolo,blanc-de-blancs-idolo.webp,Olymp Winery
loco-cimbali-blanc-de-neige-shardone-beloe-suhoe-131,loco-cimbali-blanc-de-neige-shardone-beloe-suhoe-131.webp,Loco Cimbali
zolotaya-balka-blanc-de-neige-shardone-beloe-suhoe-125,zolotaya-balka-blanc-de-neige-shardone-beloe-suhoe-125.webp,Золотая Балка
esse-blanc-de-noirs-pino-nuar-beloe-ekstra-bryut-115,esse-blanc-de-noirs-pino-nuar-beloe-ekstra-bryut-115.webp,ESSE
domaine-lipko-blaufrankisch-domaine-lipko-blaufrankish-krasnoe-suhoe-136,domaine-lipko-blaufrankisch-domaine-lipko-blaufrankish-krasnoe-suhoe-136.webp,Domaine Lipko
aya-organic-wine-vineyards-blush-1-sira-rozovoe-ekstra-bryut-135,aya-organic-wine-vineyards-blush-1-sira-rozovoe-ekstra-bryut-135.webp,AYA Organic Wine & Vineyards
aya-organic-wine-vineyards-blush-2-merlo-rozovoe-ekstra-bryut-135,aya-organic-wine-vineyards-blush-2-merlo-rozovoe-ekstra-bryut-135.webp,AYA Organic Wine & Vineyards
aya-organic-wine-vineyards-blush-3-kaberne-fran-rozovoe-ekstra-bryut-132,aya-organic-wine-vineyards-blush-3-kaberne-fran-rozovoe-ekstra-bryut-132.webp,AYA Organic Wine & Vineyards
aya-organic-wine-vineyards-blush-4-pino-nuar-krasnoe-ekstra-bryut-129,aya-organic-wine-vineyards-blush-4-pino-nuar-krasnoe-ekstra-bryut-129.webp,AYA Organic Wine & Vineyards
fanagoriya-brule-muscat-ottonel-brut-muskat-ottonel-beloe-polusladkoe-12,fanagoriya-brule-muscat-ottonel-brut-muskat-ottonel-beloe-polusladkoe-12.webp,Фанагория
fanagoriya-brule-sauvignon-blanc-brut-sovinon-blan-beloe-bryut-12,fanagoriya-brule-sauvignon-blanc-brut-sovinon-blan-beloe-bryut-12.webp,Фанагория
esse-brut-cuvee-prestige-shardone-beloe-ekstra-bryut-115,esse-brut-cuvee-prestige-shardone-beloe-ekstra-bryut-115.webp,ESSE
abrau-dyurso-brut-dor-blanc-de-noirs-pino-nuar-beloe-bryut-125,abrau-dyurso-brut-dor-blanc-de-noirs-pino-nuar-beloe-bryut-125.webp,Абрау-Дюрсо
abrau-dyurso-brut-dor-rose-pino-nuar-rozovoe-bryut-12,abrau-dyurso-brut-dor-rose-pino-nuar-rozovoe-bryut-12.webp,Абрау-Дюрсо
abrau-dyurso-brut-dor-blanc-de-blancs-shardone-beloe-bryut-125,abrau-dyurso-brut-dor-blanc-de-blancs-shardone-beloe-bryut-125.webp,Абрау-Дюрсо
abrau-dyurso-brut-dor-riesling-risling-beloe-bryut-12,abrau-dyurso-brut-dor-riesling-risling-beloe-bryut-12.webp,Абрау-Дюрсо
esse-brut-zero-dosage-shardone-beloe-ekstra-bryut-12,esse-brut-zero-dosage-shardone-beloe-ekstra-bryut-12.webp,ESSE
vibes-cabernet-franc-pinot-noir-pino-nuar-krasnoe-suhoe-125,vibes-cabernet-franc-pinot-noir-pino-nuar-krasnoe-suhoe-125.webp,Vibes
belmas-winery-cabernet-franc-belmas-kaberne-fran-krasnoe-suhoe-14,belmas-winery-cabernet-franc-belmas-kaberne-fran-krasnoe-suhoe-14.webp,Belmas Winery
belmas-winery-cabernet-sauvignon-rose-belmas-kaberne-sovinon-rozovoe-suhoe-13,belmas-winery-cabernet-sauvignon-rose-belmas-kaberne-sovinon-rozovoe-suhoe-13.webp,Belmas Winery
caucasian-dzharag,caucasian-dzharag.webp,Дербент Вино
belmas-winery-cf-kaberne-fran-krasnoe-suhoe-14,belmas-winery-cf-kaberne-fran-krasnoe-suhoe-14.webp,Belmas Winery
gavras-chardonnay-shardone-beloe-suhoe-13,gavras-chardonnay-shardone-beloe-suhoe-13.webp,GAVRAS
vibes-chardonnay-barrel-fermented-shardone-beloe-suhoe-125,vibes-chardonnay-barrel-fermented-shardone-beloe-suhoe-125.webp,Vibes
stn-winery-chardonnay-vol2-shardone-beloe-suhoe-105,stn-winery-chardonnay-vol2-shardone-beloe-suhoe-105.webp,STN Winery
esse-chenin-blanc-shenen-blan-beloe-suhoe-12,esse-chenin-blanc-shenen-blan-beloe-suhoe-12.webp,ESSE
vinodelnya-batrak-contadina-merlo-krasnoe-suhoe-14,vinodelnya-batrak-contadina-merlo-krasnoe-suhoe-14.webp,Винодельня Батрак
fanagoriya-cru-lermont-chardonnay-shardone-beloe-suhoe-14,fanagoriya-cru-lermont-chardonnay-shardone-beloe-suhoe-14.webp,Фанагория
fanagoriya-cru-lermont-petit-verdot-pti-verdo-krasnoe-suhoe-13,fanagoriya-cru-lermont-petit-verdot-pti-verdo-krasnoe-suhoe-13.webp,Фанагория
fanagoriya-cru-lermont-pinot-noir-pino-nuar-krasnoe-suhoe-13,fanagoriya-cru-lermont-pinot-noir-pino-nuar-krasnoe-suhoe-13.webp,Фанагория
fanagoriya-cru-lermont-saperavi-saperavi-krasnoe-suhoe-135,fanagoriya-cru-lermont-saperavi-saperavi-krasnoe-suhoe-135.webp,Фанагория
agora-winery-cuvee-pino-gridzhio-shardone-bryut-beloe-125,agora-winery-cuvee-pino-gridzhio-shardone-bryut-beloe-125.webp,AGORA WINERY
agora-winery-cuvee-pino-nuar-shardone-bryut-rozovoe-125,agora-winery-cuvee-pino-nuar-shardone-bryut-rozovoe-125.webp,AGORA WINERY
stn-winery-cyberpunk-pino-nuar-krasnoe-suhoe-12,stn-winery-cyberpunk-pino-nuar-krasnoe-suhoe-12.webp,STN Winery
david-2021,david-2021.webp,WINEMAFIA
esse-dolinnoe-cabernet-franc-kaberne-fran-krasnoe-suhoe-13,esse-dolinnoe-cabernet-franc-kaberne-fran-krasnoe-suhoe-13.webp,ESSE
esse-dolinnoe-chrdvnr-shardone-beloe-suhoe-13,esse-dolinnoe-chrdvnr-shardone-beloe-suhoe-13.webp,ESSE
dry-red-wine-56-rubinovyj-magaracha-oleg-repin,dry-red-wine-56-rubinovyj-magaracha-oleg-repin.webp,Oleg Repin
oleg-repin-duvankoy-aligote-aligote-beloe-suhoe-13,oleg-repin-duvankoy-aligote-aligote-beloe-suhoe-13.webp,Oleg Repin
vinogradniki-gay-kodzora-elegance-rose-de-gai-kodzor-sira-rozovoe-suhoe-125,vinogradniki-gay-kodzora-elegance-rose-de-gai-kodzor-sira-rozovoe-suhoe-125.webp,Виноградники Гай-Кодзора
eleonora,eleonora.webp,WINEMAFIA
esse-esse-grand-cuvee-60-shardone-beloe-ekstra-bryut-115,esse-esse-grand-cuvee-60-shardone-beloe-ekstra-bryut-115.webp,ESSE
esse-esse-millesime-brut-zero-dosage-shardone-beloe-ekstra-bryut-115,esse-esse-millesime-brut-zero-dosage-shardone-beloe-ekstra-bryut-115.webp,ESSE
esse-esse-rose-zero-dosage-shardone-rozovoe-ekstra-bryut-115,esse-esse-rose-zero-dosage-shardone-rozovoe-ekstra-bryut-115.webp,ESSE
esse-esse-sira-krasnoe-suhoe-12,esse-esse-sira-krasnoe-suhoe-12.webp,ESSE
esse-esse-shardone-beloe-suhoe-125,esse-esse-shardone-beloe-suhoe-125.webp,ESSE
aya-organic-wine-vineyards-evolution-chardonnay-shardone-beloe-suhoe-124,aya-organic-wine-vineyards-evolution-chardonnay-shardone-beloe-suhoe-124.webp,AYA Organic Wine & Vineyards
aya-organic-wine-vineyards-evolution-pinot-noir-pino-nuar-krasnoe-suhoe-125,aya-organic-wine-vineyards-evolution-pinot-noir-pino-nuar-krasnoe-suhoe-125.webp,AYA Organic Wine & Vineyards
shato-pino-exclusive-vione-risling-beloe-suhoe-115,shato-pino-exclusive-vione-risling-beloe-suhoe-115.webp,Шато Пино
shato-pino-exclusive-kaberne-sovinon-shiraz-krasnoe-suhoe-135,shato-pino-exclusive-kaberne-sovinon-shiraz-krasnoe-suhoe-135.webp,Шато Пино
shato-pino-exclusive-pino-nuar-merlo-krasnoe-suhoe-135,shato-pino-exclusive-pino-nuar-merlo-krasnoe-suhoe-135.webp,Шато Пино
shato-pino-exclusive-shardone-pino-gri-beloe-suhoe-125,shato-pino-exclusive-shardone-pino-gri-beloe-suhoe-125.webp,Шато Пино
vinodelnya-myshako-flute-blaufrankish-rozovoe-bryut-126,vinodelnya-myshako-flute-blaufrankish-rozovoe-bryut-126.webp,Мысхако
vinodelnya-myshako-flute-bryut-beloe-shardone-11,vinodelnya-myshako-flute-bryut-beloe-shardone-11.webp,Мысхако
vinodelnya-myshako-flute-vione-aligote-beloe-bryut-12,vinodelnya-myshako-flute-vione-aligote-beloe-bryut-12.webp,Мысхако
vinodelnya-myshako-flute-gevyurtstraminer-sovinon-blan-beloe-bryut-122,vinodelnya-myshako-flute-gevyurtstraminer-sovinon-blan-beloe-bryut-122.webp,Мысхако
vinogradniki-gay-kodzora-gewurztraminer-de-gai-kodzor-gevyurtstraminer-beloe-polusuhoe-135,vinogradniki-gay-kodzora-gewurztraminer-de-gai-kodzor-gevyurtstraminer-beloe-polusuhoe-135.webp,Виноградники Гай-Кодзора
glu-glu-butch,glu-glu-butch.webp,WINEMAFIA
good-steak-cabernet,good-steak-cabernet.webp,Olymp Winery
good-steak-merlot,good-steak-merlot.webp,Olymp Winery
grand-jete-blanc-de-noirs,grand-jete-blanc-de-noirs.webp,Галицкий и Галицкий
shato-pino-grand-reserve-cabernet-franc-kaberne-fran-krasnoe-suhoe-135,shato-pino-grand-reserve-cabernet-franc-kaberne-fran-krasnoe-suhoe-135.webp,Шато Пино
shato-pino-grand-reserve-cabernet-sauvignon-kaberne-sovinon-krasnoe-suhoe-135,shato-pino-grand-reserve-cabernet-sauvignon-kaberne-sovinon-krasnoe-suhoe-135.webp,Шато Пино
shato-pino-grand-reserve-chardonnay-shardone-beloe-suhoe-125,shato-pino-grand-reserve-chardonnay-shardone-beloe-suhoe-125.webp,Шато Пино
shato-pino-grand-reserve-pinot-noir-pino-nuar-krasnoe-suhoe-135,shato-pino-grand-reserve-pinot-noir-pino-nuar-krasnoe-suhoe-135.webp,Шато Пино
agrolayn-heritage-dg-skin-contact-rkatsiteli-rkatsiteli-beloe-suhoe-12,agrolayn-heritage-dg-skin-contact-rkatsiteli-rkatsiteli-beloe-suhoe-12.webp,Агролайн
fanagoriya-ice-wine-kaberne-kaberne-sovinon-krasnoe-sladkoe-11,fanagoriya-ice-wine-kaberne-kaberne-sovinon-krasnoe-sladkoe-11.webp,Фанагория
shato-pino-ice-wine-risling-risling-reynskiy-beloe-sladkoe-11,shato-pino-ice-wine-risling-risling-reynskiy-beloe-sladkoe-11.webp,Шато Пино
fanagoriya-ice-wine-risling-tihoe-beloe-sladkoe-10,fanagoriya-ice-wine-risling-tihoe-beloe-sladkoe-10.webp,Фанагория
fanagoriya-ice-wine-saperavi-tihoe-krasnoe-sladkoe-10,fanagoriya-ice-wine-saperavi-tihoe-krasnoe-sladkoe-10.webp,Фанагория
inkerman-shato-ruzh,inkerman-shato-ruzh.webp,Инкерманский ЗМВ
agrolayn-lame-du-vin-saperavi-krasnoe-suhoe-13,agrolayn-lame-du-vin-saperavi-krasnoe-suhoe-13.webp,Агролайн
oleg-repin-listva-cabernet-sauvignon-kaberne-sovinon-krasnoe-suhoe-14,oleg-repin-listva-cabernet-sauvignon-kaberne-sovinon-krasnoe-suhoe-14.webp,Oleg Repin
oleg-repin-listva-syrah-sira-krasnoe-suhoe-14,oleg-repin-listva-syrah-sira-krasnoe-suhoe-14.webp,Oleg Repin
locantita-sauvignon-blanc-chardonnay,locantita-sauvignon-blanc-chardonnay.webp,Alma Valley
locantita-more,locantita-more.webp,Скалистый берег
loco-cimbali-loco-cimbali-pinot-meunier-mene-krasnoe-suhoe-125,loco-cimbali-loco-cimbali-pinot-meunier-mene-krasnoe-suhoe-125.webp,Loco Cimbali
loco-cimbali-loco-cimbali-red-kaberne-sovinon-krasnoe-suhoe-135,loco-cimbali-loco-cimbali-red-kaberne-sovinon-krasnoe-suhoe-135.webp,Loco Cimbali
magnatum-cuvee-m-blanc-de-blancs,magnatum-cuvee-m-blanc-de-blancs.webp,Mantra Estate
magnatum-rose,magnatum-rose.webp,Mantra Estate
vinogradniki-gay-kodzora-malbec-de-gai-kodzor-malbek-krasnoe-suhoe-135,vinogradniki-gay-kodzora-malbec-de-gai-kodzor-malbek-krasnoe-suhoe-135.webp,Виноградники Гай-Кодзора
belmas-winery-malbec-katya-belmas-malbek-rozovoe-suhoe-11,belmas-winery-malbec-katya-belmas-malbek-rozovoe-suhoe-11.webp,Belmas Winery
vinogradniki-gay-kodzora-malbec-red-klen-de-gai-kodzor-malbek-krasnoe-suhoe-135,vinogradniki-gay-kodzora-malbec-red-klen-de-gai-kodzor-malbek-krasnoe-suhoe-135.webp,Виноградники Гай-Кодзора
domaine-de-la-vivandiere-malbec-vivandiere-roze-malbek-rozovoe-suhoe-125,domaine-de-la-vivandiere-malbec-vivandiere-roze-malbek-rozovoe-suhoe-125.webp,Domaine de la Vivandiere
esse-mama-marselan-krasnoe-suhoe-115,esse-mama-marselan-krasnoe-suhoe-115.webp,ESSE
mancopia-risling,mancopia-risling.webp,Mancopia
mancopia-sira,mancopia-sira.webp,Mancopia
mantra-blanc-de-blancs,mantra-blanc-de-blancs.webp,Mantra Estate
usadba-divnomorskoe-maris-blanc-de-blanc-extra-brut-shardone-beloe-ekstra-bryut-105,usadba-divnomorskoe-maris-blanc-de-blanc-extra-brut-shardone-beloe-ekstra-bryut-105.webp,Усадьба Дивноморское
usadba-divnomorskoe-maris-blanc-de-noirs-extra-brut-pino-nuar-beloe-ekstra-bryut-105,usadba-divnomorskoe-maris-blanc-de-noirs-extra-brut-pino-nuar-beloe-ekstra-bryut-105.webp,Усадьба Дивноморское
usadba-divnomorskoe-marselan-marselan-krasnoe-suhoe-149,usadba-divnomorskoe-marselan-marselan-krasnoe-suhoe-149.webp,Усадьба Дивноморское
gavras-masour-murvedr-rozovoe-suhoe-12,gavras-masour-murvedr-rozovoe-suhoe-12.webp,GAVRAS
usadba-divnomorskoe-merlot-merlo-krasnoe-suhoe-149,usadba-divnomorskoe-merlot-merlo-krasnoe-suhoe-149.webp,Усадьба Дивноморское
ferrum-winery-merlot-merlo-krasnoe-suhoe-13,ferrum-winery-merlot-merlo-krasnoe-suhoe-13.webp,Ferrum Winery
miroir-de-talu-merlot-cabernet-sauvignon,miroir-de-talu-merlot-cabernet-sauvignon.webp,Chateau de Talu
vinodelnya-batrak-monte-di-cammello-nuvola-bianca-risling-beloe-suhoe-12,vinodelnya-batrak-monte-di-cammello-nuvola-bianca-risling-beloe-suhoe-12.webp,Винодельня Батрак
monte-garu-beloe-bryut,monte-garu-beloe-bryut.webp,Дербент Вино
monte-garu-beloe-polusladkoe,monte-garu-beloe-polusladkoe.webp,Дербент Вино
vibes-montepulciano-cabernet-franc-petit-verdot-montepulchano-krasnoe-suhoe-125,vibes-montepulciano-cabernet-franc-petit-verdot-montepulchano-krasnoe-suhoe-125.webp,Vibes
gunko-winery-monumental-bryut-shardone-beloe-12,gunko-winery-monumental-bryut-shardone-beloe-12.webp,Gunko Winery
gunko-winery-monumental-saperavi-krasnoe-suhoe-145,gunko-winery-monumental-saperavi-krasnoe-suhoe-145.webp,Gunko Winery
agrolayn-mountain-eagle-aleatico-rose-aleatiko-rozovoe-suhoe-125,agrolayn-mountain-eagle-aleatico-rose-aleatiko-rozovoe-suhoe-125.webp,Агролайн
agrolayn-mountain-eagle-cabernet-sauvignon-kaberne-sovinon-krasnoe-suhoe-135,agrolayn-mountain-eagle-cabernet-sauvignon-kaberne-sovinon-krasnoe-suhoe-135.webp,Агролайн
agrolayn-mountain-eagle-chardonnay-shardone-beloe-suhoe-12,agrolayn-mountain-eagle-chardonnay-shardone-beloe-suhoe-12.webp,Агролайн
agrolayn-mountain-eagle-marselan-marselan-krasnoe-suhoe-13,agrolayn-mountain-eagle-marselan-marselan-krasnoe-suhoe-13.webp,Агролайн
agrolayn-mountain-eagle-muscat-muskat-beloe-suhoe-125,agrolayn-mountain-eagle-muscat-muskat-beloe-suhoe-125.webp,Агролайн
agrolayn-mountain-eagle-pedro-ximenez-pedro-himenes-beloe-suhoe-11,agrolayn-mountain-eagle-pedro-ximenez-pedro-himenes-beloe-suhoe-11.webp,Агролайн
agrolayn-mountain-eagle-saperavi-saperavi-krasnoe-suhoe-135,agrolayn-mountain-eagle-saperavi-saperavi-krasnoe-suhoe-135.webp,Агролайн
agrolayn-mountain-eagle-sauvignon-blanc-sovinon-blan-beloe-suhoe-125,agrolayn-mountain-eagle-sauvignon-blanc-sovinon-blan-beloe-suhoe-125.webp,Агролайн
agrolayn-mountain-eagle-viognier-vione-beloe-suhoe-115,agrolayn-mountain-eagle-viognier-vione-beloe-suhoe-115.webp,Агролайн
agrolayn-mountain-eagle-white-blend-vione-beloe-suhoe-115,agrolayn-mountain-eagle-white-blend-vione-beloe-suhoe-115.webp,Агролайн
andryus-yutsis-muscat-blanc-muskat-beloe-suhoe-112,andryus-yutsis-muscat-blanc-muskat-beloe-suhoe-112.webp,Andryus Yutsis
vinogradniki-gay-kodzora-muscat-de-gai-kodzor-sladkiy-muskat-aleksandriyskiy-beloe-sladkoe-14,vinogradniki-gay-kodzora-muscat-de-gai-kodzor-sladkiy-muskat-aleksandriyskiy-beloe-sladkoe-14.webp,Виноградники Гай-Кодзора
vinogradniki-gay-kodzora-muscat-ga-kodzor-muskat-melkozernistyy-beloe-suhoe-12,vinogradniki-gay-kodzora-muscat-ga-kodzor-muskat-melkozernistyy-beloe-suhoe-12.webp,Виноградники Гай-Кодзора
usadba-divnomorskoe-muscat-ottonel-muskat-ottonel-beloe-sladkoe-135,usadba-divnomorskoe-muscat-ottonel-muskat-ottonel-beloe-sladkoe-135.webp,Усадьба Дивноморское
golubitskoe-estate-noble-selection-red-blend-kaberne-sovinon-krasnoe-suhoe-136,golubitskoe-estate-noble-selection-red-blend-kaberne-sovinon-krasnoe-suhoe-136.webp,Golubitskoe Estate
golubitskoe-estate-noble-selection-white-blend-shardone-beloe-suhoe-135,golubitskoe-estate-noble-selection-white-blend-shardone-beloe-suhoe-135.webp,Golubitskoe Estate
esse-odessa-black-odesskiy-chernyy-krasnoe-suhoe-12,esse-odessa-black-odesskiy-chernyy-krasnoe-suhoe-12.webp,ESSE
opium,opium.webp,WINEMAFIA
andryus-yutsis-orange-vermentino-beloe-suhoe-112,andryus-yutsis-orange-vermentino-beloe-suhoe-112.webp,Andryus Yutsis
orange,orange.webp,WINEMAFIA
andryus-yutsis-organic-syrah-sira-krasnoe-suhoe-135,andryus-yutsis-organic-syrah-sira-krasnoe-suhoe-135.webp,Andryus Yutsis
fanagoriya-par-amour-pervenets-magaracha-beloe-polusladkoe-105-125,fanagoriya-par-amour-pervenets-magaracha-beloe-polusladkoe-105-125.webp,Фанагория
uppa-winery-pavel-shvets-cabernet-sauvignon-merlot-kaberne-sovinon-krasnoe-suhoe-14,uppa-winery-pavel-shvets-cabernet-sauvignon-merlot-kaberne-sovinon-krasnoe-suhoe-14.webp,Uppa Winery
domaine-lipko-penpalo-cabernet-sauvignon-domaine-lipko-kaberne-sovinon-krasnoe-suhoe-14,domaine-lipko-penpalo-cabernet-sauvignon-domaine-lipko-kaberne-sovinon-krasnoe-suhoe-14.webp,Domaine Lipko
domaine-lipko-penpalo-chardonnay-domaine-lipko-shardone-beloe-suhoe-122,domaine-lipko-penpalo-chardonnay-domaine-lipko-shardone-beloe-suhoe-122.webp,Domaine Lipko
domaine-lipko-penpalo-kaberne-sovinon-krasnoe-suhoe-14,domaine-lipko-penpalo-kaberne-sovinon-krasnoe-suhoe-14.webp,Domaine Lipko
vinodelnya-batrak-perfekt-klassik-kaberne-sovinon-krasnoe-suhoe-135,vinodelnya-batrak-perfekt-klassik-kaberne-sovinon-krasnoe-suhoe-135.webp,Винодельня Батрак
vinodelnya-batrak-perfekt-klassik-kaberne-fran-krasnoe-suhoe-135,vinodelnya-batrak-perfekt-klassik-kaberne-fran-krasnoe-suhoe-135.webp,Винодельня Батрак
vinodelnya-batrak-perfekt-klassik-merlo-krasnoe-suhoe-135,vinodelnya-batrak-perfekt-klassik-merlo-krasnoe-suhoe-135.webp,Винодельня Батрак
vinodelnya-batrak-perfekt-klassik-muskat-belyy-beloe-suhoe-125,vinodelnya-batrak-perfekt-klassik-muskat-belyy-beloe-suhoe-125.webp,Винодельня Батрак
vinodelnya-batrak-perfekt-klassik-muskat-rozovyy-rozovoe-suhoe-125,vinodelnya-batrak-perfekt-klassik-muskat-rozovyy-rozovoe-suhoe-125.webp,Винодельня Батрак
vinodelnya-batrak-perfekt-klassik-saperavi-krasnoe-suhoe-135,vinodelnya-batrak-perfekt-klassik-saperavi-krasnoe-suhoe-135.webp,Винодельня Батрак
vinodelnya-batrak-perfekt-klassik-sovinon-blan-beloe-suhoe-125,vinodelnya-batrak-perfekt-klassik-sovinon-blan-beloe-suhoe-125.webp,Винодельня Батрак
vinodelnya-batrak-perfekt-klassik-pino-nuar-krasnoe-suhoe-12,vinodelnya-batrak-perfekt-klassik-pino-nuar-krasnoe-suhoe-12.webp,Винодельня Батрак
esse-petit-verdot-pti-verdo-krasnoe-suhoe-13,esse-petit-verdot-pti-verdo-krasnoe-suhoe-13.webp,ESSE
domaine-lipko-petit-verdot-domaine-lipko-pti-verdo-krasnoe-suhoe-14,domaine-lipko-petit-verdot-domaine-lipko-pti-verdo-krasnoe-suhoe-14.webp,Domaine Lipko
zolotaya-balka-pink-sira-rozovoe-suhoe-13,zolotaya-balka-pink-sira-rozovoe-suhoe-13.webp,Золотая Балка
oleg-repin-pinot-blanc-pino-blan-beloe-suhoe-13,oleg-repin-pinot-blanc-pino-blan-beloe-suhoe-13.webp,Oleg Repin
andryus-yutsis-pinot-grigio-pino-gri-beloe-suhoe-125,andryus-yutsis-pinot-grigio-pino-gri-beloe-suhoe-125.webp,Andryus Yutsis
belmas-winery-pinot-gris-belmas-pino-gri-beloe-suhoe-122,belmas-winery-pinot-gris-belmas-pino-gri-beloe-suhoe-122.webp,Belmas Winery
oleg-repin-pinot-noir-pino-nuar-krasnoe-suhoe-135,oleg-repin-pinot-noir-pino-nuar-krasnoe-suhoe-135.webp,Oleg Repin
ferrum-winery-pinot-noir-pino-nuar-rozovoe-suhoe-13,ferrum-winery-pinot-noir-pino-nuar-rozovoe-suhoe-13.webp,Ferrum Winery
usadba-divnomorskoe-pinot-noir-pino-nuar-krasnoe-suhoe-12,usadba-divnomorskoe-pinot-noir-pino-nuar-krasnoe-suhoe-12.webp,Усадьба Дивноморское
domaine-lipko-pinot-noir-domaine-lipko-pino-nuar-krasnoe-suhoe-133,domaine-lipko-pinot-noir-domaine-lipko-pino-nuar-krasnoe-suhoe-133.webp,Domaine Lipko
oleg-repin-pinot-noir-v-pino-nuar-krasnoe-suhoe-125,oleg-repin-pinot-noir-v-pino-nuar-krasnoe-suhoe-125.webp,Oleg Repin
massandra-premium-sangiovese-sandzhoveze-krasnoe-suhoe-13,massandra-premium-sangiovese-sandzhoveze-krasnoe-suhoe-13.webp,Массандра
aya-organic-wine-vineyards-purity-in-merlot-merlo-rozovoe-suhoe-134,aya-organic-wine-vineyards-purity-in-merlot-merlo-rozovoe-suhoe-134.webp,AYA Organic Wine & Vineyards
aya-organic-wine-vineyards-purity-in-syrah-sira-krasnoe-suhoe-146,aya-organic-wine-vineyards-purity-in-syrah-sira-krasnoe-suhoe-146.webp,AYA Organic Wine & Vineyards
aya-organic-wine-vineyards-purity-in-syrah-sira-rozovoe-suhoe-132,aya-organic-wine-vineyards-purity-in-syrah-sira-rozovoe-suhoe-132.webp,AYA Organic Wine & Vineyards
aya-organic-wine-vineyards-purity-in-trinity-pino-nuar-rozovoe-suhoe-13,aya-organic-wine-vineyards-purity-in-trinity-pino-nuar-rozovoe-suhoe-13.webp,AYA Organic Wine & Vineyards
vinodelnya-myshako-quintessence-brut-vione-beloe-bryut-115,vinodelnya-myshako-quintessence-brut-vione-beloe-bryut-115.webp,Мысхако
vinodelnya-myshako-quintessence-brut-muskat-muskat-belyy-beloe-bryut-12,vinodelnya-myshako-quintessence-brut-muskat-muskat-belyy-beloe-bryut-12.webp,Мысхако
vinodelnya-myshako-quintessence-new-generation-brut-white-shardone-beloe-bryut-11,vinodelnya-myshako-quintessence-new-generation-brut-white-shardone-beloe-bryut-11.webp,Мысхако
vinodelnya-myshako-quintessence-new-generation-semi-dry-rose-pino-nuar-rozovoe-polusuhoe-11,vinodelnya-myshako-quintessence-new-generation-semi-dry-rose-pino-nuar-rozovoe-polusuhoe-11.webp,Мысхако
vinodelnya-myshako-quintessence-new-generation-semi-sweet-white-vione-beloe-polusladkoe-11,vinodelnya-myshako-quintessence-new-generation-semi-sweet-white-vione-beloe-polusladkoe-11.webp,Мысхако
vinodelnya-myshako-quintessence-new-generation-zinfandel-rozovoe-polusuhoe-115,vinodelnya-myshako-quintessence-new-generation-zinfandel-rozovoe-polusuhoe-115.webp,Мысхако
vinodelnya-myshako-quintessence-new-generation-risling-zekt-beloe-bryut-125,vinodelnya-myshako-quintessence-new-generation-risling-zekt-beloe-bryut-125.webp,Мысхако
vinodelnya-myshako-quintessence-new-generation-sovinon-blan-beloe-suhoe-122,vinodelnya-myshako-quintessence-new-generation-sovinon-blan-beloe-suhoe-122.webp,Мысхако
vinodelnya-myshako-quintessence-new-generation-tempranilo-krasnoe-suhoe-134,vinodelnya-myshako-quintessence-new-generation-tempranilo-krasnoe-suhoe-134.webp,Мысхако
vinodelnya-myshako-quintessence-reserve-pino-nuar-krasnoe-suhoe-148,vinodelnya-myshako-quintessence-reserve-pino-nuar-krasnoe-suhoe-148.webp,Мысхако
vinodelnya-myshako-quintessence-reserve-risling-krasnoe-suhoe-131,vinodelnya-myshako-quintessence-reserve-risling-krasnoe-suhoe-131.webp,Мысхако
vinodelnya-myshako-quintessence-shtorm-merlo-krasnoe-sladkoe-147,vinodelnya-myshako-quintessence-shtorm-merlo-krasnoe-sladkoe-147.webp,Мысхако
vinodelnya-myshako-quintessence-storm-pino-nuar-beloe-suhoe-128,vinodelnya-myshako-quintessence-storm-pino-nuar-beloe-suhoe-128.webp,Мысхако
vinodelnya-myshako-quintessence-storm-shiraz-krasnoe-polusuhoe-15,vinodelnya-myshako-quintessence-storm-shiraz-krasnoe-polusuhoe-15.webp,Мысхако
vinodelnya-myshako-quintessence-new-generation-kaberne-fran-krasnoe-suhoe-145,vinodelnya-myshako-quintessence-new-generation-kaberne-fran-krasnoe-suhoe-145.webp,Мысхако
vinodelnya-myshako-quintessence-aligote-beloe-suhoe-128,vinodelnya-myshako-quintessence-aligote-beloe-suhoe-128.webp,Мысхако
vinodelnya-myshako-quintessence-blaufrankish-rozovoe-bryut-115,vinodelnya-myshako-quintessence-blaufrankish-rozovoe-bryut-115.webp,Мысхако
vinodelnya-myshako-quintessence-vione-beloe-suhoe-128,vinodelnya-myshako-quintessence-vione-beloe-suhoe-128.webp,Мысхако
vinodelnya-myshako-quintessence-gevyurtstraminer-beloe-suhoe-128,vinodelnya-myshako-quintessence-gevyurtstraminer-beloe-suhoe-128.webp,Мысхако
vinodelnya-myshako-quintessence-zinfandel-krasnoe-suhoe-155,vinodelnya-myshako-quintessence-zinfandel-krasnoe-suhoe-155.webp,Мысхако
vinodelnya-myshako-quintessence-kaberne-sovinon-ripasso-krasnoe-suhoe-152,vinodelnya-myshako-quintessence-kaberne-sovinon-ripasso-krasnoe-suhoe-152.webp,Мысхако
vinodelnya-myshako-quintessence-karmener-krasnoe-suhoe-146,vinodelnya-myshako-quintessence-karmener-krasnoe-suhoe-146.webp,Мысхако
vinodelnya-myshako-quintessence-sovinon-blan-bryut-beloe-115,vinodelnya-myshako-quintessence-sovinon-blan-bryut-beloe-115.webp,Мысхако
usadba-divnomorskoe-rebo-rebo-krasnoe-suhoe-165,usadba-divnomorskoe-rebo-rebo-krasnoe-suhoe-165.webp,Усадьба Дивноморское
golubitskoe-estate-red-blend-kaberne-sovinon-krasnoe-suhoe-136,golubitskoe-estate-red-blend-kaberne-sovinon-krasnoe-suhoe-136.webp,Golubitskoe Estate
esse-ridicule-sira-krasnoe-suhoe-125,esse-ridicule-sira-krasnoe-suhoe-125.webp,ESSE
oleg-repin-riesling-risling-beloe-suhoe-125,oleg-repin-riesling-risling-beloe-suhoe-125.webp,Oleg Repin
ferrum-winery-riesling-risling-reynskiy-beloe-suhoe-11,ferrum-winery-riesling-risling-reynskiy-beloe-suhoe-11.webp,Ferrum Winery
vibes-riesling-silvaner-risling-beloe-suhoe-115,vibes-riesling-silvaner-risling-beloe-suhoe-115.webp,Vibes
belmas-winery-riesling-belmas-risling-beloe-suhoe-135,belmas-winery-riesling-belmas-risling-beloe-suhoe-135.webp,Belmas Winery
belmas-winery-riesling-katya-belmas-risling-beloe-suhoe-125,belmas-winery-riesling-katya-belmas-risling-beloe-suhoe-125.webp,Belmas Winery
domaine-lipko-riesling-m-domaine-lipko-risling-beloe-suhoe-102,domaine-lipko-riesling-m-domaine-lipko-risling-beloe-suhoe-102.webp,Domaine Lipko
usadba-divnomorskoe-rose-vione-rozovoe-suhoe-125,usadba-divnomorskoe-rose-vione-rozovoe-suhoe-125.webp,Усадьба Дивноморское
esse-rose-sira-rozovoe-suhoe-12,esse-rose-sira-rozovoe-suhoe-12.webp,ESSE
rose-roze-oleg-repin,rose-roze-oleg-repin.webp,Oleg Repin
esse-rose-cuvee-prestige-pino-nuar-rozovoe-bryut-115,esse-rose-cuvee-prestige-pino-nuar-rozovoe-bryut-115.webp,ESSE
vinogradniki-gay-kodzora-rose-cuvee-prestige-de-gai-kodzor-murvedr-rozovoe-suhoe-13,vinogradniki-gay-kodzora-rose-cuvee-prestige-de-gai-kodzor-murvedr-rozovoe-suhoe-13.webp,Виноградники Гай-Кодзора
vinogradniki-gay-kodzora-rose-de-gai-kodzor-grenash-rozovoe-suhoe-125,vinogradniki-gay-kodzora-rose-de-gai-kodzor-grenash-rozovoe-suhoe-125.webp,Виноградники Гай-Кодзора
vinodelnya-myshako-rose-de-noirs-pino-nuar-rozovoe-bryut-123,vinodelnya-myshako-rose-de-noirs-pino-nuar-rozovoe-bryut-123.webp,Мысхако
vinodelnya-myshako-rouge-de-noirs-merlo-krasnoe-bryut-13,vinodelnya-myshako-rouge-de-noirs-merlo-krasnoe-bryut-13.webp,Мысхако
valeriy-zaharin-rubedo-reserve-merlo-krasnoe-suhoe-13,valeriy-zaharin-rubedo-reserve-merlo-krasnoe-suhoe-13.webp,Валерий Захарьин
ruby,ruby.webp,WINEMAFIA
stn-winery-saignee-sira-rozovoe-suhoe-125,stn-winery-saignee-sira-rozovoe-suhoe-125.webp,STN Winery
esse-sangiovese-sandzhoveze-krasnoe-suhoe-135,esse-sangiovese-sandzhoveze-krasnoe-suhoe-135.webp,ESSE
ferrum-winery-saperavi-saperavi-krasnoe-suhoe-12,ferrum-winery-saperavi-saperavi-krasnoe-suhoe-12.webp,Ferrum Winery
oleg-repin-saperavi-carbonica-saperavi-krasnoe-suhoe-13,oleg-repin-saperavi-carbonica-saperavi-krasnoe-suhoe-13.webp,Oleg Repin
belmas-winery-sauvignon-blanc-belmas-sovinon-blan-beloe-suhoe-13,belmas-winery-sauvignon-blanc-belmas-sovinon-blan-beloe-suhoe-13.webp,Belmas Winery
vinogradniki-gay-kodzora-sauvignon-blanc-de-ga-kodzor-sovinon-blan-beloe-suhoe-12,vinogradniki-gay-kodzora-sauvignon-blanc-de-ga-kodzor-sovinon-blan-beloe-suhoe-12.webp,Виноградники Гай-Кодзора
domaine-lipko-sauvignon-blanc-domaine-lipko-sovinon-blan-beloe-suhoe-118,domaine-lipko-sauvignon-blanc-domaine-lipko-sovinon-blan-beloe-suhoe-118.webp,Domaine Lipko
belmas-winery-sauvignon-blanc-katya-belmas-sovinon-blan-beloe-suhoe-115,belmas-winery-sauvignon-blanc-katya-belmas-sovinon-blan-beloe-suhoe-115.webp,Belmas Winery
vinogradniki-gay-kodzora-semillion-de-gai-kodzor-semilon-beloe-sladkoe-12,vinogradniki-gay-kodzora-semillion-de-gai-kodzor-semilon-beloe-sladkoe-12.webp,Виноградники Гай-Кодзора
vinodelnya-myshako-sesto-senso-tropicheskiy-vzryv-gevyurtstraminer-beloe-suhoe-12,vinodelnya-myshako-sesto-senso-tropicheskiy-vzryv-gevyurtstraminer-beloe-suhoe-12.webp,Мысхако
vinodelnya-myshako-sesto-senso-tropicheskiy-vzryv-sovinon-blan-beloe-suhoe-12,vinodelnya-myshako-sesto-senso-tropicheskiy-vzryv-sovinon-blan-beloe-suhoe-12.webp,Мысхако
vinodelnya-myshako-sesto-senso-fruktovyy-vzryv-kaberne-sovinon-krasnoe-suhoe-155,vinodelnya-myshako-sesto-senso-fruktovyy-vzryv-kaberne-sovinon-krasnoe-suhoe-155.webp,Мысхако
vinodelnya-myshako-sesto-senso-yagodnyy-vzryv-merlo-rozovoe-suhoe-122,vinodelnya-myshako-sesto-senso-yagodnyy-vzryv-merlo-rozovoe-suhoe-122.webp,Мысхако
vibes-silvaner-silvaner-beloe-suhoe-125,vibes-silvaner-silvaner-beloe-suhoe-125.webp,Vibes
fanagoriya-solera-porto-negro-saperavi-krasnoe-suhoe-15,fanagoriya-solera-porto-negro-saperavi-krasnoe-suhoe-15.webp,Фанагория
fanagoriya-solera-saperavi-ruby-saperavi-krasnoe-suhoe-16,fanagoriya-solera-saperavi-ruby-saperavi-krasnoe-suhoe-16.webp,Фанагория
stn-winery-syrah-sira-krasnoe-suhoe-13,stn-winery-syrah-sira-krasnoe-suhoe-13.webp,STN Winery
domaine-lipko-syrah-domaine-lipko-sira-krasnoe-suhoe-14,domaine-lipko-syrah-domaine-lipko-sira-krasnoe-suhoe-14.webp,Domaine Lipko
belmas-winery-syrah-katya-belmas-sira-krasnoe-suhoe-125,belmas-winery-syrah-katya-belmas-sira-krasnoe-suhoe-125.webp,Belmas Winery
vinogradniki-gay-kodzora-terroir-blanc-de-ga-kodzor-semilon-beloe-suhoe-13,vinogradniki-gay-kodzora-terroir-blanc-de-ga-kodzor-semilon-beloe-suhoe-13.webp,Виноградники Гай-Кодзора
vinogradniki-gay-kodzora-terroir-de-gai-kodzor-sira-krasnoe-suhoe-14,vinogradniki-gay-kodzora-terroir-de-gai-kodzor-sira-krasnoe-suhoe-14.webp,Виноградники Гай-Кодзора
vinogradniki-gay-kodzora-terroir-red-klyon-de-ga-kodzor-sira-krasnoe-suhoe-14,vinogradniki-gay-kodzora-terroir-red-klyon-de-ga-kodzor-sira-krasnoe-suhoe-14.webp,Виноградники Гай-Кодзора
golubitskoe-estate-tte-de-cheval-blanc-de-blancs-shardone-beloe-bryut-12,golubitskoe-estate-tte-de-cheval-blanc-de-blancs-shardone-beloe-bryut-12.webp,Golubitskoe Estate
golubitskoe-estate-tte-de-cheval-reserve-risling-beloe-bryut-125,golubitskoe-estate-tte-de-cheval-reserve-risling-beloe-bryut-125.webp,Golubitskoe Estate
golubitskoe-estate-tte-de-cheval-zero-dosage-ekstra-bryut-sovinon-blan-beloe-12,golubitskoe-estate-tte-de-cheval-zero-dosage-ekstra-bryut-sovinon-blan-beloe-12.webp,Golubitskoe Estate
golubitskoe-estate-tte-de-cheval-bryut-risling-beloe-12,golubitskoe-estate-tte-de-cheval-bryut-risling-beloe-12.webp,Golubitskoe Estate
golubitskoe-estate-tte-de-chevall-roze-pino-nuar-rozovoe-bryut-12,golubitskoe-estate-tte-de-chevall-roze-pino-nuar-rozovoe-bryut-12.webp,Golubitskoe Estate
stn-winery-traminer-traminer-beloe-suhoe-13,stn-winery-traminer-traminer-beloe-suhoe-13.webp,STN Winery
uva-vallis-risling,uva-vallis-risling.webp,Uva Vallis
uva-vallis-sira,uva-vallis-sira.webp,Uva Vallis
uva-vallis-sovinon-blan,uva-vallis-sovinon-blan.webp,Uva Vallis
fanagoriya-velvet-season-risling-beloe-sladkoe-12,fanagoriya-velvet-season-risling-beloe-sladkoe-12.webp,Фанагория
fanagoriya-velvet-season-muskat-ottonel-beloe-sladkoe-13,fanagoriya-velvet-season-muskat-ottonel-beloe-sladkoe-13.webp,Фанагория
vibes-vermentino-viognier-barrel-fermented-vermentino-beloe-suhoe-115,vibes-vermentino-viognier-barrel-fermented-vermentino-beloe-suhoe-115.webp,Vibes
agrolayn-vexillum-blanc-de-blancs-shardone-beloe-bryut-115,agrolayn-vexillum-blanc-de-blancs-shardone-beloe-bryut-115.webp,Агролайн
agrolayn-vexillum-blanc-de-noirs-pino-nuar-beloe-bryut-12,agrolayn-vexillum-blanc-de-noirs-pino-nuar-beloe-bryut-12.webp,Агролайн
abrau-dyurso-victor-dravigny-brut-shardone-beloe-bryut-12,abrau-dyurso-victor-dravigny-brut-shardone-beloe-bryut-12.webp,Абрау-Дюрсо
abrau-dyurso-victor-dravigny-brut-rose-pino-nuar-rozovoe-bryut-12,abrau-dyurso-victor-dravigny-brut-rose-pino-nuar-rozovoe-bryut-12.webp,Абрау-Дюрсо
abrau-dyurso-victor-dravigny-extra-brut-shardone-beloe-bryut-125,abrau-dyurso-victor-dravigny-extra-brut-shardone-beloe-bryut-125.webp,Абрау-Дюрсо
abrau-dyurso-victor-dravigny-krasnoe-polusladkoe-kaberne-sovinon-125,abrau-dyurso-victor-dravigny-krasnoe-polusladkoe-kaberne-sovinon-125.webp,Абрау-Дюрсо
belmas-winery-viognier-belmas-vione-beloe-suhoe-122,belmas-winery-viognier-belmas-vione-beloe-suhoe-122.webp,Belmas Winery
vinogradniki-gay-kodzora-viognier-de-ga-kodzor-vione-beloe-suhoe-125,vinogradniki-gay-kodzora-viognier-de-ga-kodzor-vione-beloe-suhoe-125.webp,Виноградники Гай-Кодзора
belmas-winery-viognier-katya-belmas-vione-beloe-suhoe-135,belmas-winery-viognier-katya-belmas-vione-beloe-suhoe-135.webp,Belmas Winery
vinodelnya-batrak-vitale-kraft-kaberne-sovinon-krasnoe-suhoe-14,vinodelnya-batrak-vitale-kraft-kaberne-sovinon-krasnoe-suhoe-14.webp,Винодельня Батрак
domaine-de-la-vivandiere-vn-beloe-aligote-suhoe-131,domaine-de-la-vivandiere-vn-beloe-aligote-suhoe-131.webp,Domaine de la Vivandiere
domaine-de-la-vivandiere-vn-krasnoe-pino-nuar-suhoe-12,domaine-de-la-vivandiere-vn-krasnoe-pino-nuar-suhoe-12.webp,Domaine de la Vivandiere
usadba-divnomorskoe-west-hill-blend-kaberne-sovinon-krasnoe-suhoe-145,usadba-divnomorskoe-west-hill-blend-kaberne-sovinon-krasnoe-suhoe-145.webp,Усадьба Дивноморское
domaine-lipko-white-blend-muskat-beloe-polusuhoe-12,domaine-lipko-white-blend-muskat-beloe-polusuhoe-12.webp,Domaine Lipko
domaine-lipko-white-blend-lipko-muskat-belyy-beloe-polusuhoe-115,domaine-lipko-white-blend-lipko-muskat-belyy-beloe-polusuhoe-115.webp,Domaine Lipko
stn-winery-wiess-risling-beloe-suhoe-12,stn-winery-wiess-risling-beloe-suhoe-12.webp,STN Winery
golubitskoe-estate-winery-series-pino-nuar-rozovoe-suhoe-115,golubitskoe-estate-winery-series-pino-nuar-rozovoe-suhoe-115.webp,Golubitskoe Estate
golubitskoe-estate-winery-series-risling-reynskiy-beloe-suhoe-125,golubitskoe-estate-winery-series-risling-reynskiy-beloe-suhoe-125.webp,Golubitskoe Estate
golubitskoe-estate-winery-series-roze-blend-kaberne-sovinon-rozovoe-suhoe-117,golubitskoe-estate-winery-series-roze-blend-kaberne-sovinon-rozovoe-suhoe-117.webp,Golubitskoe Estate
zolotaya-balka-zb-frizzante-dry-risling-beloe-suhoe-10,zolotaya-balka-zb-frizzante-dry-risling-beloe-suhoe-10.webp,Золотая Балка
zolotaya-balka-zb-frizzante-semi-dry-rose-risling-rozovoe-polusuhoe-10,zolotaya-balka-zb-frizzante-semi-dry-rose-risling-rozovoe-polusuhoe-10.webp,Золотая Балка
zolotaya-balka-zb-moscato-semi-sweet-rose-muskat-yantarnyy-rozovoe-polusladkoe-9,zolotaya-balka-zb-moscato-semi-sweet-rose-muskat-yantarnyy-rozovoe-polusladkoe-9.webp,Золотая Балка
zolotaya-balka-zb-spumante-brut-risling-beloe-bryut-125,zolotaya-balka-zb-spumante-brut-risling-beloe-bryut-125.webp,Золотая Балка
zolotaya-balka-zb-spumante-semi-dry-risling-beloe-polusuhoe-125,zolotaya-balka-zb-spumante-semi-dry-risling-beloe-polusuhoe-125.webp,Золотая Балка
zolotaya-balka-zb-wine-riesling-risling-beloe-polusuhoe-115,zolotaya-balka-zb-wine-riesling-risling-beloe-polusuhoe-115.webp,Золотая Балка
zolotaya-balka-zb-wine-sauvignon-blanc-sovinon-blan-beloe-suhoe-125,zolotaya-balka-zb-wine-sauvignon-blanc-sovinon-blan-beloe-suhoe-125.webp,Золотая Балка
abrau-dyurso-udelnoe-vedomstvo-imperatorskoe-beloe-polusladkoe,abrau-dyurso-udelnoe-vedomstvo-imperatorskoe-beloe-polusladkoe.webp,Абрау-Дюрсо
abrau-dyurso-abrau-dyurso-pino-nuar-krasnoe-suhoe-13,abrau-dyurso-abrau-dyurso-pino-nuar-krasnoe-suhoe-13.webp,Абрау-Дюрсо
sober-bash-avrora-2024-krasnostop-zolotovskiy-rozovoe-suhoe-14,sober-bash-avrora-2024-krasnostop-zolotovskiy-rozovoe-suhoe-14.webp,Собер Баш
valeriy-zaharin-avtorskoe-vino-ot-valeriya-zaharina-aleatiko-rozovoe-suhoe-115,valeriy-zaharin-avtorskoe-vino-ot-valeriya-zaharina-aleatiko-rozovoe-suhoe-115.webp,Валерий Захарьин
valeriy-zaharin-avtorskoe-vino-ot-valeriya-zaharina-bastardo-bastardo-magarachskiy-krasnoe-suhoe-12,valeriy-zaharin-avtorskoe-vino-ot-valeriya-zaharina-bastardo-bastardo-magarachskiy-krasnoe-suhoe-12.webp,Валерий Захарьин
valeriy-zaharin-avtorskoe-vino-ot-valeriya-zaharina-krasnoe-pino-nuar-suhoe-125,valeriy-zaharin-avtorskoe-vino-ot-valeriya-zaharina-krasnoe-pino-nuar-suhoe-125.webp,Валерий Захарьин
massandra-avtorskoe-murvedr-krasnoe-suhoe-14,massandra-avtorskoe-murvedr-krasnoe-suhoe-14.webp,Массандра
avtorskoe-risling,avtorskoe-risling.webp,Olymp Winery
valeriy-zaharin-avtohtonnoe-vino-kryma-ot-valeriya-zaharina-aleatiko-kefesiya-rozovoe-suhoe-11,valeriy-zaharin-avtohtonnoe-vino-kryma-ot-valeriya-zaharina-aleatiko-kefesiya-rozovoe-suhoe-11.webp,Валерий Захарьин
valeriy-zaharin-avtohtonnoe-vino-kryma-ot-valeriya-zaharina-bastardo-kefesiya-bastardo-magarachskiy-krasnoe-suhoe-115,valeriy-zaharin-avtohtonnoe-vino-kryma-ot-valeriya-zaharina-bastardo-kefesiya-bastardo-magarachskiy-krasnoe-suhoe-115.webp,Валерий Захарьин
valeriy-zaharin-avtohtonnoe-vino-kryma-ot-valeriya-zaharina-kefesiya-rezerv-krasnoe-suhoe-13,valeriy-zaharin-avtohtonnoe-vino-kryma-ot-valeriya-zaharina-kefesiya-rezerv-krasnoe-suhoe-13.webp,Валерий Захарьин
valeriy-zaharin-avtohtonnoe-vino-kryma-ot-valeriya-zaharina-kokur-sary-pandas-kokur-belyy-beloe-suhoe-115,valeriy-zaharin-avtohtonnoe-vino-kryma-ot-valeriya-zaharina-kokur-sary-pandas-kokur-belyy-beloe-suhoe-115.webp,Валерий Захарьин
valeriy-zaharin-avtohtonnoe-vino-kryma-avtorskiy-kupazh-bastardo-saperavi-kefesiya-bastardo-magarachskiy-krasnoe-suhoe-12,valeriy-zaharin-avtohtonnoe-vino-kryma-avtorskiy-kupazh-bastardo-saperavi-kefesiya-bastardo-magarachskiy-krasnoe-suhoe-12.webp,Валерий Захарьин
valeriy-zaharin-avtohtonnoe-vino-kryma-sary-pandas-rezerv-beloe-suhoe-115,valeriy-zaharin-avtohtonnoe-vino-kryma-sary-pandas-rezerv-beloe-suhoe-115.webp,Валерий Захарьин
vinodelnya-krinitsa-azyur-vione-beloe-suhoe-12,vinodelnya-krinitsa-azyur-vione-beloe-suhoe-12.webp,Криница
valeriy-zaharin-aleatiko-kefesiya-avtohtonnoe-vino-kryma-ot-valeriya-zaharina-rozovoe-suhoe-125,valeriy-zaharin-aleatiko-kefesiya-avtohtonnoe-vino-kryma-ot-valeriya-zaharina-rozovoe-suhoe-125.webp,Валерий Захарьин
abrau-dyurso-aleksandr-ii-magnum-shardone-beloe-bryut-125,abrau-dyurso-aleksandr-ii-magnum-shardone-beloe-bryut-125.webp,Абрау-Дюрсо
chateau-andre-aligote-beloe-suhoe-13,chateau-andre-aligote-beloe-suhoe-13.webp,Chateau Andre
vaynkraft-aligote-beloe-suhoe-125,vaynkraft-aligote-beloe-suhoe-125.webp,ВайнКрафт
belbek-aligote-beloe-suhoe-125,belbek-aligote-beloe-suhoe-125.webp,Бельбек
vinabani-aligote-beloe-suhoe-12,vinabani-aligote-beloe-suhoe-12.webp,VinaBani
shato-pino-aligote-rkatsiteli-beloe-suhoe-12,shato-pino-aligote-rkatsiteli-beloe-suhoe-12.webp,Шато Пино
shato-pino-aligote-rkatsiteli-suhoe-beloe-12,shato-pino-aligote-rkatsiteli-suhoe-beloe-12.webp,Шато Пино
vinodelnya-myshako-aligote-vione-kyuve-beloe-polusladkoe-125,vinodelnya-myshako-aligote-vione-kyuve-beloe-polusladkoe-125.webp,Мысхако
vinodelnya-78-aligote-otbornoe-beloe-suhoe-12,vinodelnya-78-aligote-otbornoe-beloe-suhoe-12.webp,Винодельня 78
valeriy-zaharin-aligote-avtorskoe-valeriy-zaharin-beloe-bryut-115,valeriy-zaharin-aligote-avtorskoe-valeriy-zaharin-beloe-bryut-115.webp,Валерий Захарьин
valeriy-zaharin-aligote-burlyuk-beloe-bryut-115,valeriy-zaharin-aligote-burlyuk-beloe-bryut-115.webp,Валерий Захарьин
valeriy-zaharin-aligote-burlyuk-beloe-suhoe-13,valeriy-zaharin-aligote-burlyuk-beloe-suhoe-13.webp,Валерий Захарьин
valeriy-zaharin-aligote-valeriy-zaharin-beloe-suhoe-13,valeriy-zaharin-aligote-valeriy-zaharin-beloe-suhoe-13.webp,Валерий Захарьин
domaine-de-la-vivandiere-alkomishka-malbek-krasnoe-suhoe-123,domaine-de-la-vivandiere-alkomishka-malbek-krasnoe-suhoe-123.webp,Domaine de la Vivandiere
vinodelnya-krinitsa-arena-sira-krasnoe-suhoe-13,vinodelnya-krinitsa-arena-sira-krasnoe-suhoe-13.webp,Криница
gavras-areni-krasnoe-suhoe-13,gavras-areni-krasnoe-suhoe-13.webp,GAVRAS
dva-serdtsa-arinarnoa-kaberne-sovinon-krasnoe-suhoe-135,dva-serdtsa-arinarnoa-kaberne-sovinon-krasnoe-suhoe-135.webp,Два Сердца
kuban-vino-aristov-8-byanko-shardone-beloe-suhoe-8,kuban-vino-aristov-8-byanko-shardone-beloe-suhoe-8.webp,Кубань-Вино
kuban-vino-aristov-8-byanko-07-shardone-beloe-suhoe-8,kuban-vino-aristov-8-byanko-07-shardone-beloe-suhoe-8.webp,Кубань-Вино
kuban-vino-aristov-8-roze-merlo-rozovoe-suhoe-8,kuban-vino-aristov-8-roze-merlo-rozovoe-suhoe-8.webp,Кубань-Вино
kuban-vino-aristov-8-roze-07-merlo-rozovoe-suhoe-8,kuban-vino-aristov-8-roze-07-merlo-rozovoe-suhoe-8.webp,Кубань-Вино
kuban-vino-aristov-amata-byanko-shardone-beloe-suhoe-125,kuban-vino-aristov-amata-byanko-shardone-beloe-suhoe-125.webp,Кубань-Вино
kuban-vino-aristov-amata-roze-kaberne-sovinon-rozovoe-suhoe-13,kuban-vino-aristov-amata-roze-kaberne-sovinon-rozovoe-suhoe-13.webp,Кубань-Вино
kuban-vino-aristov-amata-rosso-kaberne-sovinon-krasnoe-suhoe-145,kuban-vino-aristov-amata-rosso-kaberne-sovinon-krasnoe-suhoe-145.webp,Кубань-Вино
kuban-vino-aristov-anima-michela-2023-sandzhoveze-krasnoe-suhoe-115,kuban-vino-aristov-anima-michela-2023-sandzhoveze-krasnoe-suhoe-115.webp,Кубань-Вино
kuban-vino-aristov-anima-pino-gridzhio-beloe-suhoe-12,kuban-vino-aristov-anima-pino-gridzhio-beloe-suhoe-12.webp,Кубань-Вино
kuban-vino-aristov-anima-pino-gridzhio-blash-rozovoe-suhoe-125,kuban-vino-aristov-anima-pino-gridzhio-blash-rozovoe-suhoe-125.webp,Кубань-Вино
kuban-vino-aristov-anima-pino-nero-sandzhoveze-pino-nuar-krasnoe-suhoe-125,kuban-vino-aristov-anima-pino-nero-sandzhoveze-pino-nuar-krasnoe-suhoe-125.webp,Кубань-Вино
kuban-vino-aristov-byanko-shardone-beloe-suhoe-13,kuban-vino-aristov-byanko-shardone-beloe-suhoe-13.webp,Кубань-Вино
kuban-vino-aristov-byanko-polusladkoe-shardone-beloe-13,kuban-vino-aristov-byanko-polusladkoe-shardone-beloe-13.webp,Кубань-Вино
kuban-vino-aristov-verde-muskat-beloe-polusuhoe-11,kuban-vino-aristov-verde-muskat-beloe-polusuhoe-11.webp,Кубань-Вино
kuban-vino-aristov-kaberne-sovinon-krasnoe-suhoe-13,kuban-vino-aristov-kaberne-sovinon-krasnoe-suhoe-13.webp,Кубань-Вино
kuban-vino-aristov-risling-beloe-suhoe-115,kuban-vino-aristov-risling-beloe-suhoe-115.webp,Кубань-Вино
kuban-vino-aristov-rosso-polusladkoe-saperavi-krasnoe-13,kuban-vino-aristov-rosso-polusladkoe-saperavi-krasnoe-13.webp,Кубань-Вино
kuban-vino-aristov-sandzhoveze-krasnoe-suhoe-13,kuban-vino-aristov-sandzhoveze-krasnoe-suhoe-13.webp,Кубань-Вино
kuban-vino-aristov-tsvaygelt-320-rozovoe-suhoe-125,kuban-vino-aristov-tsvaygelt-320-rozovoe-suhoe-125.webp,Кубань-Вино
kuban-vino-aristov-shardone-318-beloe-suhoe-115,kuban-vino-aristov-shardone-318-beloe-suhoe-115.webp,Кубань-Вино
vinodelnya-krinitsa-aroma-pti-mansen-beloe-sladkoe-137,vinodelnya-krinitsa-aroma-pti-mansen-beloe-sladkoe-137.webp,Криница
vina-arpachina-arpachino-aligote-ekstra-bryut-beloe-115,vina-arpachina-arpachino-aligote-ekstra-bryut-beloe-115.webp,Вина Арпачина
vina-arpachina-arpachino-inohodets-puhlyakovskiy-beloe-ekstra-bryut-125,vina-arpachina-arpachino-inohodets-puhlyakovskiy-beloe-ekstra-bryut-125.webp,Вина Арпачина
vina-arpachina-arpachino-inohodets-sibirkovyy-beloe-ekstra-bryut-125,vina-arpachina-arpachino-inohodets-sibirkovyy-beloe-ekstra-bryut-125.webp,Вина Арпачина
vina-arpachina-arpachino-inohodets-kumshatskiy-beloe-ekstra-bryut-125,vina-arpachina-arpachino-inohodets-kumshatskiy-beloe-ekstra-bryut-125.webp,Вина Арпачина
vina-arpachina-arpachino-inohodets-aligote-beloe-ekstra-bryut-125,vina-arpachina-arpachino-inohodets-aligote-beloe-ekstra-bryut-125.webp,Вина Арпачина
vina-arpachina-arpachino-tsimlyanskiy-chernyy-rozovoe-ekstra-bryut-13,vina-arpachina-arpachino-tsimlyanskiy-chernyy-rozovoe-ekstra-bryut-13.webp,Вина Арпачина
stn-winery-arhitektor-sira-krasnoe-suhoe-12,stn-winery-arhitektor-sira-krasnoe-suhoe-12.webp,STN Winery
denisov-winery-assamblyazh-rubin-golodrigi-rozovoe-suhoe-12,denisov-winery-assamblyazh-rubin-golodrigi-rozovoe-suhoe-12.webp,Denisov Winery
vinodelnya-marko-assamblyazh-kaberne-sovinon-krasnoe-suhoe-14,vinodelnya-marko-assamblyazh-kaberne-sovinon-krasnoe-suhoe-14.webp,Винодельня Марко
sober-bash-afa-kaberne-sovinon-krasnoe-suhoe-125,sober-bash-afa-kaberne-sovinon-krasnoe-suhoe-125.webp,Собер Баш
valeriy-zaharin-bakkal-su-aligote-beloe-suhoe-115,valeriy-zaharin-bakkal-su-aligote-beloe-suhoe-115.webp,Валерий Захарьин
valeriy-zaharin-bakkal-su-kaberne-kaberne-sovinon-krasnoe-suhoe-125,valeriy-zaharin-bakkal-su-kaberne-kaberne-sovinon-krasnoe-suhoe-125.webp,Валерий Захарьин
valeriy-zaharin-bakkal-su-saperavi-bastardo-kaberne-sovinon-krasnoe-polusladkoe-11,valeriy-zaharin-bakkal-su-saperavi-bastardo-kaberne-sovinon-krasnoe-polusladkoe-11.webp,Валерий Захарьин
valeriy-zaharin-bakkal-su-muskat-ottonel-beloe-polusladkoe-115,valeriy-zaharin-bakkal-su-muskat-ottonel-beloe-polusladkoe-115.webp,Валерий Захарьин
valeriy-zaharin-bakkal-su-saperavi-kaberne-sovinon-krasnoe-suhoe-12,valeriy-zaharin-bakkal-su-saperavi-kaberne-sovinon-krasnoe-suhoe-12.webp,Валерий Захарьин
balaklava-muskat-beloe-polusladkoe,balaklava-muskat-beloe-polusladkoe.webp,Золотая Балка
barhat,barhat.webp,WINEMAFIA
massandra-bastardo-bastardo-magarachskiy-krasnoe-sladkoe-16,massandra-bastardo-bastardo-magarachskiy-krasnoe-sladkoe-16.webp,Массандра
valeriy-zaharin-bastardo-kefesiya-avtohtonnoe-vino-kryma-bastardo-magarachskiy-krasnoe-suhoe-115,valeriy-zaharin-bastardo-kefesiya-avtohtonnoe-vino-kryma-bastardo-magarachskiy-krasnoe-suhoe-115.webp,Валерий Захарьин
levokumskoe-beloe-rkatsiteli-suhoe-10,levokumskoe-beloe-rkatsiteli-suhoe-10.webp,Левокумское
belbek-beloe-suhoe-kaberne-sovinon-krasnoe-14,belbek-beloe-suhoe-kaberne-sovinon-krasnoe-14.webp,Бельбек
belbek-belbek-kaberne-fran-krasnoe-suhoe-13,belbek-belbek-kaberne-fran-krasnoe-suhoe-13.webp,Бельбек
belbek-belbek-meritazh-kaberne-sovinon-krasnoe-suhoe-135,belbek-belbek-meritazh-kaberne-sovinon-krasnoe-suhoe-135.webp,Бельбек
belbek-belbek-merlo-krasnoe-suhoe-129,belbek-belbek-merlo-krasnoe-suhoe-129.webp,Бельбек
belbek-belbek-muskat-beloe-suhoe-128,belbek-belbek-muskat-beloe-suhoe-128.webp,Бельбек
belbek-belbek-pino-nuar-krasnoe-suhoe-13,belbek-belbek-pino-nuar-krasnoe-suhoe-13.webp,Бельбек
belbek-belbek-pti-verdo-krasnoe-suhoe-121,belbek-belbek-pti-verdo-krasnoe-suhoe-121.webp,Бельбек
belbek-belbek-risling-beloe-suhoe-128,belbek-belbek-risling-beloe-suhoe-128.webp,Бельбек
belbek-belbek-risling-rezerv-beloe-suhoe-13,belbek-belbek-risling-rezerv-beloe-suhoe-13.webp,Бельбек
belbek-belbek-rkatsiteli-barrik-beloe-suhoe-13,belbek-belbek-rkatsiteli-barrik-beloe-suhoe-13.webp,Бельбек
belbek-belbek-roze-pino-nuar-rozovoe-suhoe-129,belbek-belbek-roze-pino-nuar-rozovoe-suhoe-129.webp,Бельбек
belbek-belbek-sandzhoveze-krasnoe-suhoe-138,belbek-belbek-sandzhoveze-krasnoe-suhoe-138.webp,Бельбек
belbek-belbek-saperavi-rezerv-krasnoe-suhoe-14,belbek-belbek-saperavi-rezerv-krasnoe-suhoe-14.webp,Бельбек
belbek-belbek-sira-krasnoe-suhoe-132,belbek-belbek-sira-krasnoe-suhoe-132.webp,Бельбек
belbek-belbek-fiolent-muskat-beloe-polusladkoe-125,belbek-belbek-fiolent-muskat-beloe-polusladkoe-125.webp,Бельбек
chateau-de-talu-blan-semilon-beloe-suhoe-127,chateau-de-talu-blan-semilon-beloe-suhoe-127.webp,Chateau de Talu
blan-de-blan,blan-de-blan.webp,Скалистый берег
shato-pino-blan-de-blan-shardone-beloe-ekstra-bryut-12,shato-pino-blan-de-blan-shardone-beloe-ekstra-bryut-12.webp,Шато Пино
vaynkraft-blan-pino-nuar-beloe-suhoe-12,vaynkraft-blan-pino-nuar-beloe-suhoe-12.webp,ВайнКрафт
domaine-lipko-blaufrankish-krasnoe-suhoe-126,domaine-lipko-blaufrankish-krasnoe-suhoe-126.webp,Domaine Lipko
stn-winery-bratstvo-kochergi-pino-nuar-krasnoe-suhoe-12,stn-winery-bratstvo-kochergi-pino-nuar-krasnoe-suhoe-12.webp,STN Winery
rem-akchurin-bryut-roze-pino-nuar-rozovoe-129,rem-akchurin-bryut-roze-pino-nuar-rozovoe-129.webp,Rem Akchurin
gunko-winery-bryut-roze-pino-nuar-rozovoe-12,gunko-winery-bryut-roze-pino-nuar-rozovoe-12.webp,Gunko Winery
vinodelnya-byurne-vione-beloe-suhoe-135,vinodelnya-byurne-vione-beloe-suhoe-135.webp,Винодельня Бюрнье
vinodelnya-byurne-kaberne-sovinon-krasnoe-suhoe-135,vinodelnya-byurne-kaberne-sovinon-krasnoe-suhoe-135.webp,Винодельня Бюрнье
vinodelnya-byurne-kaberne-fran-krasnoe-suhoe-135,vinodelnya-byurne-kaberne-fran-krasnoe-suhoe-135.webp,Винодельня Бюрнье
vinodelnya-byurne-krasnostop-krasnoe-suhoe-145,vinodelnya-byurne-krasnostop-krasnoe-suhoe-145.webp,Винодельня Бюрнье
vinodelnya-byurne-merlo-krasnoe-suhoe-14,vinodelnya-byurne-merlo-krasnoe-suhoe-14.webp,Винодельня Бюрнье
vinodelnya-byurne-byurne-pino-blan-beloe-suhoe-14,vinodelnya-byurne-byurne-pino-blan-beloe-suhoe-14.webp,Винодельня Бюрнье
vinodelnya-byurne-saperavi-krasnoe-suhoe-135,vinodelnya-byurne-saperavi-krasnoe-suhoe-135.webp,Винодельня Бюрнье
vinodelnya-byurne-sira-krasnoe-suhoe-135,vinodelnya-byurne-sira-krasnoe-suhoe-135.webp,Винодельня Бюрнье
le-k2-v-tumane-sovinon-blan-beloe-suhoe-127,le-k2-v-tumane-sovinon-blan-beloe-suhoe-127.webp,Le K2
wein-und-wasser-vayn-taym-sira-krym-krasnoe-suhoe-13,wein-und-wasser-vayn-taym-sira-krym-krasnoe-suhoe-13.webp,Wein und Wasser
wein-und-wasser-vayn-taym-sovinon-blan-krym-beloe-suhoe-12,wein-und-wasser-vayn-taym-sovinon-blan-krym-beloe-suhoe-12.webp,Wein und Wasser
le-k2-vassal-risling-beloe-suhoe-14,le-k2-vassal-risling-beloe-suhoe-14.webp,Le K2
vinodelnya-vedernikov-vedernikov-gubernatorskoe-golubok-krasnoe-suhoe-115,vinodelnya-vedernikov-vedernikov-gubernatorskoe-golubok-krasnoe-suhoe-115.webp,Ведерниковъ
vinodelnya-vedernikov-vedernikov-gubernatorskoe-rezerv-kaberne-sovinon-krasnoe-suhoe-14,vinodelnya-vedernikov-vedernikov-gubernatorskoe-rezerv-kaberne-sovinon-krasnoe-suhoe-14.webp,Ведерниковъ
vinodelnya-vedernikov-vedernikov-dolina-dona-beloe-suhoe-aligote-12,vinodelnya-vedernikov-vedernikov-dolina-dona-beloe-suhoe-aligote-12.webp,Ведерниковъ
vinodelnya-vedernikov-vedernikov-dolina-dona-krasnoe-suhoe-kaberne-sovinon-125,vinodelnya-vedernikov-vedernikov-dolina-dona-krasnoe-suhoe-kaberne-sovinon-125.webp,Ведерниковъ
vinodelnya-vedernikov-vedernikov-kaberne-sovinon-krasnoe-suhoe-145,vinodelnya-vedernikov-vedernikov-kaberne-sovinon-krasnoe-suhoe-145.webp,Ведерниковъ
vinodelnya-vedernikov-vedernikov-krasnostop-zolotovskiy-krasnoe-suhoe-145,vinodelnya-vedernikov-vedernikov-krasnostop-zolotovskiy-krasnoe-suhoe-145.webp,Ведерниковъ
vinodelnya-vedernikov-vedernikov-krasnostop-zolotovskiy-magnum-krasnoe-suhoe-145,vinodelnya-vedernikov-vedernikov-krasnostop-zolotovskiy-magnum-krasnoe-suhoe-145.webp,Ведерниковъ
vinodelnya-vedernikov-vedernikov-pet-nat-platovskiy-aligote-bryut-beloe-suhoe-10,vinodelnya-vedernikov-vedernikov-pet-nat-platovskiy-aligote-bryut-beloe-suhoe-10.webp,Ведерниковъ
vinodelnya-vedernikov-vedernikov-puhlyakovskiy-beloe-suhoe-12,vinodelnya-vedernikov-vedernikov-puhlyakovskiy-beloe-suhoe-12.webp,Ведерниковъ
vinodelnya-vedernikov-vedernikov-tsimlyanskiy-chyornyy-bryut-tsimlyanskiy-chernyy-beloe-12,vinodelnya-vedernikov-vedernikov-tsimlyanskiy-chyornyy-bryut-tsimlyanskiy-chernyy-beloe-12.webp,Ведерниковъ
vinodelnya-vedernikov-vedernikov-tsimlyanskiy-chyornyy-bryut-roze-tsimlyanskiy-chernyy-rozovoe-12,vinodelnya-vedernikov-vedernikov-tsimlyanskiy-chyornyy-bryut-roze-tsimlyanskiy-chernyy-rozovoe-12.webp,Ведерниковъ
vinodelnya-vedernikov-vedernikov-tsimlyanskiy-chyornyy-bryut-roze-2-tsimlyanskiy-chernyy-rozovoe-12,vinodelnya-vedernikov-vedernikov-tsimlyanskiy-chyornyy-bryut-roze-2-tsimlyanskiy-chernyy-rozovoe-12.webp,Ведерниковъ
vinodelnya-marchenko-vermilon-kaberne-azos-krasnoe-suhoe-14,vinodelnya-marchenko-vermilon-kaberne-azos-krasnoe-suhoe-14.webp,Винодельня Марченко
massandra-vino-avtorskoe-pino-gri-beloe-suhoe-12,massandra-vino-avtorskoe-pino-gri-beloe-suhoe-12.webp,Массандра
vinodelnya-vedernikov-vinodelnya-vedernikov-pet-nat-roze-tsimlyanskiy-chernyy-rozovoe-suhoe-12,vinodelnya-vedernikov-vinodelnya-vedernikov-pet-nat-roze-tsimlyanskiy-chernyy-rozovoe-suhoe-12.webp,Ведерниковъ
vinodelnya-vedernikov-vinodelnya-vedernikov-tsimlyanskiy-chernyy-sibirkovyy-ekstra-bryut-beloe-13,vinodelnya-vedernikov-vinodelnya-vedernikov-tsimlyanskiy-chernyy-sibirkovyy-ekstra-bryut-beloe-13.webp,Ведерниковъ
andryus-yutsis-vione-beloe-suhoe-112,andryus-yutsis-vione-beloe-suhoe-112.webp,Andryus Yutsis
vinodelnya-marko-vione-beloe-suhoe-12,vinodelnya-marko-vione-beloe-suhoe-12.webp,Винодельня Марко
vinodelnya-krinitsa-vione-beloe-suhoe-133,vinodelnya-krinitsa-vione-beloe-suhoe-133.webp,Криница
esse-vione-beloe-suhoe-13,esse-vione-beloe-suhoe-13.webp,ESSE
dva-serdtsa-vione-beloe-suhoe-125,dva-serdtsa-vione-beloe-suhoe-125.webp,Два Сердца
loco-cimbali-vione-beloe-suhoe-14,loco-cimbali-vione-beloe-suhoe-14.webp,Loco Cimbali
chateau-cachalot-vione-beloe-suhoe-112,chateau-cachalot-vione-beloe-suhoe-112.webp,Chateau Cachalot
vinodelnya-zhakov-vostorg-beloe-suhoe-116,vinodelnya-zhakov-vostorg-beloe-suhoe-116.webp,Винодельня Жаков
kuban-vino-vysokiy-bereg-grafit-roze-kaberne-sovinon-rozovoe-suhoe-12,kuban-vino-vysokiy-bereg-grafit-roze-kaberne-sovinon-rozovoe-suhoe-12.webp,Кубань-Вино
kuban-vino-vysokiy-bereg-merlo-krasnoe-suhoe-135,kuban-vino-vysokiy-bereg-merlo-krasnoe-suhoe-135.webp,Кубань-Вино
kuban-vino-vysokiy-bereg-myuller-turgau-beloe-suhoe-13,kuban-vino-vysokiy-bereg-myuller-turgau-beloe-suhoe-13.webp,Кубань-Вино
vysokij-bereg-czvajgelt,vysokij-bereg-czvajgelt.webp,Кубань-Вино
esse-gevyurtstraminer-beloe-suhoe-12,esse-gevyurtstraminer-beloe-suhoe-12.webp,ESSE
vinodelnya-myshako-gevyurtstraminer-mode-petnat-beloe-bryut-118,vinodelnya-myshako-gevyurtstraminer-mode-petnat-beloe-bryut-118.webp,Мысхако
vinodelnya-myshako-gevyurtstraminer-kyuve-bryut-beloe-123,vinodelnya-myshako-gevyurtstraminer-kyuve-bryut-beloe-123.webp,Мысхако
vinodelnya-raevskoe-genezis-beloe-risling-suhoe-123,vinodelnya-raevskoe-genezis-beloe-risling-suhoe-123.webp,Раевское
vinodelnya-raevskoe-genezis-krasnoe-kaberne-sovinon-suhoe-13,vinodelnya-raevskoe-genezis-krasnoe-kaberne-sovinon-suhoe-13.webp,Раевское
vinodelnya-raevskoe-genezis-rozovoe-tempranilo-suhoe-117,vinodelnya-raevskoe-genezis-rozovoe-tempranilo-suhoe-117.webp,Раевское
vinodelnya-marchenko-gechei-zamatosh-beloe-suhoe-135,vinodelnya-marchenko-gechei-zamatosh-beloe-suhoe-135.webp,Винодельня Марченко
soyuz-vino-gloriya-de-luna-byanko-sekko-shardone-beloe-suhoe-11,soyuz-vino-gloriya-de-luna-byanko-sekko-shardone-beloe-suhoe-11.webp,Союз-Вино
soyuz-vino-gloriya-de-luna-byanko-semidolche-shardone-beloe-polusladkoe-11,soyuz-vino-gloriya-de-luna-byanko-semidolche-shardone-beloe-polusladkoe-11.webp,Союз-Вино
soyuz-vino-gloriya-de-luna-rosso-sekko-kaberne-sovinon-krasnoe-suhoe-11,soyuz-vino-gloriya-de-luna-rosso-sekko-kaberne-sovinon-krasnoe-suhoe-11.webp,Союз-Вино
soyuz-vino-gloriya-de-luna-rosso-semidolche-kaberne-sovinon-krasnoe-polusladkoe-11,soyuz-vino-gloriya-de-luna-rosso-semidolche-kaberne-sovinon-krasnoe-polusladkoe-11.webp,Союз-Вино
vinodelnya-raevskoe-glou-krasnoe-merlo-suhoe-14,vinodelnya-raevskoe-glou-krasnoe-merlo-suhoe-14.webp,Раевское
vinodelnya-batrak-glyu-glyu-podarok-magaracha-krasnoe-suhoe-12,vinodelnya-batrak-glyu-glyu-podarok-magaracha-krasnoe-suhoe-12.webp,Винодельня Батрак
shato-pino-gravitatsiya-kaberne-sovinon-merlo-krasnoe-suhoe-135,shato-pino-gravitatsiya-kaberne-sovinon-merlo-krasnoe-suhoe-135.webp,Шато Пино
alma-valley-graviti-pino-blan-beloe-suhoe-135,alma-valley-graviti-pino-blan-beloe-suhoe-135.webp,Alma Valley
alma-valley-graviti-kaberne-sovinon-krasnoe-suhoe-15,alma-valley-graviti-kaberne-sovinon-krasnoe-suhoe-15.webp,Alma Valley
zmv-koktebel-grand-kupazh-kaberne-sovinon-krasnoe-suhoe-13,zmv-koktebel-grand-kupazh-kaberne-sovinon-krasnoe-suhoe-13.webp,ЗМВ Коктебель
grand-kyuve,grand-kyuve.webp,Скалистый берег
sober-bash-grani-muskat-muskat-dzhialo-beloe-suhoe-12,sober-bash-grani-muskat-muskat-dzhialo-beloe-suhoe-12.webp,Собер Баш
chateau-andre-gryuner-beloe-suhoe-13,chateau-andre-gryuner-beloe-suhoe-13.webp,Chateau Andre
vinodelnya-vedernikov-gubernatorskiy-rezerv-beloe-risling-suhoe-12,vinodelnya-vedernikov-gubernatorskiy-rezerv-beloe-risling-suhoe-12.webp,Ведерниковъ
vinodelnya-vedernikov-gubernatorskiy-rezerv-krasnoe-kaberne-sovinon-suhoe-14,vinodelnya-vedernikov-gubernatorskiy-rezerv-krasnoe-kaberne-sovinon-suhoe-14.webp,Ведерниковъ
vinodelnya-vedernikov-gubernatorskoe-golubok-krasnoe-suhoe-11,vinodelnya-vedernikov-gubernatorskoe-golubok-krasnoe-suhoe-11.webp,Ведерниковъ
vinodelnya-vedernikov-gubernatorskoe-kaberne-krasnostop-zolotovskiy-krasnoe-suhoe-12,vinodelnya-vedernikov-gubernatorskoe-kaberne-krasnostop-zolotovskiy-krasnoe-suhoe-12.webp,Ведерниковъ
vinodelnya-vedernikov-gubernatorskoe-risling-beloe-suhoe-12,vinodelnya-vedernikov-gubernatorskoe-risling-beloe-suhoe-12.webp,Ведерниковъ
vinodelnya-vedernikov-gubernatorskoe-rkatsiteli-beloe-suhoe-13,vinodelnya-vedernikov-gubernatorskoe-rkatsiteli-beloe-suhoe-13.webp,Ведерниковъ
vinodelnya-vedernikov-gubernatorskoe-rozovoe-tsimlyanskiy-chernyy-suhoe-11,vinodelnya-vedernikov-gubernatorskoe-rozovoe-tsimlyanskiy-chernyy-suhoe-11.webp,Ведерниковъ
sober-bash-dve-doliny-saperavi-kachich-krasnoe-polusuhoe-15,sober-bash-dve-doliny-saperavi-kachich-krasnoe-polusuhoe-15.webp,Собер Баш
sober-bash-dve-doliny-tsimlyanskiy-2023-tsimlyanskiy-chernyy-krasnoe-suhoe-13,sober-bash-dve-doliny-tsimlyanskiy-2023-tsimlyanskiy-chernyy-krasnoe-suhoe-13.webp,Собер Баш
vinodelnya-marko-dikiy-sovinon-sovinon-blan-beloe-suhoe-12,vinodelnya-marko-dikiy-sovinon-sovinon-blan-beloe-suhoe-12.webp,Винодельня Марко
shato-pino-dichkaberne-fran-krasnoe-suhoe-14,shato-pino-dichkaberne-fran-krasnoe-suhoe-14.webp,Шато Пино
valeriy-zaharin-dom-zaharinyh-beloe-sary-pandas-suhoe-115,valeriy-zaharin-dom-zaharinyh-beloe-sary-pandas-suhoe-115.webp,Валерий Захарьин
valeriy-zaharin-dom-zaharinyh-krasnoe-kaberne-sovinon-suhoe-125,valeriy-zaharin-dom-zaharinyh-krasnoe-kaberne-sovinon-suhoe-125.webp,Валерий Захарьин
sober-bash-dostoynyy-krasnoe-suhoe-14,sober-bash-dostoynyy-krasnoe-suhoe-14.webp,Собер Баш
derbent-vino-desono-rkatsiteli-oranzh-beloe-suhoe-125,derbent-vino-desono-rkatsiteli-oranzh-beloe-suhoe-125.webp,Дербент Вино
derbent-vino-desono-shardone-beloe-suhoe-125,derbent-vino-desono-shardone-beloe-suhoe-125.webp,Дербент Вино
belbek-zakat-merlo-sira-krasnoe-suhoe-132,belbek-zakat-merlo-sira-krasnoe-suhoe-132.webp,Бельбек
soyuz-vino-zelyonaya-dolina-kaberne-sovinon-krasnoe-suhoe-12,soyuz-vino-zelyonaya-dolina-kaberne-sovinon-krasnoe-suhoe-12.webp,Союз-Вино
soyuz-vino-zelyonaya-dolina-kaberne-merlo-kaberne-sovinon-krasnoe-polusladkoe-12,soyuz-vino-zelyonaya-dolina-kaberne-merlo-kaberne-sovinon-krasnoe-polusladkoe-12.webp,Союз-Вино
soyuz-vino-zelyonaya-dolina-kaberne-merlo-v-banke-kaberne-sovinon-krasnoe-polusladkoe-12,soyuz-vino-zelyonaya-dolina-kaberne-merlo-v-banke-kaberne-sovinon-krasnoe-polusladkoe-12.webp,Союз-Вино
soyuz-vino-zelyonaya-dolina-pino-blan-v-banke-beloe-polusladkoe-115,soyuz-vino-zelyonaya-dolina-pino-blan-v-banke-beloe-polusladkoe-115.webp,Союз-Вино
soyuz-vino-zelyonaya-dolina-pino-nuar-krasnoe-suhoe-12,soyuz-vino-zelyonaya-dolina-pino-nuar-krasnoe-suhoe-12.webp,Союз-Вино
soyuz-vino-zelyonaya-dolina-pino-nuar-v-banke-krasnoe-suhoe-12,soyuz-vino-zelyonaya-dolina-pino-nuar-v-banke-krasnoe-suhoe-12.webp,Союз-Вино
soyuz-vino-zelyonaya-dolina-sovinon-blan-polusladkoe-beloe-12,soyuz-vino-zelyonaya-dolina-sovinon-blan-polusladkoe-beloe-12.webp,Союз-Вино
soyuz-vino-zelyonaya-dolina-sovinon-blan-suhoe-beloe-12,soyuz-vino-zelyonaya-dolina-sovinon-blan-suhoe-beloe-12.webp,Союз-Вино
soyuz-vino-zelyonaya-dolina-shardone-beloe-suhoe-12,soyuz-vino-zelyonaya-dolina-shardone-beloe-suhoe-12.webp,Союз-Вино
soyuz-vino-zelyonaya-dolina-shardone-v-banke-beloe-suhoe-12,soyuz-vino-zelyonaya-dolina-shardone-v-banke-beloe-suhoe-12.webp,Союз-Вино
vinodelnya-myshako-zinfandel-mode-krasnoe-suhoe-148,vinodelnya-myshako-zinfandel-mode-krasnoe-suhoe-148.webp,Мысхако
vinodelnya-myshako-zinfandel-mode-petnat-rozovoe-polusuhoe-12,vinodelnya-myshako-zinfandel-mode-petnat-rozovoe-polusuhoe-12.webp,Мысхако
zolotaya-balka-igristoe-krasnoe-polusladkoe,zolotaya-balka-igristoe-krasnoe-polusladkoe.webp,Золотая Балка
novyy-svet-dom-shampanskih-vin-igristoe-vino-vyderzhannoe-bryut-krasnoe-novyy-svet-kaberne-sovinon-135,novyy-svet-dom-shampanskih-vin-igristoe-vino-vyderzhannoe-bryut-krasnoe-novyy-svet-kaberne-sovinon-135.webp,Новый Свет. Дом шампанских вин
novyy-svet-dom-shampanskih-vin-igristoe-vino-vyderzhannoe-bryut-rozovoe-novyy-svet-pino-nuar-125,novyy-svet-dom-shampanskih-vin-igristoe-vino-vyderzhannoe-bryut-rozovoe-novyy-svet-pino-nuar-125.webp,Новый Свет. Дом шампанских вин
novyy-svet-dom-shampanskih-vin-igristoe-vino-vyderzhannoe-bryut-rozovoe-novyy-svet-pino-fran-135,novyy-svet-dom-shampanskih-vin-igristoe-vino-vyderzhannoe-bryut-rozovoe-novyy-svet-pino-fran-135.webp,Новый Свет. Дом шампанских вин
novyy-svet-dom-shampanskih-vin-igristoe-vino-vyderzhannoe-polusladkoe-krasnoe-novyy-svet-kaberne-sovinon-12,novyy-svet-dom-shampanskih-vin-igristoe-vino-vyderzhannoe-polusladkoe-krasnoe-novyy-svet-kaberne-sovinon-12.webp,Новый Свет. Дом шампанских вин
novyy-svet-dom-shampanskih-vin-igristoe-vino-vyderzhannoe-polusladkoe-rozovoe-novyy-svet-pino-fran-135,novyy-svet-dom-shampanskih-vin-igristoe-vino-vyderzhannoe-polusladkoe-rozovoe-novyy-svet-pino-fran-135.webp,Новый Свет. Дом шампанских вин
igristoe-krasnoe-sladkoe-czimlyanskoe,igristoe-krasnoe-sladkoe-czimlyanskoe.webp,Цимлянские вина
soyuz-vino-izola-del-sole-beloe-v-banke-shardone-suhoe-11,soyuz-vino-izola-del-sole-beloe-v-banke-shardone-suhoe-11.webp,Союз-Вино
soyuz-vino-izola-del-sole-roze-v-banke-krasnostop-rozovoe-suhoe-11,soyuz-vino-izola-del-sole-roze-v-banke-krasnostop-rozovoe-suhoe-11.webp,Союз-Вино
abrau-dyurso-imperial-brut-lart-nouveau-shardone-beloe-bryut-105,abrau-dyurso-imperial-brut-lart-nouveau-shardone-beloe-bryut-105.webp,Абрау-Дюрсо
abrau-dyurso-imperial-brut-rose-pino-nuar-rozovoe-bryut-12,abrau-dyurso-imperial-brut-rose-pino-nuar-rozovoe-bryut-12.webp,Абрау-Дюрсо
abrau-dyurso-imperial-brut-vintage-shardone-beloe-bryut-12,abrau-dyurso-imperial-brut-vintage-shardone-beloe-bryut-12.webp,Абрау-Дюрсо
inkermanskiy-zmv-inkerman-bryut-rkatsiteli-beloe-12,inkermanskiy-zmv-inkerman-bryut-rkatsiteli-beloe-12.webp,Инкерманский ЗМВ
inkermanskiy-zmv-inkerman-muskat-polusladkoe-beloe-13,inkermanskiy-zmv-inkerman-muskat-polusladkoe-beloe-13.webp,Инкерманский ЗМВ
inkermanskiy-zmv-inkerman-pino-blan-zero-dozazh-beloe-ekstra-bryut-12,inkermanskiy-zmv-inkerman-pino-blan-zero-dozazh-beloe-ekstra-bryut-12.webp,Инкерманский ЗМВ
inkermanskiy-zmv-inkerman-polusladkoe-rkatsiteli-beloe-13,inkermanskiy-zmv-inkerman-polusladkoe-rkatsiteli-beloe-13.webp,Инкерманский ЗМВ
inkermanskiy-zmv-inkerman-roze-zero-dozazh-kokur-rozovoe-ekstra-bryut-12,inkermanskiy-zmv-inkerman-roze-zero-dozazh-kokur-rozovoe-ekstra-bryut-12.webp,Инкерманский ЗМВ
inkermanskiy-zmv-inkerman-rozovoe-polusladkoe-rkatsiteli-12,inkermanskiy-zmv-inkerman-rozovoe-polusladkoe-rkatsiteli-12.webp,Инкерманский ЗМВ
vinodelnya-berdyaeva-kaberne-kaberne-sovinon-krasnoe-suhoe-138,vinodelnya-berdyaeva-kaberne-kaberne-sovinon-krasnoe-suhoe-138.webp,Винодельня Бердяева
kuban-vino-kaberne-de-tamane-kaberne-sovinon-krasnoe-suhoe-125,kuban-vino-kaberne-de-tamane-kaberne-sovinon-krasnoe-suhoe-125.webp,Кубань-Вино
vinodelnya-batrak-kaberne-kortis-krasnoe-suhoe-12,vinodelnya-batrak-kaberne-kortis-krasnoe-suhoe-12.webp,Винодельня Батрак
vinodelnya-myshako-kaberne-myshako-grand-rezerv-kaberne-sovinon-krasnoe-suhoe-125,vinodelnya-myshako-kaberne-myshako-grand-rezerv-kaberne-sovinon-krasnoe-suhoe-125.webp,Мысхако
esse-kaberne-otbornoe-kaberne-sovinon-krasnoe-suhoe-12,esse-kaberne-otbornoe-kaberne-sovinon-krasnoe-suhoe-12.webp,ESSE
loco-cimbali-kaberne-sovinon-krasnoe-suhoe-146,loco-cimbali-kaberne-sovinon-krasnoe-suhoe-146.webp,Loco Cimbali
villa-sofiya-kaberne-sovinon-krasnoe-suhoe-133,villa-sofiya-kaberne-sovinon-krasnoe-suhoe-133.webp,Вилла София
esse-kaberne-sovinon-krasnoe-suhoe-14,esse-kaberne-sovinon-krasnoe-suhoe-14.webp,ESSE
mons-albus-kaberne-sovinon-krasnoe-suhoe-14,mons-albus-kaberne-sovinon-krasnoe-suhoe-14.webp,Mons Albus
vinodelnya-batrak-kaberne-sovinon-krasnoe-suhoe-14,vinodelnya-batrak-kaberne-sovinon-krasnoe-suhoe-14.webp,Винодельня Батрак
vinodelnya-berdyaeva-kaberne-sovinon-krasnoe-suhoe-145,vinodelnya-berdyaeva-kaberne-sovinon-krasnoe-suhoe-145.webp,Винодельня Бердяева
golubitskoe-estate-kaberne-sovinon-krasnoe-suhoe-137,golubitskoe-estate-kaberne-sovinon-krasnoe-suhoe-137.webp,Golubitskoe Estate
vinodelnya-vedernikov-kaberne-sovinon-krasnoe-suhoe-14,vinodelnya-vedernikov-kaberne-sovinon-krasnoe-suhoe-14.webp,Ведерниковъ
chateau-andre-kaberne-sovinon-krasnoe-suhoe-13,chateau-andre-kaberne-sovinon-krasnoe-suhoe-13.webp,Chateau Andre
vinodelnya-myshako-kaberne-sovinon-krasnoe-suhoe-138,vinodelnya-myshako-kaberne-sovinon-krasnoe-suhoe-138.webp,Мысхако
shato-pino-kaberne-sovinon-krasnoe-suhoe-14,shato-pino-kaberne-sovinon-krasnoe-suhoe-14.webp,Шато Пино
vinodelnya-marchenko-kaberne-sovinon-krasnoe-suhoe-14,vinodelnya-marchenko-kaberne-sovinon-krasnoe-suhoe-14.webp,Винодельня Марченко
belbek-kaberne-sovinon-krasnoe-suhoe-138,belbek-kaberne-sovinon-krasnoe-suhoe-138.webp,Бельбек
vaynkraft-kaberne-sovinon-krasnoe-suhoe-14,vaynkraft-kaberne-sovinon-krasnoe-suhoe-14.webp,ВайнКрафт
vinodelnya-begildeeva-kaberne-sovinon-krasnoe-suhoe-14,vinodelnya-begildeeva-kaberne-sovinon-krasnoe-suhoe-14.webp,Винодельня Бегильдеева
bogovich-wine-vineyard-kaberne-sovinon-krasnoe-suhoe-125,bogovich-wine-vineyard-kaberne-sovinon-krasnoe-suhoe-125.webp,Bogovich Wine & Vineyard
vinodelnya-bratev-melnikovyh-kaberne-sovinon-kaberne-fran-dva-brata-krasnoe-suhoe-145,vinodelnya-bratev-melnikovyh-kaberne-sovinon-kaberne-fran-dva-brata-krasnoe-suhoe-145.webp,Винодельня Братьев Мельниковых
shato-pino-kaberne-sovinon-merlo-krasnoe-suhoe-135,shato-pino-kaberne-sovinon-merlo-krasnoe-suhoe-135.webp,Шато Пино
vinnyy-kooperativ-intuitsiya-kaberne-sovinon-merlo-saperavi-krasnoe-suhoe-128,vinnyy-kooperativ-intuitsiya-kaberne-sovinon-merlo-saperavi-krasnoe-suhoe-128.webp,Винный кооператив Интуиция
domaine-lipko-kaberne-sovinon-merlo-pomeste-trenzina-krasnoe-suhoe-15,domaine-lipko-kaberne-sovinon-merlo-pomeste-trenzina-krasnoe-suhoe-15.webp,Domaine Lipko
vinodelnya-begildeeva-kaberne-sovinon-merlo-krasnoe-suhoe-14,vinodelnya-begildeeva-kaberne-sovinon-merlo-krasnoe-suhoe-14.webp,Винодельня Бегильдеева
vinodelnya-myshako-kaberne-sovinon-merlo-kyuve-krasnoe-suhoe-142,vinodelnya-myshako-kaberne-sovinon-merlo-kyuve-krasnoe-suhoe-142.webp,Мысхако
usadba-perovskih-kaberne-sovinon-merlo-1890-krasnoe-suhoe-13,usadba-perovskih-kaberne-sovinon-merlo-1890-krasnoe-suhoe-13.webp,Усадьба Перовских
golubitskoe-estate-kaberne-sovinon-noble-selection-krasnoe-suhoe-133,golubitskoe-estate-kaberne-sovinon-noble-selection-krasnoe-suhoe-133.webp,Golubitskoe Estate
villa-urkusta-kaberne-sovinon-blan-de-nuar-beloe-suhoe-13,villa-urkusta-kaberne-sovinon-blan-de-nuar-beloe-suhoe-13.webp,Вилла Уркуста
artvin-kaberne-sovinon-grand-rezerv-krasnoe-suhoe-13,artvin-kaberne-sovinon-grand-rezerv-krasnoe-suhoe-13.webp,Артвин
golubitskoe-estate-kaberne-sovinon-rezerv-krasnoe-suhoe-125,golubitskoe-estate-kaberne-sovinon-rezerv-krasnoe-suhoe-125.webp,Golubitskoe Estate
alma-valley-kaberne-sovinon-rezerv-krasnoe-suhoe-15,alma-valley-kaberne-sovinon-rezerv-krasnoe-suhoe-15.webp,Alma Valley
chateau-de-talu-kaberne-sovinon-rezerv-krasnoe-suhoe-14,chateau-de-talu-kaberne-sovinon-rezerv-krasnoe-suhoe-14.webp,Chateau de Talu
villa-urkusta-kaberne-sovinon-rezerva-krasnoe-suhoe-15,villa-urkusta-kaberne-sovinon-rezerva-krasnoe-suhoe-15.webp,Вилла Уркуста
vinodelnya-myshako-kaberne-sovinon-black-out-krasnoe-polusuhoe-16,vinodelnya-myshako-kaberne-sovinon-black-out-krasnoe-polusuhoe-16.webp,Мысхако
vinodelnya-berdyaeva-kaberne-fran-krasnoe-suhoe-115,vinodelnya-berdyaeva-kaberne-fran-krasnoe-suhoe-115.webp,Винодельня Бердяева
bakla-vines-kaberne-fran-krasnoe-suhoe-143,bakla-vines-kaberne-fran-krasnoe-suhoe-143.webp,Bakla Vines
belbek-kaberne-fran-krasnoe-suhoe-134,belbek-kaberne-fran-krasnoe-suhoe-134.webp,Бельбек
bogovich-wine-vineyard-kaberne-fran-krasnoe-suhoe-135,bogovich-wine-vineyard-kaberne-fran-krasnoe-suhoe-135.webp,Bogovich Wine & Vineyard
sober-bash-kaberne-fran-krasnoe-suhoe-127,sober-bash-kaberne-fran-krasnoe-suhoe-127.webp,Собер Баш
radiowine-kaberne-fran-krasnoe-suhoe-14,radiowine-kaberne-fran-krasnoe-suhoe-14.webp,Radio Wine
dva-serdtsa-kaberne-fran-krasnoe-suhoe-14,dva-serdtsa-kaberne-fran-krasnoe-suhoe-14.webp,Два Сердца
donskoe-vinodelcheskoe-hozyaystvo-elbuzd-kaberne-fran-krasnoe-suhoe-13,donskoe-vinodelcheskoe-hozyaystvo-elbuzd-kaberne-fran-krasnoe-suhoe-13.webp,"Донское винодельческое хозяйство ""Эльбузд"""
esse-kaberne-fran-krasnoe-suhoe-13,esse-kaberne-fran-krasnoe-suhoe-13.webp,ESSE
alma-valley-kaberne-fran-krasnoe-suhoe-145,alma-valley-kaberne-fran-krasnoe-suhoe-145.webp,Alma Valley
vinodelnya-myshako-kaberne-fran-krasnoe-suhoe-142,vinodelnya-myshako-kaberne-fran-krasnoe-suhoe-142.webp,Мысхако
ferrum-winery-kaberne-fran-krasnoe-suhoe-12,ferrum-winery-kaberne-fran-krasnoe-suhoe-12.webp,Ferrum Winery
chateau-andre-kaberne-fran-krasnoe-suhoe-14,chateau-andre-kaberne-fran-krasnoe-suhoe-14.webp,Chateau Andre
shato-pino-kaberne-fran-kaberne-sovinon-krasnoe-suhoe-135,shato-pino-kaberne-fran-kaberne-sovinon-krasnoe-suhoe-135.webp,Шато Пино
usadba-perovskih-kaberne-fran-1890-krasnoe-suhoe-13,usadba-perovskih-kaberne-fran-1890-krasnoe-suhoe-13.webp,Усадьба Перовских
gunko-winery-kaberne-fran-gunko-winery-krasnoe-suhoe-135,gunko-winery-kaberne-fran-gunko-winery-krasnoe-suhoe-135.webp,Gunko Winery
vinodelnya-myshako-kaberne-fran-avtorskaya-tehnologiya-krasnoe-suhoe-142,vinodelnya-myshako-kaberne-fran-avtorskaya-tehnologiya-krasnoe-suhoe-142.webp,Мысхако
alma-valley-kaberne-fran-rezerv-krasnoe-suhoe-15,alma-valley-kaberne-fran-rezerv-krasnoe-suhoe-15.webp,Alma Valley
chateau-de-talu-kaberne-fran-rezerv-krasnoe-suhoe-13,chateau-de-talu-kaberne-fran-rezerv-krasnoe-suhoe-13.webp,Chateau de Talu
valeriy-zaharin-kaberne-fran-burlyuk-krasnoe-suhoe-13,valeriy-zaharin-kaberne-fran-burlyuk-krasnoe-suhoe-13.webp,Валерий Захарьин
massandra-kagor-gurzuf-saperavi-krasnoe-sladkoe-16,massandra-kagor-gurzuf-saperavi-krasnoe-sladkoe-16.webp,Массандра
massandra-kagor-yuzhnoberezhnyy-saperavi-krasnoe-sladkoe-16,massandra-kagor-yuzhnoberezhnyy-saperavi-krasnoe-sladkoe-16.webp,Массандра
dacha-serdyuka-kazache-krasnostop-zolotovskiy-krasnoe-suhoe-135,dacha-serdyuka-kazache-krasnostop-zolotovskiy-krasnoe-suhoe-135.webp,Дача Сердюка
bakla-vines-kangun-beloe-suhoe-12,bakla-vines-kangun-beloe-suhoe-12.webp,Bakla Vines
bakla-vines-kangun-ps-beloe-suhoe-128,bakla-vines-kangun-ps-beloe-suhoe-128.webp,Bakla Vines
bakla-vines-kangun-oranzh-beloe-suhoe-119,bakla-vines-kangun-oranzh-beloe-suhoe-119.webp,Bakla Vines
soyuz-vino-kanonicheskie-traditsii-krasnoe-polusladkoe-kaberne-sovinon-115,soyuz-vino-kanonicheskie-traditsii-krasnoe-polusladkoe-kaberne-sovinon-115.webp,Союз-Вино
soyuz-vino-kanonicheskie-traditsii-krasnoe-sladkoe-kaberne-sovinon-115,soyuz-vino-kanonicheskie-traditsii-krasnoe-sladkoe-kaberne-sovinon-115.webp,Союз-Вино
vinodelnya-zhakov-karbon-saperavi-krasnoe-suhoe-126,vinodelnya-zhakov-karbon-saperavi-krasnoe-suhoe-126.webp,Винодельня Жаков
soyuz-vino-kartuli-supris-saperavi-krasnoe-polusladkoe-11,soyuz-vino-kartuli-supris-saperavi-krasnoe-polusladkoe-11.webp,Союз-Вино
soyuz-vino-kartuli-supris-saperavi-suhoe-krasnoe-11,soyuz-vino-kartuli-supris-saperavi-suhoe-krasnoe-11.webp,Союз-Вино
soyuz-vino-kartuli-supris-shereuli-saperavi-krasnoe-polusladkoe-11,soyuz-vino-kartuli-supris-shereuli-saperavi-krasnoe-polusladkoe-11.webp,Союз-Вино
valeriy-zaharin-kefesiya-valeriy-zaharin-krasnoe-suhoe-12,valeriy-zaharin-kefesiya-valeriy-zaharin-krasnoe-suhoe-12.webp,Валерий Захарьин
vinodelnya-batrak-klaret-podarok-magaracha-rozovoe-suhoe-12,vinodelnya-batrak-klaret-podarok-magaracha-rozovoe-suhoe-12.webp,Винодельня Батрак
chateau-de-talu-klere-sira-rozovoe-suhoe-136,chateau-de-talu-klere-sira-rozovoe-suhoe-136.webp,Chateau de Talu
dva-serdtsa-kokur-beloe-suhoe-125,dva-serdtsa-kokur-beloe-suhoe-125.webp,Два Сердца
belbek-kokur-kokur-belyy-beloe-suhoe-13,belbek-kokur-kokur-belyy-beloe-suhoe-13.webp,Бельбек
alma-valley-kokur-beloe-suhoe-14,alma-valley-kokur-beloe-suhoe-14.webp,Alma Valley
vinnyy-fort-adagum-kokur-belyy-beloe-suhoe-12,vinnyy-fort-adagum-kokur-belyy-beloe-suhoe-12.webp,Винный форт Адагум
massandra-kokur-desertnyy-surozh-beloe-sladkoe-16,massandra-kokur-desertnyy-surozh-beloe-sladkoe-16.webp,Массандра
valeriy-zaharin-kokur-klassika-kokur-belyy-beloe-bryut-115,valeriy-zaharin-kokur-klassika-kokur-belyy-beloe-bryut-115.webp,Валерий Захарьин
valeriy-zaharin-kokur-valeriy-zaharin-kokur-belyy-beloe-polusladkoe-125,valeriy-zaharin-kokur-valeriy-zaharin-kokur-belyy-beloe-polusladkoe-125.webp,Валерий Захарьин
vinodelnya-zhakov-kokurkod-beloe-suhoe-118,vinodelnya-zhakov-kokurkod-beloe-suhoe-118.webp,Винодельня Жаков
shato-pino-koldun-belyy-shardone-beloe-suhoe-12,shato-pino-koldun-belyy-shardone-beloe-suhoe-12.webp,Шато Пино
shato-pino-koldun-krasnyy-merlo-krasnoe-suhoe-14,shato-pino-koldun-krasnyy-merlo-krasnoe-suhoe-14.webp,Шато Пино
shato-pino-koldun-rezerv-kaberne-sovinon-krasnoe-suhoe-14,shato-pino-koldun-rezerv-kaberne-sovinon-krasnoe-suhoe-14.webp,Шато Пино
vinodelnya-krinitsa-kollin-sira-krasnoe-suhoe-13,vinodelnya-krinitsa-kollin-sira-krasnoe-suhoe-13.webp,Криница
alma-valley-kolombar-beloe-polusuhoe-135,alma-valley-kolombar-beloe-polusuhoe-135.webp,Alma Valley
soyuz-vino-konfessa-pino-gridzhio-beloe-polusladkoe-11,soyuz-vino-konfessa-pino-gridzhio-beloe-polusladkoe-11.webp,Союз-Вино
soyuz-vino-konfessa-sandzhoveze-krasnoe-suhoe-11,soyuz-vino-konfessa-sandzhoveze-krasnoe-suhoe-11.webp,Союз-Вино
soyuz-vino-konfessa-sandzhoveze-polusladkoe-krasnoe-11,soyuz-vino-konfessa-sandzhoveze-polusladkoe-krasnoe-11.webp,Союз-Вино
sober-bash-korvina-krasnostop-zolotovskiy-krasnoe-suhoe-14,sober-bash-korvina-krasnostop-zolotovskiy-krasnoe-suhoe-14.webp,Собер Баш
sober-bash-krasnostop-krasnostop-zolotovskiy-krasnoe-suhoe-14,sober-bash-krasnostop-krasnostop-zolotovskiy-krasnoe-suhoe-14.webp,Собер Баш
nesterov-winery-krasnostop-rubin-klere-krasnostop-zolotovskiy-rozovoe-suhoe-11,nesterov-winery-krasnostop-rubin-klere-krasnostop-zolotovskiy-rozovoe-suhoe-11.webp,Nesterov Winery
kuban-vino-krasnostop-de-tamane-krasnostop-anapskiy-krasnoe-suhoe-13,kuban-vino-krasnostop-de-tamane-krasnostop-anapskiy-krasnoe-suhoe-13.webp,Кубань-Вино
vinodelnya-vedernikov-krasnostop-zolotovskiy-krasnoe-suhoe-13,vinodelnya-vedernikov-krasnostop-zolotovskiy-krasnoe-suhoe-13.webp,Ведерниковъ
vinodelnya-marchenko-krasnostop-zolotovskiy-krasnoe-suhoe-14,vinodelnya-marchenko-krasnostop-zolotovskiy-krasnoe-suhoe-14.webp,Винодельня Марченко
vinodelnya-molchanova-krasnostop-zolotovskiy-krasnoe-suhoe-135,vinodelnya-molchanova-krasnostop-zolotovskiy-krasnoe-suhoe-135.webp,Винодельня Молчанова
nesterov-winery-krasnostop-zolotovskiy-krasnoe-suhoe-12,nesterov-winery-krasnostop-zolotovskiy-krasnoe-suhoe-12.webp,Nesterov Winery
vinodelnya-vedernikov-krasnostop-zolotovskiy-rezerv-krasnoe-suhoe-15,vinodelnya-vedernikov-krasnostop-zolotovskiy-rezerv-krasnoe-suhoe-15.webp,Ведерниковъ
vinodelnya-vedernikov-krasnostop-zolotovskiy-roze-rozovoe-suhoe-12,vinodelnya-vedernikov-krasnostop-zolotovskiy-roze-rozovoe-suhoe-12.webp,Ведерниковъ
chateau-de-talu-krasnostop-rezerv-krasnostop-anapskiy-krasnoe-suhoe-137,chateau-de-talu-krasnostop-rezerv-krasnostop-anapskiy-krasnoe-suhoe-137.webp,Chateau de Talu
domaine-de-la-vivandiere-krasnostop-roze-rozovoe-suhoe-134,domaine-de-la-vivandiere-krasnostop-roze-rozovoe-suhoe-134.webp,Domaine de la Vivandiere
gunko-winery-krasnye-gliny-kaberne-fran-krasnoe-suhoe-14,gunko-winery-krasnye-gliny-kaberne-fran-krasnoe-suhoe-14.webp,Gunko Winery
soyuz-vino-kubanskoe-traditsionnoe-beloe-polusladkoe-belye-sorta-vinograda-11,soyuz-vino-kubanskoe-traditsionnoe-beloe-polusladkoe-belye-sorta-vinograda-11.webp,Союз-Вино
soyuz-vino-kubanskoe-traditsionnoe-beloe-polusladkoe-07-belye-sorta-vinograda-11,soyuz-vino-kubanskoe-traditsionnoe-beloe-polusladkoe-07-belye-sorta-vinograda-11.webp,Союз-Вино
soyuz-vino-kubanskoe-traditsionnoe-beloe-suhoe-belye-sorta-vinograda-11,soyuz-vino-kubanskoe-traditsionnoe-beloe-suhoe-belye-sorta-vinograda-11.webp,Союз-Вино
soyuz-vino-kubanskoe-traditsionnoe-beloe-suhoe-07-belye-sorta-vinograda-11,soyuz-vino-kubanskoe-traditsionnoe-beloe-suhoe-07-belye-sorta-vinograda-11.webp,Союз-Вино
soyuz-vino-kubanskoe-traditsionnoe-krasnoe-polusladkoe-krasnye-sorta-vinograda-11,soyuz-vino-kubanskoe-traditsionnoe-krasnoe-polusladkoe-krasnye-sorta-vinograda-11.webp,Союз-Вино
soyuz-vino-kubanskoe-traditsionnoe-krasnoe-polusladkoe-07-krasnye-sorta-vinograda-11,soyuz-vino-kubanskoe-traditsionnoe-krasnoe-polusladkoe-07-krasnye-sorta-vinograda-11.webp,Союз-Вино
soyuz-vino-kubanskoe-traditsionnoe-krasnoe-suhoe-krasnye-sorta-vinograda-11,soyuz-vino-kubanskoe-traditsionnoe-krasnoe-suhoe-krasnye-sorta-vinograda-11.webp,Союз-Вино
soyuz-vino-kubanskoe-traditsionnoe-krasnoe-suhoe-07-krasnye-sorta-vinograda-11,soyuz-vino-kubanskoe-traditsionnoe-krasnoe-suhoe-07-krasnye-sorta-vinograda-11.webp,Союз-Вино
sober-bash-kumshatskiy-kumshatskiy-belyy-beloe-suhoe-11,sober-bash-kumshatskiy-kumshatskiy-belyy-beloe-suhoe-11.webp,Собер Баш
chateau-de-talu-kupazh-132-kaberne-sovinon-krasnoe-suhoe-146,chateau-de-talu-kupazh-132-kaberne-sovinon-krasnoe-suhoe-146.webp,Chateau de Talu
loco-cimbali-kuprin-bastardo-magarachskiy-krasnoe-suhoe-138,loco-cimbali-kuprin-bastardo-magarachskiy-krasnoe-suhoe-138.webp,Loco Cimbali
cock-test-belle-kyuve-1-blanc-de-blancs-shardone-beloe-ekstra-bryut-12,cock-test-belle-kyuve-1-blanc-de-blancs-shardone-beloe-ekstra-bryut-12.webp,Cock t'est belle
cock-test-belle-kyuve-2-blan-de-nuar-pino-mene-beloe-ekstra-bryut-12,cock-test-belle-kyuve-2-blan-de-nuar-pino-mene-beloe-ekstra-bryut-12.webp,Cock t'est belle
cock-test-belle-kyuve-5-roze-shardone-rozovoe-ekstra-bryut-12,cock-test-belle-kyuve-5-roze-shardone-rozovoe-ekstra-bryut-12.webp,Cock t'est belle
soyuz-vino-lavetti-beloe-polusladkoe-belye-sorta-vinograda-11,soyuz-vino-lavetti-beloe-polusladkoe-belye-sorta-vinograda-11.webp,Союз-Вино
soyuz-vino-lavetti-beloe-suhoe-belye-sorta-vinograda-11,soyuz-vino-lavetti-beloe-suhoe-belye-sorta-vinograda-11.webp,Союз-Вино
soyuz-vino-lavetti-krasnoe-polusladkoe-krasnye-sorta-vinograda-11,soyuz-vino-lavetti-krasnoe-polusladkoe-krasnye-sorta-vinograda-11.webp,Союз-Вино
soyuz-vino-lavetti-krasnoe-suhoe-krasnye-sorta-vinograda-11,soyuz-vino-lavetti-krasnoe-suhoe-krasnye-sorta-vinograda-11.webp,Союз-Вино
soyuz-vino-lavetti-rozovoe-polusladkoe-krasnye-sorta-vinograda-11,soyuz-vino-lavetti-rozovoe-polusladkoe-krasnye-sorta-vinograda-11.webp,Союз-Вино
soyuz-vino-lak-dazyur-blan-moellyo-belye-sorta-vinograda-beloe-polusladkoe-11,soyuz-vino-lak-dazyur-blan-moellyo-belye-sorta-vinograda-beloe-polusladkoe-11.webp,Союз-Вино
soyuz-vino-lak-dazyur-blan-sek-belye-sorta-vinograda-beloe-suhoe-11,soyuz-vino-lak-dazyur-blan-sek-belye-sorta-vinograda-beloe-suhoe-11.webp,Союз-Вино
soyuz-vino-lak-dazyur-ruzh-moellyo-belye-sorta-vinograda-krasnoe-polusladkoe-11,soyuz-vino-lak-dazyur-ruzh-moellyo-belye-sorta-vinograda-krasnoe-polusladkoe-11.webp,Союз-Вино
soyuz-vino-lak-dazyur-ruzh-sek-krasnye-sorta-vinograda-krasnoe-suhoe-11,soyuz-vino-lak-dazyur-ruzh-sek-krasnye-sorta-vinograda-krasnoe-suhoe-11.webp,Союз-Вино
massandra-lakrima-kristi-aleatiko-krasnoe-sladkoe-16,massandra-lakrima-kristi-aleatiko-krasnoe-sladkoe-16.webp,Массандра
gavras-levokumskiy-krasnoe-suhoe-12,gavras-levokumskiy-krasnoe-suhoe-12.webp,GAVRAS
legato-legato-kaberne-fran-krasnoe-suhoe-14,legato-legato-kaberne-fran-krasnoe-suhoe-14.webp,LeGato
legato-legato-merlo-krasnoe-suhoe-135,legato-legato-merlo-krasnoe-suhoe-135.webp,LeGato
legato-legato-pino-nuar-krasnoe-suhoe-135,legato-legato-pino-nuar-krasnoe-suhoe-135.webp,LeGato
legato-legato-saperavi-krasnoe-suhoe-14,legato-legato-saperavi-krasnoe-suhoe-14.webp,LeGato
legato-legato-shardone-beloe-suhoe-135,legato-legato-shardone-beloe-suhoe-135.webp,LeGato
soyuz-vino-lenty-izabella-krymskaya-krasnoe-polusladkoe-11,soyuz-vino-lenty-izabella-krymskaya-krasnoe-polusladkoe-11.webp,Союз-Вино
soyuz-vino-lenty-kaberne-krymskoe-kaberne-sovinon-krasnoe-polusladkoe-11,soyuz-vino-lenty-kaberne-krymskoe-kaberne-sovinon-krasnoe-polusladkoe-11.webp,Союз-Вино
soyuz-vino-lenty-shardone-krymskoe-beloe-polusladkoe-11,soyuz-vino-lenty-shardone-krymskoe-beloe-polusladkoe-11.webp,Союз-Вино
vinodelnya-zhakov-logovo-saperavi-krasnoe-suhoe-126,vinodelnya-zhakov-logovo-saperavi-krasnoe-suhoe-126.webp,Винодельня Жаков
lorio-rozovoe,lorio-rozovoe.webp,ЛОРИО -  семейная винодельня Логуновых
chateau-andre-mado-pino-nuar-rozovoe-suhoe-13,chateau-andre-mado-pino-nuar-rozovoe-suhoe-13.webp,Chateau Andre
cellar-master-malvaziya-beloe-suhoe-13,cellar-master-malvaziya-beloe-suhoe-13.webp,Cellar Master
vinodelnya-pokrovskaya-marinka-marinovskiy-rozovoe-suhoe-123,vinodelnya-pokrovskaya-marinka-marinovskiy-rozovoe-suhoe-123.webp,Винодельня Покровская
vinodelnya-myshako-marselan-krasnoe-suhoe-144,vinodelnya-myshako-marselan-krasnoe-suhoe-144.webp,Мысхако
vinodelnya-myshako-marselan-krasnoe-suhoe-143,vinodelnya-myshako-marselan-krasnoe-suhoe-143.webp,Мысхако
shato-pino-marselan-merlo-krasnoe-suhoe-13,shato-pino-marselan-merlo-krasnoe-suhoe-13.webp,Шато Пино
vinodelnya-myshako-marselan-mode-krasnoe-suhoe-145,vinodelnya-myshako-marselan-mode-krasnoe-suhoe-145.webp,Мысхако
vinodelnya-myshako-marselan-mode-appassimento-krasnoe-suhoe-146,vinodelnya-myshako-marselan-mode-appassimento-krasnoe-suhoe-146.webp,Мысхако
vinodelnya-myshako-marselan-avtorskaya-tehnologiya-krasnoe-suhoe-144,vinodelnya-myshako-marselan-avtorskaya-tehnologiya-krasnoe-suhoe-144.webp,Мысхако
massandra-kokur,massandra-kokur.webp,Массандра
massandra-muskat,massandra-muskat.webp,Массандра
massandra-massandra-heres-oreadna-aligote-beloe-suhoe-16,massandra-massandra-heres-oreadna-aligote-beloe-suhoe-16.webp,Массандра
belbek-meritazh-kaberne-sovinon-krasnoe-suhoe-136,belbek-meritazh-kaberne-sovinon-krasnoe-suhoe-136.webp,Бельбек
golubitskoe-estate-merlo-krasnoe-suhoe-135,golubitskoe-estate-merlo-krasnoe-suhoe-135.webp,Golubitskoe Estate
zmv-koktebel-merlo-krasnoe-suhoe-13,zmv-koktebel-merlo-krasnoe-suhoe-13.webp,ЗМВ Коктебель
alma-valley-merlo-krasnoe-suhoe-13,alma-valley-merlo-krasnoe-suhoe-13.webp,Alma Valley
esse-merlo-krasnoe-suhoe-135,esse-merlo-krasnoe-suhoe-135.webp,ESSE
bogovich-wine-vineyard-merlo-krasnoe-suhoe-14,bogovich-wine-vineyard-merlo-krasnoe-suhoe-14.webp,Bogovich Wine & Vineyard
chateau-andre-merlo-krasnoe-suhoe-14,chateau-andre-merlo-krasnoe-suhoe-14.webp,Chateau Andre
vinodelnya-begildeeva-merlo-krasnoe-suhoe-14,vinodelnya-begildeeva-merlo-krasnoe-suhoe-14.webp,Винодельня Бегильдеева
vinodelnya-batrak-merlo-rozovoe-suhoe-13,vinodelnya-batrak-merlo-rozovoe-suhoe-13.webp,Винодельня Батрак
loco-cimbali-merlo-krasnoe-suhoe-138,loco-cimbali-merlo-krasnoe-suhoe-138.webp,Loco Cimbali
stn-winery-merlo-krasnoe-suhoe-14,stn-winery-merlo-krasnoe-suhoe-14.webp,STN Winery
mons-albus-merlo-rozovoe-suhoe-132,mons-albus-merlo-rozovoe-suhoe-132.webp,Mons Albus
belbek-merlo-krasnoe-suhoe-13,belbek-merlo-krasnoe-suhoe-13.webp,Бельбек
vinodelnya-marko-merlo-krasnoe-suhoe-14,vinodelnya-marko-merlo-krasnoe-suhoe-14.webp,Винодельня Марко
vinodelnya-marchenko-merlo-krasnoe-suhoe-14,vinodelnya-marchenko-merlo-krasnoe-suhoe-14.webp,Винодельня Марченко
villa-sofiya-merlo-kaberne-sovinon-krasnoe-suhoe-14,villa-sofiya-merlo-kaberne-sovinon-krasnoe-suhoe-14.webp,Вилла София
vinodelnya-myshako-merlo-zinfandel-kyuve-rozovoe-suhoe-128,vinodelnya-myshako-merlo-zinfandel-kyuve-rozovoe-suhoe-128.webp,Мысхако
vinodelnya-myshako-merlo-tempranilo-kyuve-krasnoe-polusladkoe-135,vinodelnya-myshako-merlo-tempranilo-kyuve-krasnoe-polusladkoe-135.webp,Мысхако
vinodelnya-myshako-merlo-grand-rezerv-krasnoe-suhoe-142,vinodelnya-myshako-merlo-grand-rezerv-krasnoe-suhoe-142.webp,Мысхако
esse-merlo-otbornoe-krasnoe-suhoe-13,esse-merlo-otbornoe-krasnoe-suhoe-13.webp,ESSE
golubitskoe-estate-merlo-rezerv-krasnoe-suhoe-135,golubitskoe-estate-merlo-rezerv-krasnoe-suhoe-135.webp,Golubitskoe Estate
chateau-de-talu-merlo-rezerv-krasnoe-suhoe-14,chateau-de-talu-merlo-rezerv-krasnoe-suhoe-14.webp,Chateau de Talu
alma-valley-merlo-rezerv-krasnoe-suhoe-15,alma-valley-merlo-rezerv-krasnoe-suhoe-15.webp,Alma Valley
dubinin-winery-merlo-roze-rozovoe-suhoe-125,dubinin-winery-merlo-roze-rozovoe-suhoe-125.webp,Dubinin Winery
vinodelnya-myshako-merlo-black-out-krasnoe-sladkoe-14,vinodelnya-myshako-merlo-black-out-krasnoe-sladkoe-14.webp,Мысхако
vinodelnya-uzunov-mono-krasnostop-krasnostop-zolotovskiy-krasnoe-suhoe-139,vinodelnya-uzunov-mono-krasnostop-krasnostop-zolotovskiy-krasnoe-suhoe-139.webp,Винодельня Узунов
soyuz-vino-mosavali-rkatsiteli-beloe-polusladkoe-11,soyuz-vino-mosavali-rkatsiteli-beloe-polusladkoe-11.webp,Союз-Вино
soyuz-vino-mosavali-saperavi-suhoe-krasnoe-11,soyuz-vino-mosavali-saperavi-suhoe-krasnoe-11.webp,Союз-Вино
stn-winery-muskat-beloe-suhoe-115,stn-winery-muskat-beloe-suhoe-115.webp,STN Winery
esse-muskat-muskat-belyy-beloe-suhoe-115,esse-muskat-muskat-belyy-beloe-suhoe-115.webp,ESSE
belbek-muskat-muskat-belyy-beloe-suhoe-127,belbek-muskat-muskat-belyy-beloe-suhoe-127.webp,Бельбек
dva-serdtsa-muskat-muskat-belyy-beloe-polusuhoe-12,dva-serdtsa-muskat-muskat-belyy-beloe-polusuhoe-12.webp,Два Сердца
chateau-de-talu-muskat-beloe-suhoe-13,chateau-de-talu-muskat-beloe-suhoe-13.webp,Chateau de Talu
radiowine-muskat-amber-muskat-ottonel-beloe-suhoe-13,radiowine-muskat-amber-muskat-ottonel-beloe-suhoe-13.webp,Radio Wine
massandra-muskat-belyy-krasnogo-kamnya-beloe-sladkoe-13,massandra-muskat-belyy-krasnogo-kamnya-beloe-sladkoe-13.webp,Массандра
massandra-muskat-belyy-pozdnego-sbora-beloe-sladkoe-10,massandra-muskat-belyy-pozdnego-sbora-beloe-sladkoe-10.webp,Массандра
chateau-cachalot-muskat-blan-muskat-belyy-beloe-suhoe-117,chateau-cachalot-muskat-blan-muskat-belyy-beloe-suhoe-117.webp,Chateau Cachalot
andryus-yutsis-muskat-blan-vione-beloe-suhoe-117,andryus-yutsis-muskat-blan-vione-beloe-suhoe-117.webp,Andryus Yutsis
esse-muskat-oranzh-muskat-belyy-beloe-suhoe-115,esse-muskat-oranzh-muskat-belyy-beloe-suhoe-115.webp,ESSE
rem-akchurin-muskat-oranzh-oranzhevoe-suhoe-115,rem-akchurin-muskat-oranzh-oranzhevoe-suhoe-115.webp,Rem Akchurin
belbek-muskat-oranzh-muskat-belyy-oranzhevoe-suhoe-125,belbek-muskat-oranzh-muskat-belyy-oranzhevoe-suhoe-125.webp,Бельбек
bogovich-wine-vineyard-muskat-oranzh-muskat-belyy-beloe-suhoe-125,bogovich-wine-vineyard-muskat-oranzh-muskat-belyy-beloe-suhoe-125.webp,Bogovich Wine & Vineyard
vinodelnya-78-muskat-otbornyy-muskat-yantarnyy-beloe-suhoe-125,vinodelnya-78-muskat-otbornyy-muskat-yantarnyy-beloe-suhoe-125.webp,Винодельня 78
blagolyubov-muskat-ottonel-beloe-suhoe-125,blagolyubov-muskat-ottonel-beloe-suhoe-125.webp,Благолюбов
vinodelnya-78-muskat-polusladkoe-muskat-ottonel-beloe-115,vinodelnya-78-muskat-polusladkoe-muskat-ottonel-beloe-115.webp,Винодельня 78
massandra-muskat-rozovyy-pozdnego-sbora-rozovoe-sladkoe-10,massandra-muskat-rozovyy-pozdnego-sbora-rozovoe-sladkoe-10.webp,Массандра
dva-serdtsa-muskat-suhoy-muskat-belyy-beloe-suhoe-12,dva-serdtsa-muskat-suhoy-muskat-belyy-beloe-suhoe-12.webp,Два Сердца
vinodelnya-myshako-muskat-avtorskaya-tehnologiya-mono-beloe-suhoe-128,vinodelnya-myshako-muskat-avtorskaya-tehnologiya-mono-beloe-suhoe-128.webp,Мысхако
valeriy-zaharin-muskat-valeriy-zaharin-muskat-ottonel-beloe-polusladkoe-12,valeriy-zaharin-muskat-valeriy-zaharin-muskat-ottonel-beloe-polusladkoe-12.webp,Валерий Захарьин
domaine-lipko-muskat-pomeste-trenzina-muskat-belyy-beloe-suhoe-119,domaine-lipko-muskat-pomeste-trenzina-muskat-belyy-beloe-suhoe-119.webp,Domaine Lipko
muskat-premium,muskat-premium.webp,Литавщук. Litavshchuk vineyards & winery
massandra-muskatel-belyy-belye-sorta-vinograda-beloe-sladkoe-16,massandra-muskatel-belyy-belye-sorta-vinograda-beloe-sladkoe-16.webp,Массандра
massandra-muskatel-rozovyy-belye-sorta-vinograda-rozovoe-sladkoe-16,massandra-muskatel-rozovyy-belye-sorta-vinograda-rozovoe-sladkoe-16.webp,Массандра
massandra-muskatel-chernyy-krasnye-sorta-vinograda-krasnoe-sladkoe-16,massandra-muskatel-chernyy-krasnye-sorta-vinograda-krasnoe-sladkoe-16.webp,Массандра
vinodelnya-marchenko-mtsvane-mtsvane-kahetinskiy-beloe-suhoe-135,vinodelnya-marchenko-mtsvane-mtsvane-kahetinskiy-beloe-suhoe-135.webp,Винодельня Марченко
vinodelnya-myshako-myshako-kyuve-rozovoe-pino-nuar-bryut-123,vinodelnya-myshako-myshako-kyuve-rozovoe-pino-nuar-bryut-123.webp,Мысхако
nebo-rossii-glera,nebo-rossii-glera.webp,Kalos Limen
vinodelnya-zhakov-neoranzh-vostorg-beloe-suhoe-123,vinodelnya-zhakov-neoranzh-vostorg-beloe-suhoe-123.webp,Винодельня Жаков
artvin-odesskiy-chernyy-rezerv-krasnoe-suhoe-13,artvin-odesskiy-chernyy-rezerv-krasnoe-suhoe-13.webp,Артвин
olymp-winery-olimp-avtorskoe-kaberne-sovinon-krasnoe-suhoe-11,olymp-winery-olimp-avtorskoe-kaberne-sovinon-krasnoe-suhoe-11.webp,Olymp Winery
loco-cimbali-oranzh-muskat-oranzhevoe-suhoe-127,loco-cimbali-oranzh-muskat-oranzhevoe-suhoe-127.webp,Loco Cimbali
vinodelnya-myshako-oranzhevoe-iz-belogo-gevyurtstraminer-krasnoe-suhoe-142,vinodelnya-myshako-oranzhevoe-iz-belogo-gevyurtstraminer-krasnoe-suhoe-142.webp,Мысхако
andryus-yutsis-organik-risling-beloe-suhoe-115,andryus-yutsis-organik-risling-beloe-suhoe-115.webp,Andryus Yutsis
vinodelnya-raevskoe-parfyum-de-terruar-blansh-vione-beloe-suhoe-12,vinodelnya-raevskoe-parfyum-de-terruar-blansh-vione-beloe-suhoe-12.webp,Раевское
vinodelnya-raevskoe-parfyum-de-terruar-muskat-muskat-zheltyy-beloe-suhoe-123,vinodelnya-raevskoe-parfyum-de-terruar-muskat-muskat-zheltyy-beloe-suhoe-123.webp,Раевское
vinodelnya-raevskoe-parfyum-de-terruar-risling-beloe-suhoe-12,vinodelnya-raevskoe-parfyum-de-terruar-risling-beloe-suhoe-12.webp,Раевское
vinodelnya-raevskoe-parfyum-de-terruar-roze-tempranilo-rozovoe-suhoe-116,vinodelnya-raevskoe-parfyum-de-terruar-roze-tempranilo-rozovoe-suhoe-116.webp,Раевское
vinodelnya-raevskoe-parfyum-de-terruar-ruzh-tempranilo-krasnoe-suhoe-13,vinodelnya-raevskoe-parfyum-de-terruar-ruzh-tempranilo-krasnoe-suhoe-13.webp,Раевское
vinodelnya-raevskoe-parfyum-de-terruar-sovinon-blan-beloe-suhoe-121,vinodelnya-raevskoe-parfyum-de-terruar-sovinon-blan-beloe-suhoe-121.webp,Раевское
valeriy-zaharin-paterum-bastardo-saperavi-kefesiya-bastardo-magarachskiy-krasnoe-suhoe-12,valeriy-zaharin-paterum-bastardo-saperavi-kefesiya-bastardo-magarachskiy-krasnoe-suhoe-12.webp,Валерий Захарьин
alma-valley-petit-arvin-beloe-suhoe-13,alma-valley-petit-arvin-beloe-suhoe-13.webp,Alma Valley
golubitskoe-estate-petnat-white-risling-reynskiy-beloe-suhoe-115,golubitskoe-estate-petnat-white-risling-reynskiy-beloe-suhoe-115.webp,Golubitskoe Estate
shato-pino-petnat-oranzh-vione-beloe-ekstra-bryut-11,shato-pino-petnat-oranzh-vione-beloe-ekstra-bryut-11.webp,Шато Пино
shato-pino-petnat-pino-gri-beloe-ekstra-bryut-11,shato-pino-petnat-pino-gri-beloe-ekstra-bryut-11.webp,Шато Пино
shato-pino-petnat-pino-gri-rozovoe-ekstra-bryut-11,shato-pino-petnat-pino-gri-rozovoe-ekstra-bryut-11.webp,Шато Пино
shato-pino-petnat-pino-nuar-rozovoe-ekstra-bryut-11,shato-pino-petnat-pino-nuar-rozovoe-ekstra-bryut-11.webp,Шато Пино
denisov-winery-petnat-risling-beloe-ekstra-bryut-10,denisov-winery-petnat-risling-beloe-ekstra-bryut-10.webp,Denisov Winery
denisov-winery-petnat-rkatsiteli-beloe-ekstra-bryut-107,denisov-winery-petnat-rkatsiteli-beloe-ekstra-bryut-107.webp,Denisov Winery
denisov-winery-petnat-saperavi-severnyy-rozovoe-ekstra-bryut-105,denisov-winery-petnat-saperavi-severnyy-rozovoe-ekstra-bryut-105.webp,Denisov Winery
shato-pino-petnat-sovinon-blan-beloe-ekstra-bryut-11,shato-pino-petnat-sovinon-blan-beloe-ekstra-bryut-11.webp,Шато Пино
denisov-winery-petnat-tsitron-risling-tsitronnyy-magaracha-beloe-ekstra-bryut-102,denisov-winery-petnat-tsitron-risling-tsitronnyy-magaracha-beloe-ekstra-bryut-102.webp,Denisov Winery
alma-valley-pino-blan-beloe-suhoe-14,alma-valley-pino-blan-beloe-suhoe-14.webp,Alma Valley
loco-cimbali-pino-blan-beloe-suhoe-13,loco-cimbali-pino-blan-beloe-suhoe-13.webp,Loco Cimbali
alma-valley-pino-blan-rezerv-beloe-suhoe-14,alma-valley-pino-blan-rezerv-beloe-suhoe-14.webp,Alma Valley
esse-pino-gri-beloe-suhoe-12,esse-pino-gri-beloe-suhoe-12.webp,ESSE
massandra-pino-gri-beloe-sladkoe-16,massandra-pino-gri-beloe-sladkoe-16.webp,Массандра
alma-valley-pino-gri-beloe-polusuhoe-15,alma-valley-pino-gri-beloe-polusuhoe-15.webp,Alma Valley
chateau-andre-pino-gri-beloe-suhoe-14,chateau-andre-pino-gri-beloe-suhoe-14.webp,Chateau Andre
esse-pino-gri-blush-rozovoe-suhoe-115,esse-pino-gri-blush-rozovoe-suhoe-115.webp,ESSE
shato-pino-pino-gri-roze-rozovoe-ekstra-bryut-12,shato-pino-pino-gri-roze-rozovoe-ekstra-bryut-12.webp,Шато Пино
vinodelnya-myshako-pino-gridzhio-beloe-polusuhoe-123,vinodelnya-myshako-pino-gridzhio-beloe-polusuhoe-123.webp,Мысхако
shato-pino-pino-gridzhio-beloe-suhoe-12,shato-pino-pino-gridzhio-beloe-suhoe-12.webp,Шато Пино
loco-cimbali-pino-mene-krasnoe-suhoe-115,loco-cimbali-pino-mene-krasnoe-suhoe-115.webp,Loco Cimbali
belbek-pino-mene-krasnoe-suhoe-128,belbek-pino-mene-krasnoe-suhoe-128.webp,Бельбек
loco-cimbali-pino-nuar-krasnoe-suhoe-126,loco-cimbali-pino-nuar-krasnoe-suhoe-126.webp,Loco Cimbali
bakla-vines-pino-nuar-krasnoe-suhoe-125,bakla-vines-pino-nuar-krasnoe-suhoe-125.webp,Bakla Vines
bogovich-wine-vineyard-pino-nuar-krasnoe-suhoe-125,bogovich-wine-vineyard-pino-nuar-krasnoe-suhoe-125.webp,Bogovich Wine & Vineyard
andryus-yutsis-pino-nuar-krasnoe-suhoe-12,andryus-yutsis-pino-nuar-krasnoe-suhoe-12.webp,Andryus Yutsis
belbek-pino-nuar-krasnoe-suhoe-133,belbek-pino-nuar-krasnoe-suhoe-133.webp,Бельбек
chateau-andre-pino-nuar-krasnoe-suhoe-14,chateau-andre-pino-nuar-krasnoe-suhoe-14.webp,Chateau Andre
a-gordienko-m-nikolaev-pino-nuar-krasnoe-suhoe-135,a-gordienko-m-nikolaev-pino-nuar-krasnoe-suhoe-135.webp,А. Гордиенко & М. Николаев
denisov-winery-pino-nuar-rozovoe-suhoe-125,denisov-winery-pino-nuar-rozovoe-suhoe-125.webp,Denisov Winery
chateau-cachalot-pino-nuar-krasnoe-suhoe-12,chateau-cachalot-pino-nuar-krasnoe-suhoe-12.webp,Chateau Cachalot
abrau-dyurso-pino-nuar-krasnoe-suhoe-125,abrau-dyurso-pino-nuar-krasnoe-suhoe-125.webp,Абрау-Дюрсо
esse-pino-nuar-krasnoe-suhoe-115,esse-pino-nuar-krasnoe-suhoe-115.webp,ESSE
stn-winery-pino-nuar-krasnoe-suhoe-12,stn-winery-pino-nuar-krasnoe-suhoe-12.webp,STN Winery
alma-valley-pino-nuar-krasnoe-suhoe-13,alma-valley-pino-nuar-krasnoe-suhoe-13.webp,Alma Valley
shato-pino-pino-nuar-krasnoe-suhoe-135,shato-pino-pino-nuar-krasnoe-suhoe-135.webp,Шато Пино
vaynkraft-pino-nuar-krasnoe-suhoe-13,vaynkraft-pino-nuar-krasnoe-suhoe-13.webp,ВайнКрафт
vinodelnya-myshako-pino-nuar-karmener-reserve-krasnoe-suhoe-138,vinodelnya-myshako-pino-nuar-karmener-reserve-krasnoe-suhoe-138.webp,Мысхако
shato-pino-pino-nuar-pino-gri-rozovoe-suhoe-115,shato-pino-pino-nuar-pino-gri-rozovoe-suhoe-115.webp,Шато Пино
shato-pino-pino-nuar-saperavi-krasnoe-suhoe-13,shato-pino-pino-nuar-saperavi-krasnoe-suhoe-13.webp,Шато Пино
denisov-winery-pino-nuar-shardone-ekstra-bryut-beloe-125,denisov-winery-pino-nuar-shardone-ekstra-bryut-beloe-125.webp,Denisov Winery
bogovich-wine-vineyard-pino-nuar-2-krasnoe-suhoe-12,bogovich-wine-vineyard-pino-nuar-2-krasnoe-suhoe-12.webp,Bogovich Wine & Vineyard
dubinin-winery-pino-nuar-bryut-roze-rozovoe-ekstra-bryut-125,dubinin-winery-pino-nuar-bryut-roze-rozovoe-ekstra-bryut-125.webp,Dubinin Winery
le-k2-pino-nuar-pi-krasnoe-suhoe-133,le-k2-pino-nuar-pi-krasnoe-suhoe-133.webp,Le K2
belbek-pino-nuar-rezerv-krasnoe-suhoe-135,belbek-pino-nuar-rezerv-krasnoe-suhoe-135.webp,Бельбек
usadba-perovskih-pino-nuar-rezerv-krasnoe-suhoe-122,usadba-perovskih-pino-nuar-rezerv-krasnoe-suhoe-122.webp,Усадьба Перовских
alma-valley-pino-nuar-rezerv-krasnoe-suhoe-14,alma-valley-pino-nuar-rezerv-krasnoe-suhoe-14.webp,Alma Valley
golubitskoe-estate-pino-nuar-rezerv-krasnoe-suhoe-132,golubitskoe-estate-pino-nuar-rezerv-krasnoe-suhoe-132.webp,Golubitskoe Estate
shato-pino-pino-nuar-roze-rozovoe-ekstra-bryut-115,shato-pino-pino-nuar-roze-rozovoe-ekstra-bryut-115.webp,Шато Пино
domaine-de-la-vivandiere-pino-nuar-roze-rozovoe-suhoe-122,domaine-de-la-vivandiere-pino-nuar-roze-rozovoe-suhoe-122.webp,Domaine de la Vivandiere
vinabani-pino-nuar-roze-rozovoe-suhoe-12,vinabani-pino-nuar-roze-rozovoe-suhoe-12.webp,VinaBani
chateau-andre-pino-nuar-roze-rozovoe-suhoe-13,chateau-andre-pino-nuar-roze-rozovoe-suhoe-13.webp,Chateau Andre
belbek-pino-nuar-roze-rozovoe-suhoe-115,belbek-pino-nuar-roze-rozovoe-suhoe-115.webp,Бельбек
valeriy-zaharin-pino-nuar-valeriy-zaharin-krasnoe-polusladkoe-105,valeriy-zaharin-pino-nuar-valeriy-zaharin-krasnoe-polusladkoe-105.webp,Валерий Захарьин
pino-nuar-premium,pino-nuar-premium.webp,Литавщук. Litavshchuk vineyards & winery
vinodelnya-bratev-melnikovyh-pino-dva-brata-pino-gri-rozovoe-suhoe-13,vinodelnya-bratev-melnikovyh-pino-dva-brata-pino-gri-rozovoe-suhoe-13.webp,Винодельня Братьев Мельниковых
cloudy-winery-plohaya-devochka-pryanyy-traminer-traminer-beloe-suhoe-12,cloudy-winery-plohaya-devochka-pryanyy-traminer-traminer-beloe-suhoe-12.webp,Cloudy Winery
cloudy-winery-plohaya-devochka-sochnyy-pino-noir-pino-nuar-krasnoe-suhoe-12,cloudy-winery-plohaya-devochka-sochnyy-pino-noir-pino-nuar-krasnoe-suhoe-12.webp,Cloudy Winery
v2r-podnyat-parusa-kaberne-sovinon-krasnoe-suhoe-125,v2r-podnyat-parusa-kaberne-sovinon-krasnoe-suhoe-125.webp,В2Р
vinodelnya-pokrovskaya-pokrovskoe-krasnoe-kaberne-sovinon-suhoe-14,vinodelnya-pokrovskaya-pokrovskoe-krasnoe-kaberne-sovinon-suhoe-14.webp,Винодельня Покровская
vinodelnya-pokrovskaya-pokrovskoe-sladkoe-krasnoe-kaberne-sovinon-13,vinodelnya-pokrovskaya-pokrovskoe-sladkoe-krasnoe-kaberne-sovinon-13.webp,Винодельня Покровская
dacha-serdyuka-porechnoe-kaberne-sovinon-krasnoe-suhoe-13,dacha-serdyuka-porechnoe-kaberne-sovinon-krasnoe-suhoe-13.webp,Дача Сердюка
massandra-portveyn-belyy-alushta-belye-sorta-vinograda-beloe-sladkoe-17,massandra-portveyn-belyy-alushta-belye-sorta-vinograda-beloe-sladkoe-17.webp,Массандра
massandra-portveyn-belyy-krymskiy-kokur-beloe-sladkoe-18,massandra-portveyn-belyy-krymskiy-kokur-beloe-sladkoe-18.webp,Массандра
massandra-portveyn-krasnyy-alushta-krasnye-sorta-vinograda-krasnoe-sladkoe-17,massandra-portveyn-krasnyy-alushta-krasnye-sorta-vinograda-krasnoe-sladkoe-17.webp,Массандра
massandra-portveyn-krasnyy-livadiya-kaberne-sovinon-krasnoe-sladkoe-185,massandra-portveyn-krasnyy-livadiya-kaberne-sovinon-krasnoe-sladkoe-185.webp,Массандра
vinodelnya-vedernikov-pravoberezhnoe-krasnoe-kaberne-sovinon-suhoe-145,vinodelnya-vedernikov-pravoberezhnoe-krasnoe-kaberne-sovinon-suhoe-145.webp,Ведерниковъ
vinodelnya-batrak-prikumskoe-sonnenschein-shardone-beloe-suhoe-12,vinodelnya-batrak-prikumskoe-sonnenschein-shardone-beloe-suhoe-12.webp,Винодельня Батрак
vinodelnya-batrak-prikumskoe-vitale-kraft-kaberne-sovinon-krasnoe-suhoe-135,vinodelnya-batrak-prikumskoe-vitale-kraft-kaberne-sovinon-krasnoe-suhoe-135.webp,Винодельня Батрак
vinodelnya-myshako-primitivo-blaufrankish-reserve-krasnoe-suhoe-142,vinodelnya-myshako-primitivo-blaufrankish-reserve-krasnoe-suhoe-142.webp,Мысхако
esse-prirodno-polusladkoe-beloe-risling-125,esse-prirodno-polusladkoe-beloe-risling-125.webp,ESSE
esse-prirodno-polusladkoe-krasnoe-merlo-13,esse-prirodno-polusladkoe-krasnoe-merlo-13.webp,ESSE
rebo,rebo.webp,Cellar Master
rem-akchurin-rem-akchurin-pino-nuar-roze-rozovoe-suhoe-14,rem-akchurin-rem-akchurin-pino-nuar-roze-rozovoe-suhoe-14.webp,Rem Akchurin
vinodelnya-raevskoe-renessans-beloe-shardone-suhoe-126,vinodelnya-raevskoe-renessans-beloe-shardone-suhoe-126.webp,Раевское
vinodelnya-raevskoe-renessans-belyy-blend-risling-beloe-suhoe-121,vinodelnya-raevskoe-renessans-belyy-blend-risling-beloe-suhoe-121.webp,Раевское
vinodelnya-raevskoe-renessans-vione-beloe-suhoe-122,vinodelnya-raevskoe-renessans-vione-beloe-suhoe-122.webp,Раевское
vinodelnya-raevskoe-renessans-krasnoe-kaberne-sovinon-suhoe-13,vinodelnya-raevskoe-renessans-krasnoe-kaberne-sovinon-suhoe-13.webp,Раевское
vinodelnya-raevskoe-renessans-pino-nuar-krasnoe-suhoe-125,vinodelnya-raevskoe-renessans-pino-nuar-krasnoe-suhoe-125.webp,Раевское
vinodelnya-raevskoe-renessans-rozovoe-tempranilo-suhoe-12,vinodelnya-raevskoe-renessans-rozovoe-tempranilo-suhoe-12.webp,Раевское
vinodelnya-raevskoe-renessans-tempranilo-krasnoe-suhoe-135,vinodelnya-raevskoe-renessans-tempranilo-krasnoe-suhoe-135.webp,Раевское
vinodelnya-raevskoe-renessans-shardone-beloe-suhoe-128,vinodelnya-raevskoe-renessans-shardone-beloe-suhoe-128.webp,Раевское
vinodelnya-krinitsa-rivazh-kaberne-sovinon-krasnoe-suhoe-13,vinodelnya-krinitsa-rivazh-kaberne-sovinon-krasnoe-suhoe-13.webp,Криница
alma-valley-rislaner-beloe-polusladkoe-125,alma-valley-rislaner-beloe-polusladkoe-125.webp,Alma Valley
andryus-yutsis-risling-beloe-suhoe-12,andryus-yutsis-risling-beloe-suhoe-12.webp,Andryus Yutsis
bakla-vines-risling-beloe-polusuhoe-125,bakla-vines-risling-beloe-polusuhoe-125.webp,Bakla Vines
esse-risling-beloe-suhoe-115,esse-risling-beloe-suhoe-115.webp,ESSE
chateau-andre-risling-beloe-suhoe-13,chateau-andre-risling-beloe-suhoe-13.webp,Chateau Andre
belbek-risling-risling-reynskiy-beloe-suhoe-12,belbek-risling-risling-reynskiy-beloe-suhoe-12.webp,Бельбек
vinodelnya-myshako-risling-beloe-suhoe-123,vinodelnya-myshako-risling-beloe-suhoe-123.webp,Мысхако
gunko-winery-risling-beloe-suhoe-135,gunko-winery-risling-beloe-suhoe-135.webp,Gunko Winery
chateau-cachalot-risling-beloe-suhoe-115,chateau-cachalot-risling-beloe-suhoe-115.webp,Chateau Cachalot
golubitskoe-estate-risling-beloe-suhoe-125,golubitskoe-estate-risling-beloe-suhoe-125.webp,Golubitskoe Estate
domaine-de-la-vivandiere-risling-beloe-suhoe-122,domaine-de-la-vivandiere-risling-beloe-suhoe-122.webp,Domaine de la Vivandiere
villa-sofiya-risling-beloe-suhoe-12,villa-sofiya-risling-beloe-suhoe-12.webp,Вилла София
domaine-lipko-risling-beloe-polusuhoe-124,domaine-lipko-risling-beloe-polusuhoe-124.webp,Domaine Lipko
dubinin-winery-risling-beloe-suhoe-12,dubinin-winery-risling-beloe-suhoe-12.webp,Dubinin Winery
loco-cimbali-risling-beloe-suhoe-125,loco-cimbali-risling-beloe-suhoe-125.webp,Loco Cimbali
denisov-winery-risling-beloe-suhoe-115,denisov-winery-risling-beloe-suhoe-115.webp,Denisov Winery
vinodelnya-krinitsa-risling-beloe-suhoe-13,vinodelnya-krinitsa-risling-beloe-suhoe-13.webp,Криница
vinodelnya-marko-risling-beloe-suhoe-12,vinodelnya-marko-risling-beloe-suhoe-12.webp,Винодельня Марко
abrau-dyurso-risling-beloe-suhoe-12,abrau-dyurso-risling-beloe-suhoe-12.webp,Абрау-Дюрсо
rem-akchurin-risling-beloe-suhoe-125,rem-akchurin-risling-beloe-suhoe-125.webp,Rem Akchurin
vinodelnya-berdyaeva-risling-beloe-polusuhoe-108,vinodelnya-berdyaeva-risling-beloe-polusuhoe-108.webp,Винодельня Бердяева
vinodelnya-berdyaeva-risling-risling-reynskiy-beloe-suhoe-121,vinodelnya-berdyaeva-risling-risling-reynskiy-beloe-suhoe-121.webp,Винодельня Бердяева
v2r-risling-risling-reynskiy-beloe-suhoe-122,v2r-risling-risling-reynskiy-beloe-suhoe-122.webp,В2Р
vaynkraft-risling-beloe-suhoe-123,vaynkraft-risling-beloe-suhoe-123.webp,ВайнКрафт
alma-valley-risling-beloe-polusuhoe-125,alma-valley-risling-beloe-polusuhoe-125.webp,Alma Valley
sober-bash-risling-risling-reynskiy-beloe-suhoe-12,sober-bash-risling-risling-reynskiy-beloe-suhoe-12.webp,Собер Баш
vinodelnya-myshako-risling-mode-kabinett-beloe-polusuhoe-126,vinodelnya-myshako-risling-mode-kabinett-beloe-polusuhoe-126.webp,Мысхако
vinodelnya-myshako-risling-kyuve-bryut-beloe-126,vinodelnya-myshako-risling-kyuve-bryut-beloe-126.webp,Мысхако
golubitskoe-estate-risling-oranzh-risling-reynskiy-oranzhevoe-suhoe-13,golubitskoe-estate-risling-oranzh-risling-reynskiy-oranzhevoe-suhoe-13.webp,Golubitskoe Estate
jd_winery_risling_orange,jd_winery_risling_orange.webp,JD winery
gunko-winery-risling-rezerv-beloe-suhoe-135,gunko-winery-risling-rezerv-beloe-suhoe-135.webp,Gunko Winery
nesterov-winery-risling-reynskiy-beloe-suhoe-12,nesterov-winery-risling-reynskiy-beloe-suhoe-12.webp,Nesterov Winery
vinodelnya-myshako-risling-blanc-out-beloe-suhoe-145,vinodelnya-myshako-risling-blanc-out-beloe-suhoe-145.webp,Мысхако
valeriy-zaharin-risling-valeriy-zaharin-risling-reynskiy-beloe-polusladkoe-125,valeriy-zaharin-risling-valeriy-zaharin-risling-reynskiy-beloe-polusladkoe-125.webp,Валерий Захарьин
belbek-risling-pozdniy-sbor-risling-reynskiy-beloe-sladkoe-117,belbek-risling-pozdniy-sbor-risling-reynskiy-beloe-sladkoe-117.webp,Бельбек
vinodelnya-pokrovskaya-risling-pokrovskoe-risling-reynskiy-beloe-suhoe-13,vinodelnya-pokrovskaya-risling-pokrovskoe-risling-reynskiy-beloe-suhoe-13.webp,Винодельня Покровская
sober-bash-rkatsiteli-beloe-suhoe-14,sober-bash-rkatsiteli-beloe-suhoe-14.webp,Собер Баш
esse-rkatsiteli-beloe-suhoe-125,esse-rkatsiteli-beloe-suhoe-125.webp,ESSE
vinodelnya-marchenko-rkatsiteli-beloe-suhoe-135,vinodelnya-marchenko-rkatsiteli-beloe-suhoe-135.webp,Винодельня Марченко
loco-cimbali-rkatsiteli-oranzhevoe-suhoe-13,loco-cimbali-rkatsiteli-oranzhevoe-suhoe-13.webp,Loco Cimbali
mons-albus-rkatsiteli-beloe-suhoe-124,mons-albus-rkatsiteli-beloe-suhoe-124.webp,Mons Albus
vinodelnya-vedernikov-rkatsiteli-beloe-suhoe-13,vinodelnya-vedernikov-rkatsiteli-beloe-suhoe-13.webp,Ведерниковъ
belbek-rkatsiteli-beloe-suhoe-13,belbek-rkatsiteli-beloe-suhoe-13.webp,Бельбек
denisov-winery-rkatsiteli-beloe-suhoe-112,denisov-winery-rkatsiteli-beloe-suhoe-112.webp,Denisov Winery
levokumskoe-rkatsiteli-beloe-suhoe-10,levokumskoe-rkatsiteli-beloe-suhoe-10.webp,Левокумское
usadba-perovskih-rkatsiteli-beloe-suhoe-13,usadba-perovskih-rkatsiteli-beloe-suhoe-13.webp,Усадьба Перовских
vinodelnya-pokrovskaya-rkatsiteli-shardone-pokrovskoe-beloe-suhoe-13,vinodelnya-pokrovskaya-rkatsiteli-shardone-pokrovskoe-beloe-suhoe-13.webp,Винодельня Покровская
belbek-rkatsiteli-barrik-beloe-suhoe-13,belbek-rkatsiteli-barrik-beloe-suhoe-13.webp,Бельбек
vaynkraft-rkatsiteli-oranzh-oranzhevoe-suhoe-12,vaynkraft-rkatsiteli-oranzh-oranzhevoe-suhoe-12.webp,ВайнКрафт
esse-rkatsiteli-oranzh-beloe-suhoe-12,esse-rkatsiteli-oranzh-beloe-suhoe-12.webp,ESSE
bogovich-wine-vineyard-rkatsiteli-oranzh-beloe-suhoe-125,bogovich-wine-vineyard-rkatsiteli-oranzh-beloe-suhoe-125.webp,Bogovich Wine & Vineyard
esse-rkatsiteli-syur-li-beloe-suhoe-125,esse-rkatsiteli-syur-li-beloe-suhoe-125.webp,ESSE
vinodelnya-zhakov-rkatsiteli-eskeyp-krasnoe-suhoe-119,vinodelnya-zhakov-rkatsiteli-eskeyp-krasnoe-suhoe-119.webp,Винодельня Жаков
v2r-roze-kaberne-sovinon-rozovoe-polusuhoe-13,v2r-roze-kaberne-sovinon-rozovoe-polusuhoe-13.webp,В2Р
gunko-winery-roze-kaberne-fran-rozovoe-suhoe-135,gunko-winery-roze-kaberne-fran-rozovoe-suhoe-135.webp,Gunko Winery
chateau-de-talu-roze-kaberne-sovinon-rozovoe-suhoe-14,chateau-de-talu-roze-kaberne-sovinon-rozovoe-suhoe-14.webp,Chateau de Talu
dubinin-winery-roze-kaberne-fran-rozovoe-suhoe-13,dubinin-winery-roze-kaberne-fran-rozovoe-suhoe-13.webp,Dubinin Winery
domaine-lipko-roze-sira-rozovoe-suhoe-135,domaine-lipko-roze-sira-rozovoe-suhoe-135.webp,Domaine Lipko
belbek-roze-sira-rozovoe-suhoe-125,belbek-roze-sira-rozovoe-suhoe-125.webp,Бельбек
roze-premium,roze-premium.webp,Литавщук. Litavshchuk vineyards & winery
vinodelnya-zhakov-rozeo-saperavi-rozovoe-suhoe-115,vinodelnya-zhakov-rozeo-saperavi-rozovoe-suhoe-115.webp,Винодельня Жаков
vinodelnya-pokrovskaya-rozovoe-marinovskiy-suhoe-135,vinodelnya-pokrovskaya-rozovoe-marinovskiy-suhoe-135.webp,Винодельня Покровская
dva-serdtsa-rozovoe-kaberne-sovinon-suhoe-13,dva-serdtsa-rozovoe-kaberne-sovinon-suhoe-13.webp,Два Сердца
rozovoe-polusladkoe,rozovoe-polusladkoe.webp,Фанагория
novyy-svet-dom-shampanskih-vin-rossiyskoe-shampanskoe-vyderzhannoe-bryut-beloe-novyy-svet-shardone-125,novyy-svet-dom-shampanskih-vin-rossiyskoe-shampanskoe-vyderzhannoe-bryut-beloe-novyy-svet-shardone-125.webp,Новый Свет. Дом шампанских вин
novyy-svet-dom-shampanskih-vin-rossiyskoe-shampanskoe-vyderzhannoe-bryut-rozovoe-novyy-svet-kaberne-kaberne-sovinon-11,novyy-svet-dom-shampanskih-vin-rossiyskoe-shampanskoe-vyderzhannoe-bryut-rozovoe-novyy-svet-kaberne-kaberne-sovinon-11.webp,Новый Свет. Дом шампанских вин
novyy-svet-dom-shampanskih-vin-rossiyskoe-shampanskoe-vyderzhannoe-polusladkoe-rozovoe-novyy-svet-shardone-125,novyy-svet-dom-shampanskih-vin-rossiyskoe-shampanskoe-vyderzhannoe-polusladkoe-rozovoe-novyy-svet-shardone-125.webp,Новый Свет. Дом шампанских вин
novyy-svet-dom-shampanskih-vin-rossiyskoe-shampanskoe-vyderzhannoe-ekstra-bryut-beloe-novyy-svet-aligote-13,novyy-svet-dom-shampanskih-vin-rossiyskoe-shampanskoe-vyderzhannoe-ekstra-bryut-beloe-novyy-svet-aligote-13.webp,Новый Свет. Дом шампанских вин
novyy-svet-dom-shampanskih-vin-rossiyskoe-shampanskoe-vyderzhannoe-ekstra-bryut-beloe-novyy-svet-kokur-11,novyy-svet-dom-shampanskih-vin-rossiyskoe-shampanskoe-vyderzhannoe-ekstra-bryut-beloe-novyy-svet-kokur-11.webp,Новый Свет. Дом шампанских вин
novyy-svet-dom-shampanskih-vin-rossiyskoe-shampanskoe-kollektsionnoe-bryut-beloe-novyy-svet-zolotoy-risling-suhoe-13,novyy-svet-dom-shampanskih-vin-rossiyskoe-shampanskoe-kollektsionnoe-bryut-beloe-novyy-svet-zolotoy-risling-suhoe-13.webp,Новый Свет. Дом шампанских вин
novyy-svet-dom-shampanskih-vin-rossiyskoe-shampanskoe-kollektsionnoe-bryut-beloe-novyy-svet-kyuve-de-prestizh-pino-gri-millezim-rozovoe-125,novyy-svet-dom-shampanskih-vin-rossiyskoe-shampanskoe-kollektsionnoe-bryut-beloe-novyy-svet-kyuve-de-prestizh-pino-gri-millezim-rozovoe-125.webp,Новый Свет. Дом шампанских вин
novyy-svet-dom-shampanskih-vin-rossiyskoe-shampanskoe-kollektsionnoe-bryut-beloe-novyy-svet-paradizio-shardone-125,novyy-svet-dom-shampanskih-vin-rossiyskoe-shampanskoe-kollektsionnoe-bryut-beloe-novyy-svet-paradizio-shardone-125.webp,Новый Свет. Дом шампанских вин
novyy-svet-dom-shampanskih-vin-rossiyskoe-shampanskoe-kollektsionnoe-bryut-beloe-novyy-svet-yubileynoe-risling-13,novyy-svet-dom-shampanskih-vin-rossiyskoe-shampanskoe-kollektsionnoe-bryut-beloe-novyy-svet-yubileynoe-risling-13.webp,Новый Свет. Дом шампанских вин
novyy-svet-dom-shampanskih-vin-rossiyskoe-shampanskoe-kollektsionnoe-bryut-rozovoe-novyy-svet-pino-nuar-135,novyy-svet-dom-shampanskih-vin-rossiyskoe-shampanskoe-kollektsionnoe-bryut-rozovoe-novyy-svet-pino-nuar-135.webp,Новый Свет. Дом шампанских вин
novyy-svet-dom-shampanskih-vin-rossiyskoe-shampanskoe-kollektsionnoe-polusuhoe-beloe-novyy-svet-shardone-13,novyy-svet-dom-shampanskih-vin-rossiyskoe-shampanskoe-kollektsionnoe-polusuhoe-beloe-novyy-svet-shardone-13.webp,Новый Свет. Дом шампанских вин
novyy-svet-dom-shampanskih-vin-rossiyskoe-shampanskoe-kollektsionnoe-polusuhoe-beloe-novyy-svet-risling-125,novyy-svet-dom-shampanskih-vin-rossiyskoe-shampanskoe-kollektsionnoe-polusuhoe-beloe-novyy-svet-risling-125.webp,Новый Свет. Дом шампанских вин
novyy-svet-dom-shampanskih-vin-rossiyskoe-shampanskoe-kollektsionnoe-polusuhoe-rozovoe-novyy-svet-pino-nuar-125,novyy-svet-dom-shampanskih-vin-rossiyskoe-shampanskoe-kollektsionnoe-polusuhoe-rozovoe-novyy-svet-pino-nuar-125.webp,Новый Свет. Дом шампанских вин
novyy-svet-dom-shampanskih-vin-rossiyskoe-shampanskoe-kollektsionnoe-ekstra-bryut-beloe-novyy-svet-blan-de-nuar-pino-nuar-13,novyy-svet-dom-shampanskih-vin-rossiyskoe-shampanskoe-kollektsionnoe-ekstra-bryut-beloe-novyy-svet-blan-de-nuar-pino-nuar-13.webp,Новый Свет. Дом шампанских вин
novyy-svet-dom-shampanskih-vin-rossiyskoe-shampanskoe-kollektsionnoe-ekstra-bryut-beloe-novyy-svet-kyuve-de-prestizh-shardone-125,novyy-svet-dom-shampanskih-vin-rossiyskoe-shampanskoe-kollektsionnoe-ekstra-bryut-beloe-novyy-svet-kyuve-de-prestizh-shardone-125.webp,Новый Свет. Дом шампанских вин
novyy-svet-dom-shampanskih-vin-rossiyskoe-shampanskoe-kollektsionnoe-ekstra-bryut-beloe-novyy-svet-kyuve-risling-125,novyy-svet-dom-shampanskih-vin-rossiyskoe-shampanskoe-kollektsionnoe-ekstra-bryut-beloe-novyy-svet-kyuve-risling-125.webp,Новый Свет. Дом шампанских вин
novyy-svet-dom-shampanskih-vin-rossiyskoe-shampanskoe-kollektsionnoe-ekstra-bryut-beloe-novyy-svet-risling-kyuve-de-prestizh-125,novyy-svet-dom-shampanskih-vin-rossiyskoe-shampanskoe-kollektsionnoe-ekstra-bryut-beloe-novyy-svet-risling-kyuve-de-prestizh-125.webp,Новый Свет. Дом шампанских вин
novyy-svet-dom-shampanskih-vin-rossiyskoe-shampanskoe-kollektsionnoe-ekstra-bryut-beloe-novyy-svet-shardone-125,novyy-svet-dom-shampanskih-vin-rossiyskoe-shampanskoe-kollektsionnoe-ekstra-bryut-beloe-novyy-svet-shardone-125.webp,Новый Свет. Дом шампанских вин
vinodelnya-marchenko-rubin-rubin-azos-krasnoe-suhoe-14,vinodelnya-marchenko-rubin-rubin-azos-krasnoe-suhoe-14.webp,Винодельня Марченко
sober-bash-rubin-rubin-rubin-azos-krasnoe-suhoe-14,sober-bash-rubin-rubin-rubin-azos-krasnoe-suhoe-14.webp,Собер Баш
nesterov-winery-rubin-golodrigi-krasnoe-suhoe-11,nesterov-winery-rubin-golodrigi-krasnoe-suhoe-11.webp,Nesterov Winery
rubin-premium,rubin-premium.webp,Литавщук. Litavshchuk vineyards & winery
esse-rubinovyy-rubinovyy-magaracha-krasnoe-suhoe-12,esse-rubinovyy-rubinovyy-magaracha-krasnoe-suhoe-12.webp,ESSE
chateau-de-talu-ruzh-kaberne-sovinon-krasnoe-suhoe-14,chateau-de-talu-ruzh-kaberne-sovinon-krasnoe-suhoe-14.webp,Chateau de Talu
vinodelnya-pokrovskaya-ryzhest-rkatsiteli-beloe-suhoe-11,vinodelnya-pokrovskaya-ryzhest-rkatsiteli-beloe-suhoe-11.webp,Винодельня Покровская
ferrum-winery-sabernet-sauvignon-kaberne-sovinon-krasnoe-suhoe-14,ferrum-winery-sabernet-sauvignon-kaberne-sovinon-krasnoe-suhoe-14.webp,Ferrum Winery
ferrum-winery-sabernet-sauvignon-cabernet-franc-kaberne-sovinon-krasnoe-suhoe-12,ferrum-winery-sabernet-sauvignon-cabernet-franc-kaberne-sovinon-krasnoe-suhoe-12.webp,Ferrum Winery
cellar-master-sandzhoveze-krasnoe-suhoe-125,cellar-master-sandzhoveze-krasnoe-suhoe-125.webp,Cellar Master
belbek-sandzhoveze-krasnoe-suhoe-14,belbek-sandzhoveze-krasnoe-suhoe-14.webp,Бельбек
valeriy-zaharin-sandzhoveze-burlyuk-krasnoe-suhoe-13,valeriy-zaharin-sandzhoveze-burlyuk-krasnoe-suhoe-13.webp,Валерий Захарьин
belbek-saperavi-krasnoe-suhoe-137,belbek-saperavi-krasnoe-suhoe-137.webp,Бельбек
vinodelnya-zhakov-saperavi-krasnoe-suhoe-126,vinodelnya-zhakov-saperavi-krasnoe-suhoe-126.webp,Винодельня Жаков
vinabani-saperavi-krasnoe-suhoe-135,vinabani-saperavi-krasnoe-suhoe-135.webp,VinaBani
vinodelnya-78-saperavi-krasnoe-suhoe-135,vinodelnya-78-saperavi-krasnoe-suhoe-135.webp,Винодельня 78
dacha-serdyuka-saperavi-saperavi-severnyy-krasnoe-suhoe-14,dacha-serdyuka-saperavi-saperavi-severnyy-krasnoe-suhoe-14.webp,Дача Сердюка
nesterov-winery-saperavi-krasnoe-suhoe-135,nesterov-winery-saperavi-krasnoe-suhoe-135.webp,Nesterov Winery
dva-serdtsa-saperavi-krasnoe-suhoe-135,dva-serdtsa-saperavi-krasnoe-suhoe-135.webp,Два Сердца
esse-saperavi-krasnoe-suhoe-13,esse-saperavi-krasnoe-suhoe-13.webp,ESSE
valeriy-zaharin-saperavi-kaberne-sovinon-bakkal-su-krasnoe-suhoe-12,valeriy-zaharin-saperavi-kaberne-sovinon-bakkal-su-krasnoe-suhoe-12.webp,Валерий Захарьин
oxana-istratova-wine-saperavi-2023-krasnoe-suhoe-13,oxana-istratova-wine-saperavi-2023-krasnoe-suhoe-13.webp,Oxana Istratova Wine
vinodelnya-zhakov-saperavi-escape-krasnoe-suhoe-127,vinodelnya-zhakov-saperavi-escape-krasnoe-suhoe-127.webp,Винодельня Жаков
gunko-winery-saperavi-gunko-winery-krasnoe-suhoe-135,gunko-winery-saperavi-gunko-winery-krasnoe-suhoe-135.webp,Gunko Winery
esse-saperavi-heaven-krasnoe-suhoe-13,esse-saperavi-heaven-krasnoe-suhoe-13.webp,ESSE
vinodelnya-zhakov-saperavi-vyderzhannoe-krasnoe-suhoe-115,vinodelnya-zhakov-saperavi-vyderzhannoe-krasnoe-suhoe-115.webp,Винодельня Жаков
kuban-vino-saperavi-de-tamane-krasnoe-suhoe-125,kuban-vino-saperavi-de-tamane-krasnoe-suhoe-125.webp,Кубань-Вино
belbek-saperavi-rezerv-krasnoe-suhoe-14,belbek-saperavi-rezerv-krasnoe-suhoe-14.webp,Бельбек
dubinin-winery-saperavi-fresh-krasnoe-suhoe-135,dubinin-winery-saperavi-fresh-krasnoe-suhoe-135.webp,Dubinin Winery
valeriy-zaharin-sary-pandas-valeriy-zaharin-beloe-suhoe-125,valeriy-zaharin-sary-pandas-valeriy-zaharin-beloe-suhoe-125.webp,Валерий Захарьин
satera-satera-esse-krasnyy-blend-15-kaberne-sovinon-krasnoe-suhoe-13,satera-satera-esse-krasnyy-blend-15-kaberne-sovinon-krasnoe-suhoe-13.webp,Сатера
vinodelnya-marchenko-svezhiy-veter-mtsvane-mtsvane-kahetinskiy-beloe-suhoe-135,vinodelnya-marchenko-svezhiy-veter-mtsvane-mtsvane-kahetinskiy-beloe-suhoe-135.webp,Винодельня Марченко
alma-valley-semilon-beloe-suhoe-135,alma-valley-semilon-beloe-suhoe-135.webp,Alma Valley
vinodelnya-myshako-semilon-aligote-reserve-beloe-suhoe-126,vinodelnya-myshako-semilon-aligote-reserve-beloe-suhoe-126.webp,Мысхако
belbek-semilon-rezerv-beloe-suhoe-127,belbek-semilon-rezerv-beloe-suhoe-127.webp,Бельбек
domaine-de-la-vivandiere-senso-roze-rozovoe-suhoe-126,domaine-de-la-vivandiere-senso-roze-rozovoe-suhoe-126.webp,Domaine de la Vivandiere
dacha-serdyuka-sibirkovyy-beloe-suhoe-135,dacha-serdyuka-sibirkovyy-beloe-suhoe-135.webp,Дача Сердюка
vinodelnya-vedernikov-sibirkovyy-beloe-suhoe-11,vinodelnya-vedernikov-sibirkovyy-beloe-suhoe-11.webp,Ведерниковъ
blagolyubov-sibirkovyy-beloe-suhoe-115,blagolyubov-sibirkovyy-beloe-suhoe-115.webp,Благолюбов
domaine-de-la-vivandiere-sibirkovyy-sur-lies-beloe-suhoe-121,domaine-de-la-vivandiere-sibirkovyy-sur-lies-beloe-suhoe-121.webp,Domaine de la Vivandiere
dacha-serdyuka-sibirkovyy-oranzh-beloe-suhoe-135,dacha-serdyuka-sibirkovyy-oranzh-beloe-suhoe-135.webp,Дача Сердюка
domaine-de-la-vivandiere-sibirkovyy-fresh-beloe-suhoe-125,domaine-de-la-vivandiere-sibirkovyy-fresh-beloe-suhoe-125.webp,Domaine de la Vivandiere
vinodelnya-vedernikov-sibirkovyy-ekstra-bryut-beloe-117,vinodelnya-vedernikov-sibirkovyy-ekstra-bryut-beloe-117.webp,Ведерниковъ
vinodelnya-vedernikov-sibirkovyy-aligote-beloe-bryut-117,vinodelnya-vedernikov-sibirkovyy-aligote-beloe-bryut-117.webp,Ведерниковъ
bakla-vines-sira-krasnoe-suhoe-135,bakla-vines-sira-krasnoe-suhoe-135.webp,Bakla Vines
sira,sira.webp,Mantra Estate
chateau-cachalot-sira-krasnoe-suhoe-12,chateau-cachalot-sira-krasnoe-suhoe-12.webp,Chateau Cachalot
gavras-sira-krasnoe-suhoe-135,gavras-sira-krasnoe-suhoe-135.webp,GAVRAS
vinodelnya-myshako-sira-marselan-kyuve-krasnoe-suhoe-136,vinodelnya-myshako-sira-marselan-kyuve-krasnoe-suhoe-136.webp,Мысхако
a-gordienko-m-nikolaev-sira-nuvo-krasnoe-suhoe-115,a-gordienko-m-nikolaev-sira-nuvo-krasnoe-suhoe-115.webp,А. Гордиенко & М. Николаев
belbek-sira-rezerv-krasnoe-suhoe-132,belbek-sira-rezerv-krasnoe-suhoe-132.webp,Бельбек
valeriy-zaharin-sira-valeriy-zaharin-krasnoe-polusladkoe-125,valeriy-zaharin-sira-valeriy-zaharin-krasnoe-polusladkoe-125.webp,Валерий Захарьин
vinodelnya-krinitsa-sirakyuz-krasnoe-suhoe-13,vinodelnya-krinitsa-sirakyuz-krasnoe-suhoe-13.webp,Криница
golubitskoe-estate-sovinon-blan-beloe-suhoe-11,golubitskoe-estate-sovinon-blan-beloe-suhoe-11.webp,Golubitskoe Estate
alma-valley-sovinon-blan-beloe-suhoe-14,alma-valley-sovinon-blan-beloe-suhoe-14.webp,Alma Valley
belbek-sovinon-blan-beloe-suhoe-12,belbek-sovinon-blan-beloe-suhoe-12.webp,Бельбек
chateau-andre-sovinon-blan-beloe-suhoe-13,chateau-andre-sovinon-blan-beloe-suhoe-13.webp,Chateau Andre
villa-sofiya-sovinon-blan-beloe-suhoe-14,villa-sofiya-sovinon-blan-beloe-suhoe-14.webp,Вилла София
esse-sovinon-blan-beloe-suhoe-12,esse-sovinon-blan-beloe-suhoe-12.webp,ESSE
denisov-winery-sovinon-blan-beloe-suhoe-115,denisov-winery-sovinon-blan-beloe-suhoe-115.webp,Denisov Winery
mantra-estate-sauvignon-blanc-sovinon-blan-beloe-suhoe-133,mantra-estate-sauvignon-blanc-sovinon-blan-beloe-suhoe-133.webp,Mantra Estate
v2r-sovinon-blan-beloe-suhoe-13,v2r-sovinon-blan-beloe-suhoe-13.webp,В2Р
blagolyubov-sovinon-blan-beloe-suhoe-125,blagolyubov-sovinon-blan-beloe-suhoe-125.webp,Благолюбов
levokumskoe-sovinon-blan-beloe-suhoe-10,levokumskoe-sovinon-blan-beloe-suhoe-10.webp,Левокумское
dubinin-winery-sovinon-blan-beloe-suhoe-12,dubinin-winery-sovinon-blan-beloe-suhoe-12.webp,Dubinin Winery
vaynkraft-sovinon-blan-beloe-suhoe-13,vaynkraft-sovinon-blan-beloe-suhoe-13.webp,ВайнКрафт
vinodelnya-myshako-sovinon-blan-beloe-suhoe-122,vinodelnya-myshako-sovinon-blan-beloe-suhoe-122.webp,Мысхако
shato-pino-sovinon-blan-semilon-beloe-suhoe-115,shato-pino-sovinon-blan-semilon-beloe-suhoe-115.webp,Шато Пино
vinodelnya-myshako-sovinon-blan-vione-kyuve-beloe-suhoe-125,vinodelnya-myshako-sovinon-blan-vione-kyuve-beloe-suhoe-125.webp,Мысхако
ferrum-winery-sovinon-blan-blush-beloe-suhoe-104,ferrum-winery-sovinon-blan-blush-beloe-suhoe-104.webp,Ferrum Winery
gunko-winery-sovinon-blan-gunko-winery-beloe-suhoe-135,gunko-winery-sovinon-blan-gunko-winery-beloe-suhoe-135.webp,Gunko Winery
vinodelnya-myshako-sovinon-blan-mode-cold-style-beloe-suhoe-122,vinodelnya-myshako-sovinon-blan-mode-cold-style-beloe-suhoe-122.webp,Мысхако
vinodelnya-myshako-sovinon-blan-mode-petnat-beloe-bryut-12,vinodelnya-myshako-sovinon-blan-mode-petnat-beloe-bryut-12.webp,Мысхако
vinodelnya-myshako-sovinon-blan-kyuve-beloe-suhoe-134,vinodelnya-myshako-sovinon-blan-kyuve-beloe-suhoe-134.webp,Мысхако
alma-valley-sovinon-blan-rezerv-beloe-suhoe-14,alma-valley-sovinon-blan-rezerv-beloe-suhoe-14.webp,Alma Valley
esse-sovinon-blan-fyume-beloe-suhoe-128,esse-sovinon-blan-fyume-beloe-suhoe-128.webp,ESSE
vinodelnya-myshako-sovinon-blan-blanc-out-beloe-suhoe-138,vinodelnya-myshako-sovinon-blan-blanc-out-beloe-suhoe-138.webp,Мысхако
vinodelnya-myshako-sovinon-blan-avtorskaya-tehnologiya-mono-beloe-suhoe-128,vinodelnya-myshako-sovinon-blan-avtorskaya-tehnologiya-mono-beloe-suhoe-128.webp,Мысхако
valeriy-zaharin-sovinon-blan-valeriy-zaharin-beloe-polusladkoe-105,valeriy-zaharin-sovinon-blan-valeriy-zaharin-beloe-polusladkoe-105.webp,Валерий Захарьин
vinodelnya-pokrovskaya-sovinon-blan-pokrovskoe-beloe-suhoe-12,vinodelnya-pokrovskaya-sovinon-blan-pokrovskoe-beloe-suhoe-12.webp,Винодельня Покровская
vinodelnya-myshako-sovinon-semilon-kyuve-sovinon-blan-beloe-suhoe-132,vinodelnya-myshako-sovinon-semilon-kyuve-sovinon-blan-beloe-suhoe-132.webp,Мысхако
valeriy-zaharin-sovinon-valeriy-zaharin-beloe-polusladkoe-125,valeriy-zaharin-sovinon-valeriy-zaharin-beloe-polusladkoe-125.webp,Валерий Захарьин
alma-valley-solntse-vozduh-vinograd-sira-shiraz-rozovoe-polusladkoe-12,alma-valley-solntse-vozduh-vinograd-sira-shiraz-rozovoe-polusladkoe-12.webp,Alma Valley
alma-valley-solntse-vozduh-vinograd-sira-shiraz-krasnoe-polusuhoe-135,alma-valley-solntse-vozduh-vinograd-sira-shiraz-krasnoe-polusuhoe-135.webp,Alma Valley
alma-valley-solntse-vozduh-vinograd-merlo-krasnoe-polusladkoe-14,alma-valley-solntse-vozduh-vinograd-merlo-krasnoe-polusladkoe-14.webp,Alma Valley
alma-valley-solntse-vozduh-vinograd-shardone-beloe-polusuhoe-13,alma-valley-solntse-vozduh-vinograd-shardone-beloe-polusuhoe-13.webp,Alma Valley
alma-valley-solntse-vozduh-vinograd-kokur-beloe-polusladkoe-13,alma-valley-solntse-vozduh-vinograd-kokur-beloe-polusladkoe-13.webp,Alma Valley
nesterov-winery-solyaris-beloe-suhoe-14,nesterov-winery-solyaris-beloe-suhoe-14.webp,Nesterov Winery
soyuz-vino-soyuz-vino-evropak-shiraz-krasnoe-polusladkoe-11,soyuz-vino-soyuz-vino-evropak-shiraz-krasnoe-polusladkoe-11.webp,Союз-Вино
soyuz-vino-soyuz-vino-izabella-krasnoe-polusladkoe-11,soyuz-vino-soyuz-vino-izabella-krasnoe-polusladkoe-11.webp,Союз-Вино
soyuz-vino-soyuz-vino-izabella-beg-in-boks-krasnoe-polusladkoe-11,soyuz-vino-soyuz-vino-izabella-beg-in-boks-krasnoe-polusladkoe-11.webp,Союз-Вино
soyuz-vino-soyuz-vino-kaberne-sovinon-krasnoe-suhoe-12,soyuz-vino-soyuz-vino-kaberne-sovinon-krasnoe-suhoe-12.webp,Союз-Вино
soyuz-vino-soyuz-vino-muskat-beloe-polusladkoe-11,soyuz-vino-soyuz-vino-muskat-beloe-polusladkoe-11.webp,Союз-Вино
soyuz-vino-soyuz-vino-muskat-beg-in-boks-beloe-polusladkoe-11,soyuz-vino-soyuz-vino-muskat-beg-in-boks-beloe-polusladkoe-11.webp,Союз-Вино
soyuz-vino-soyuz-vino-shardone-beloe-polusladkoe-beg-in-boks-12,soyuz-vino-soyuz-vino-shardone-beloe-polusladkoe-beg-in-boks-12.webp,Союз-Вино
soyuz-vino-soyuz-vino-shardone-suhoe-beloe-11,soyuz-vino-soyuz-vino-shardone-suhoe-beloe-11.webp,Союз-Вино
blagolyubov-stanichnoe-stanichnyy-beloe-suhoe-12,blagolyubov-stanichnoe-stanichnyy-beloe-suhoe-12.webp,Благолюбов
vinodelnya-zhakov-tavkveri-escape-krasnoe-suhoe-117,vinodelnya-zhakov-tavkveri-escape-krasnoe-suhoe-117.webp,Винодельня Жаков
valeriy-zaharin-tangovoe-manto-pino-nuar-krasnoe-suhoe-13,valeriy-zaharin-tangovoe-manto-pino-nuar-krasnoe-suhoe-13.webp,Валерий Захарьин
valeriy-zaharin-tangovoe-manto-sovinon-sovinon-blan-beloe-suhoe-125,valeriy-zaharin-tangovoe-manto-sovinon-sovinon-blan-beloe-suhoe-125.webp,Валерий Захарьин
alma-valley-tba-sovinon-sovinon-blan-beloe-sladkoe-75,alma-valley-tba-sovinon-sovinon-blan-beloe-sladkoe-75.webp,Alma Valley
le-k2-temnaya-roza-sira-rozovoe-suhoe-13,le-k2-temnaya-roza-sira-rozovoe-suhoe-13.webp,Le K2
vinodelnya-myshako-tempranilo-rozovoe-suhoe-134,vinodelnya-myshako-tempranilo-rozovoe-suhoe-134.webp,Мысхако
alma-valley-tempranilo-krasnoe-suhoe-13,alma-valley-tempranilo-krasnoe-suhoe-13.webp,Alma Valley
alma-valley-tempranilo-rezerv-krasnoe-suhoe-14,alma-valley-tempranilo-rezerv-krasnoe-suhoe-14.webp,Alma Valley
soyuz-vino-terra-pia-kaldera-blend-risling-reynskiy-beloe-suhoe-11,soyuz-vino-terra-pia-kaldera-blend-risling-reynskiy-beloe-suhoe-11.webp,Союз-Вино
soyuz-vino-terra-pia-lava-blend-merlo-krasnoe-suhoe-12,soyuz-vino-terra-pia-lava-blend-merlo-krasnoe-suhoe-12.webp,Союз-Вино
vaynkraft-traminer-traminer-rozovyy-beloe-suhoe-14,vaynkraft-traminer-traminer-rozovyy-beloe-suhoe-14.webp,ВайнКрафт
chateau-andre-traminer-beloe-suhoe-135,chateau-andre-traminer-beloe-suhoe-135.webp,Chateau Andre
alma-valley-traminer-beloe-suhoe-125,alma-valley-traminer-beloe-suhoe-125.webp,Alma Valley
zmv-koktebel-traminer-desertnoe-beloe-sladkoe-16,zmv-koktebel-traminer-desertnoe-beloe-sladkoe-16.webp,ЗМВ Коктебель
vaynkraft-traminer-oranzh-traminer-rozovyy-oranzhevoe-suhoe-125,vaynkraft-traminer-oranzh-traminer-rozovyy-oranzhevoe-suhoe-125.webp,ВайнКрафт
vaynkraft-traminer-oranzh-2-traminer-rozovyy-oranzhevoe-suhoe-125,vaynkraft-traminer-oranzh-2-traminer-rozovyy-oranzhevoe-suhoe-125.webp,ВайнКрафт
valeriy-zaharin-traminer-burlyuk-traminer-rozovyy-beloe-suhoe-135,valeriy-zaharin-traminer-burlyuk-traminer-rozovyy-beloe-suhoe-135.webp,Валерий Захарьин
valeriy-zaharin-traminer-valeriy-zaharin-traminer-rozovyy-beloe-polusladkoe-105,valeriy-zaharin-traminer-valeriy-zaharin-traminer-rozovyy-beloe-polusladkoe-105.webp,Валерий Захарьин
sober-bash-trezvaya-golova-rozovoe-krasnostop-zolotovskiy-suhoe-115,sober-bash-trezvaya-golova-rozovoe-krasnostop-zolotovskiy-suhoe-115.webp,Собер Баш
sober-bash-trezvaya-golova-saperavi-krasnoe-suhoe-14,sober-bash-trezvaya-golova-saperavi-krasnoe-suhoe-14.webp,Собер Баш
sober-bash-trezvaya-golova-sibirkovyypino-gri-beloe-suhoe-11,sober-bash-trezvaya-golova-sibirkovyypino-gri-beloe-suhoe-11.webp,Собер Баш
stn-winery-trio-aligote-beloe-suhoe-13,stn-winery-trio-aligote-beloe-suhoe-13.webp,STN Winery
villa-sofiya-trio-beloe-risling-suhoe-12,villa-sofiya-trio-beloe-risling-suhoe-12.webp,Вилла София
villa-sofiya-trio-roze-pino-nuar-rozovoe-suhoe-14,villa-sofiya-trio-roze-pino-nuar-rozovoe-suhoe-14.webp,Вилла София
chateau-de-talu-uroki-frantsuzskogo-shardone-beloe-suhoe-124,chateau-de-talu-uroki-frantsuzskogo-shardone-beloe-suhoe-124.webp,Chateau de Talu
chateau-de-talu-uroki-frantsuzskogo-kaberne-sovinon-krasnoe-suhoe-14,chateau-de-talu-uroki-frantsuzskogo-kaberne-sovinon-krasnoe-suhoe-14.webp,Chateau de Talu
chateau-de-talu-uroki-frantsuzskogo-kaberne-fran-krasnoe-suhoe-14,chateau-de-talu-uroki-frantsuzskogo-kaberne-fran-krasnoe-suhoe-14.webp,Chateau de Talu
chateau-de-talu-uroki-frantsuzskogo-krasnostop-krasnostop-anapskiy-krasnoe-suhoe-145,chateau-de-talu-uroki-frantsuzskogo-krasnostop-krasnostop-anapskiy-krasnoe-suhoe-145.webp,Chateau de Talu
chateau-de-talu-uroki-frantsuzskogo-merlo-krasnoe-suhoe-147,chateau-de-talu-uroki-frantsuzskogo-merlo-krasnoe-suhoe-147.webp,Chateau de Talu
chateau-de-talu-uroki-frantsuzskogo-sira-krasnoe-suhoe-13,chateau-de-talu-uroki-frantsuzskogo-sira-krasnoe-suhoe-13.webp,Chateau de Talu
bogovich-wine-vineyard-faina-sovinon-zelenyy-beloe-suhoe-113,bogovich-wine-vineyard-faina-sovinon-zelenyy-beloe-suhoe-113.webp,Bogovich Wine & Vineyard
fanagoriya-fanagoriya-sakra-sennoy-krasnostop-krasnoe-suhoe-135,fanagoriya-fanagoriya-sakra-sennoy-krasnostop-krasnoe-suhoe-135.webp,Фанагория
vinodelnya-vedernikov-fantom-3070-krasnostop-zolotovskiy-krasnoe-suhoe-145,vinodelnya-vedernikov-fantom-3070-krasnostop-zolotovskiy-krasnoe-suhoe-145.webp,Ведерниковъ
vinodelnya-vedernikov-fantom-5050-krasnostop-zolotovskiy-krasnoe-suhoe-145,vinodelnya-vedernikov-fantom-5050-krasnostop-zolotovskiy-krasnoe-suhoe-145.webp,Ведерниковъ
vinodelnya-vedernikov-fantom-7030-krasnostop-zolotovskiy-krasnoe-suhoe-15,vinodelnya-vedernikov-fantom-7030-krasnostop-zolotovskiy-krasnoe-suhoe-15.webp,Ведерниковъ
kuban-vino-flyor-dyu-syud-blan-de-tamane-tsvetochnyy-beloe-suhoe-115,kuban-vino-flyor-dyu-syud-blan-de-tamane-tsvetochnyy-beloe-suhoe-115.webp,Кубань-Вино
kuban-vino-flyor-dyu-syud-roze-de-tamane-traminer-rozovyy-rozovoe-suhoe-125,kuban-vino-flyor-dyu-syud-roze-de-tamane-traminer-rozovyy-rozovoe-suhoe-125.webp,Кубань-Вино
kuban-vino-flyor-dyu-syud-ruzh-de-tamane-rubin-golodrigi-krasnoe-suhoe-12,kuban-vino-flyor-dyu-syud-ruzh-de-tamane-rubin-golodrigi-krasnoe-suhoe-12.webp,Кубань-Вино
vinodelnya-zhakov-fresherst-saperavi-krasnoe-suhoe-118,vinodelnya-zhakov-fresherst-saperavi-krasnoe-suhoe-118.webp,Винодельня Жаков
chateau-andre-tsvaygelt-tsvaygelt-tamanskiy-rozovoe-suhoe-13,chateau-andre-tsvaygelt-tsvaygelt-tamanskiy-rozovoe-suhoe-13.webp,Chateau Andre
chateau-andre-tsvaygelt-roze-rozovoe-suhoe-13,chateau-andre-tsvaygelt-roze-rozovoe-suhoe-13.webp,Chateau Andre
vinodelnya-vedernikov-tsimlyanskiy-chernyy-blanc-de-noirs-beloe-bryut-117,vinodelnya-vedernikov-tsimlyanskiy-chernyy-blanc-de-noirs-beloe-bryut-117.webp,Ведерниковъ
domaine-de-la-vivandiere-tsimlyanskiy-chyornyy-ctes-du-don-tsimlyanskiy-chernyy-rozovoe-suhoe-134,domaine-de-la-vivandiere-tsimlyanskiy-chyornyy-ctes-du-don-tsimlyanskiy-chernyy-rozovoe-suhoe-134.webp,Domaine de la Vivandiere
vinodelnya-vedernikov-tsimlyanskiy-chernyy-bryut-roze-rozovoe-129,vinodelnya-vedernikov-tsimlyanskiy-chernyy-bryut-roze-rozovoe-129.webp,Ведерниковъ
vinodelnya-vedernikov-tsimlyanskiy-chernyy-rezerv-krasnoe-suhoe-145,vinodelnya-vedernikov-tsimlyanskiy-chernyy-rezerv-krasnoe-suhoe-145.webp,Ведерниковъ
vinodelnya-vedernikov-tsimlyanskiy-chernyy-rozovyy-rozovoe-suhoe-125,vinodelnya-vedernikov-tsimlyanskiy-chernyy-rozovyy-rozovoe-suhoe-125.webp,Ведерниковъ
czimlyanskoe-beloe-bryut,czimlyanskoe-beloe-bryut.webp,Цимлянские вина
czimlyanskoe-beloe-polusladkoe,czimlyanskoe-beloe-polusladkoe.webp,Цимлянские вина
czimlyanskoe-risling,czimlyanskoe-risling.webp,Цимлянские вина
denisov-winery-tsitron-tsitronnyy-magaracha-beloe-suhoe-112,denisov-winery-tsitron-tsitronnyy-magaracha-beloe-suhoe-112.webp,Denisov Winery
bakla-vines-tsitron-krymskiy-tsitronnyy-magaracha-beloe-suhoe-118,bakla-vines-tsitron-krymskiy-tsitronnyy-magaracha-beloe-suhoe-118.webp,Bakla Vines
denisov-winery-tsitron-oranzh-tsitronnyy-magaracha-oranzhevoe-suhoe-105,denisov-winery-tsitron-oranzh-tsitronnyy-magaracha-oranzhevoe-suhoe-105.webp,Denisov Winery
vinodelnya-myshako-chernoe-iz-krasnogo-appassimento-kaberne-sovinon-krasnoe-polusuhoe-15,vinodelnya-myshako-chernoe-iz-krasnogo-appassimento-kaberne-sovinon-krasnoe-polusuhoe-15.webp,Мысхако
vinodelnya-myshako-chernoe-iz-chernogo-appassimento-kaberne-sovinon-krasnoe-suhoe-15,vinodelnya-myshako-chernoe-iz-chernogo-appassimento-kaberne-sovinon-krasnoe-suhoe-15.webp,Мысхако
vinodelnya-myshako-chernyy-udar-marselan-krasnoe-suhoe-162,vinodelnya-myshako-chernyy-udar-marselan-krasnoe-suhoe-162.webp,Мысхако
valeriy-zaharin-chetyre-tsveta-bastardo-bastardo-magarachskiy-krasnoe-suhoe-115,valeriy-zaharin-chetyre-tsveta-bastardo-bastardo-magarachskiy-krasnoe-suhoe-115.webp,Валерий Захарьин
shato-pino-shantazh-sovinon-blan-shardone-beloe-suhoe-115,shato-pino-shantazh-sovinon-blan-shardone-beloe-suhoe-115.webp,Шато Пино
mantra-estate-chardonnay-shardone-beloe-suhoe-135,mantra-estate-chardonnay-shardone-beloe-suhoe-135.webp,Mantra Estate
vinodelnya-myshako-shardone-beloe-suhoe-123,vinodelnya-myshako-shardone-beloe-suhoe-123.webp,Мысхако
vinodelnya-myshako-shardone-beloe-suhoe-145,vinodelnya-myshako-shardone-beloe-suhoe-145.webp,Мысхако
villa-sofiya-shardone-beloe-suhoe-14,villa-sofiya-shardone-beloe-suhoe-14.webp,Вилла София
shardone-2,shardone-2.webp,Галицкий и Галицкий
alma-valley-shardone-beloe-suhoe-135,alma-valley-shardone-beloe-suhoe-135.webp,Alma Valley
loco-cimbali-shardone-beloe-suhoe-127,loco-cimbali-shardone-beloe-suhoe-127.webp,Loco Cimbali
chateau-andre-shardone-beloe-suhoe-13,chateau-andre-shardone-beloe-suhoe-13.webp,Chateau Andre
abrau-dyurso-shardone-beloe-suhoe-12,abrau-dyurso-shardone-beloe-suhoe-12.webp,Абрау-Дюрсо
vinodelnya-berdyaeva-shardone-beloe-suhoe-125,vinodelnya-berdyaeva-shardone-beloe-suhoe-125.webp,Винодельня Бердяева
shato-pino-shardone-beloe-suhoe-125,shato-pino-shardone-beloe-suhoe-125.webp,Шато Пино
shato-pino-shardone-risling-beloe-suhoe-12,shato-pino-shardone-risling-beloe-suhoe-12.webp,Шато Пино
vinodelnya-myshako-shardone-aligote-kyuve-beloe-suhoe-125,vinodelnya-myshako-shardone-aligote-kyuve-beloe-suhoe-125.webp,Мысхако
golubitskoe-estate-shardone-noble-selection-barrel-touch-beloe-suhoe-135,golubitskoe-estate-shardone-noble-selection-barrel-touch-beloe-suhoe-135.webp,Golubitskoe Estate
vinodelnya-myshako-shardone-avtorskaya-tehnologiya-beloe-suhoe-155,vinodelnya-myshako-shardone-avtorskaya-tehnologiya-beloe-suhoe-155.webp,Мысхако
vinodelnya-myshako-shardone-myshako-grand-rezerv-beloe-suhoe-125,vinodelnya-myshako-shardone-myshako-grand-rezerv-beloe-suhoe-125.webp,Мысхако
esse-shardone-otbornoe-beloe-suhoe-12,esse-shardone-otbornoe-beloe-suhoe-12.webp,ESSE
alma-valley-shardone-rezerv-beloe-suhoe-14,alma-valley-shardone-rezerv-beloe-suhoe-14.webp,Alma Valley
golubitskoe-estate-shardone-rezerv-beloe-suhoe-135,golubitskoe-estate-shardone-rezerv-beloe-suhoe-135.webp,Golubitskoe Estate
chateau-de-talu-shardone-rezerv-beloe-suhoe-13,chateau-de-talu-shardone-rezerv-beloe-suhoe-13.webp,Chateau de Talu
vinodelnya-zhakov-shardone-eskeyp-beloe-suhoe-12,vinodelnya-zhakov-shardone-eskeyp-beloe-suhoe-12.webp,Винодельня Жаков
shardone-premium,shardone-premium.webp,Литавщук. Litavshchuk vineyards & winery
shato-pino-shary-kolduna-blash-pino-gri-rozovoe-suhoe-12,shato-pino-shary-kolduna-blash-pino-gri-rozovoe-suhoe-12.webp,Шато Пино
shato-pino-shary-kolduna-glyu-glyu-vione-krasnoe-suhoe-10,shato-pino-shary-kolduna-glyu-glyu-vione-krasnoe-suhoe-10.webp,Шато Пино
shato-pino-shary-kolduna-kirpichi-prileteli-pino-nuar-krasnoe-suhoe-135,shato-pino-shary-kolduna-kirpichi-prileteli-pino-nuar-krasnoe-suhoe-135.webp,Шато Пино
shato-pino-shary-kolduna-ramato-pino-gri-rozovoe-suhoe-115,shato-pino-shary-kolduna-ramato-pino-gri-rozovoe-suhoe-115.webp,Шато Пино
shato-pino-shary-kolduna-topolek-rkatsiteli-beloe-suhoe-125,shato-pino-shary-kolduna-topolek-rkatsiteli-beloe-suhoe-125.webp,Шато Пино
shato-pino-shary-koldunatroynichok-risling-beloe-suhoe-115,shato-pino-shary-koldunatroynichok-risling-beloe-suhoe-115.webp,Шато Пино
olymp-winery-shato-belbek-kaberne-kaberne-sovinon-krasnoe-suhoe-11,olymp-winery-shato-belbek-kaberne-kaberne-sovinon-krasnoe-suhoe-11.webp,Olymp Winery
soyuz-vino-shato-de-mongolfer-risling-polusuhoe-beloe-11,soyuz-vino-shato-de-mongolfer-risling-polusuhoe-beloe-11.webp,Союз-Вино
soyuz-vino-shato-de-mongolfer-shiraz-moellyo-krasnoe-polusladkoe-11,soyuz-vino-shato-de-mongolfer-shiraz-moellyo-krasnoe-polusladkoe-11.webp,Союз-Вино
soyuz-vino-shato-de-mongolfer-shiraz-polusuhoe-krasnoe-11,soyuz-vino-shato-de-mongolfer-shiraz-polusuhoe-krasnoe-11.webp,Союз-Вино
shato-pino-shato-pino-koldun-merlo-krasnoe-suhoe-137,shato-pino-shato-pino-koldun-merlo-krasnoe-suhoe-137.webp,Шато Пино
shato-pino-klassika-sauvignon-blanc,shato-pino-klassika-sauvignon-blanc.webp,Шато Пино
kuban-vino-shato-tamane-aligote-beloe-suhoe-13,kuban-vino-shato-tamane-aligote-beloe-suhoe-13.webp,Кубань-Вино
kuban-vino-shato-tamane-delikeyt-roze-2024-bianka-rozovoe-suhoe-95,kuban-vino-shato-tamane-delikeyt-roze-2024-bianka-rozovoe-suhoe-95.webp,Кубань-Вино
kuban-vino-shato-tamane-rezerv-kaberne-limited-edishn-2015-kaberne-sovinon-krasnoe-suhoe-13,kuban-vino-shato-tamane-rezerv-kaberne-limited-edishn-2015-kaberne-sovinon-krasnoe-suhoe-13.webp,Кубань-Вино
kuban-vino-shato-tamane-rezerv-kaberne-limited-edishn-2022-kaberne-sovinon-krasnoe-suhoe-14,kuban-vino-shato-tamane-rezerv-kaberne-limited-edishn-2022-kaberne-sovinon-krasnoe-suhoe-14.webp,Кубань-Вино
kuban-vino-shato-tamane-rezerv-kollekshn-saperavi-2015-krasnoe-suhoe-13,kuban-vino-shato-tamane-rezerv-kollekshn-saperavi-2015-krasnoe-suhoe-13.webp,Кубань-Вино
kuban-vino-shato-tamane-rezerv-kollekshn-shardone-beloe-suhoe-125,kuban-vino-shato-tamane-rezerv-kollekshn-shardone-beloe-suhoe-125.webp,Кубань-Вино
kuban-vino-shato-tamane-rezerv-krasnostop-krasnostop-anapskiy-krasnoe-suhoe-135,kuban-vino-shato-tamane-rezerv-krasnostop-krasnostop-anapskiy-krasnoe-suhoe-135.webp,Кубань-Вино
kuban-vino-shato-tamane-rezerv-merlo-limited-edishn-2018-krasnoe-suhoe-125,kuban-vino-shato-tamane-rezerv-merlo-limited-edishn-2018-krasnoe-suhoe-125.webp,Кубань-Вино
kuban-vino-shato-tamane-rezerv-myuller-turgau-limited-edishn-beloe-suhoe-13,kuban-vino-shato-tamane-rezerv-myuller-turgau-limited-edishn-beloe-suhoe-13.webp,Кубань-Вино
kuban-vino-shato-tamane-rezerv-myuller-turgau-limited-edishn-2021-beloe-suhoe-12,kuban-vino-shato-tamane-rezerv-myuller-turgau-limited-edishn-2021-beloe-suhoe-12.webp,Кубань-Вино
kuban-vino-shato-tamane-rezerv-premer-ruzh-kaberne-sovinon-krasnoe-suhoe-13,kuban-vino-shato-tamane-rezerv-premer-ruzh-kaberne-sovinon-krasnoe-suhoe-13.webp,Кубань-Вино
kuban-vino-shato-tamane-rezerv-red-blend-kaberne-sovinon-krasnoe-suhoe-125,kuban-vino-shato-tamane-rezerv-red-blend-kaberne-sovinon-krasnoe-suhoe-125.webp,Кубань-Вино
kuban-vino-shato-tamane-rkatsiteli-myuller-turgau-shardone-2025-beloe-suhoe-12,kuban-vino-shato-tamane-rkatsiteli-myuller-turgau-shardone-2025-beloe-suhoe-12.webp,Кубань-Вино
kuban-vino-shato-tamane-ruzh-2023-tsvaygelt-krasnoe-suhoe-12,kuban-vino-shato-tamane-ruzh-2023-tsvaygelt-krasnoe-suhoe-12.webp,Кубань-Вино
kuban-vino-shato-tamane-selekt-oranzh-tsitronnyy-magaracha-oranzhevoe-suhoe-135,kuban-vino-shato-tamane-selekt-oranzh-tsitronnyy-magaracha-oranzhevoe-suhoe-135.webp,Кубань-Вино
kuban-vino-shato-tamane-selekt-ruzh-saperavi-krasnoe-suhoe-125,kuban-vino-shato-tamane-selekt-ruzh-saperavi-krasnoe-suhoe-125.webp,Кубань-Вино
kuban-vino-shato-tamane-terruar-krasnostop-saperavi-2022-krasnoe-suhoe-125,kuban-vino-shato-tamane-terruar-krasnostop-saperavi-2022-krasnoe-suhoe-125.webp,Кубань-Вино
kuban-vino-shato-tamane-terruar-krasnostop-saperavi-2023-krasnoe-suhoe-125,kuban-vino-shato-tamane-terruar-krasnostop-saperavi-2023-krasnoe-suhoe-125.webp,Кубань-Вино
kuban-vino-shato-tamane-shardone-beloe-suhoe-12,kuban-vino-shato-tamane-shardone-beloe-suhoe-12.webp,Кубань-Вино
andryus-yutsis-shenen-blan-beloe-suhoe-12,andryus-yutsis-shenen-blan-beloe-suhoe-12.webp,Andryus Yutsis
chateau-cachalot-shenen-blan-beloe-suhoe-113,chateau-cachalot-shenen-blan-beloe-suhoe-113.webp,Chateau Cachalot
esse-shenen-blan-beloe-suhoe-13,esse-shenen-blan-beloe-suhoe-13.webp,ESSE
soyuz-vino-sheremetevskie-pogreba-beloe-polusladkoe-belye-sorta-vinograda-11,soyuz-vino-sheremetevskie-pogreba-beloe-polusladkoe-belye-sorta-vinograda-11.webp,Союз-Вино
soyuz-vino-sheremetevskie-pogreba-kaberne-sovinon-krasnoe-suhoe-11,soyuz-vino-sheremetevskie-pogreba-kaberne-sovinon-krasnoe-suhoe-11.webp,Союз-Вино
soyuz-vino-sheremetevskie-pogreba-krasnoe-polusladkoe-krasnye-sorta-vinograda-11,soyuz-vino-sheremetevskie-pogreba-krasnoe-polusladkoe-krasnye-sorta-vinograda-11.webp,Союз-Вино
soyuz-vino-sheremetevskie-pogreba-shardone-beloe-suhoe-11,soyuz-vino-sheremetevskie-pogreba-shardone-beloe-suhoe-11.webp,Союз-Вино
shato-pino-shiraz-krasnoe-suhoe-14,shato-pino-shiraz-krasnoe-suhoe-14.webp,Шато Пино
shato-pino-shiraz-krasnoe-suhoe-135,shato-pino-shiraz-krasnoe-suhoe-135.webp,Шато Пино
alma-valley-shiraz-krasnoe-suhoe-13,alma-valley-shiraz-krasnoe-suhoe-13.webp,Alma Valley
vinodelnya-myshako-shiraz-krasnoe-suhoe-146,vinodelnya-myshako-shiraz-krasnoe-suhoe-146.webp,Мысхако
alma-valley-shiraz-sira-rezerv-krasnoe-suhoe-14,alma-valley-shiraz-sira-rezerv-krasnoe-suhoe-14.webp,Alma Valley
chateau-de-talu-shiraz-rezerv-sira-krasnoe-suhoe-14,chateau-de-talu-shiraz-rezerv-sira-krasnoe-suhoe-14.webp,Chateau de Talu
vinodelnya-myshako-shiraz-black-out-krasnoe-suhoe-152,vinodelnya-myshako-shiraz-black-out-krasnoe-suhoe-152.webp,Мысхако
vinodelnya-batrak-shpinel-kaberne-sovinon-rozovoe-suhoe-12,vinodelnya-batrak-shpinel-kaberne-sovinon-rozovoe-suhoe-12.webp,Винодельня Батрак
seneth-shu-shu-saperavi-rozovoe-suhoe-12,seneth-shu-shu-saperavi-rozovoe-suhoe-12.webp,Сенетх
vinodelnya-raevskoe-eklego-krasnoe-tempranilo-suhoe-13,vinodelnya-raevskoe-eklego-krasnoe-tempranilo-suhoe-13.webp,Раевское
soyuz-vino-el-krusero-blanko-polusladkoe-belye-sorta-vinograda-beloe-11,soyuz-vino-el-krusero-blanko-polusladkoe-belye-sorta-vinograda-beloe-11.webp,Союз-Вино
soyuz-vino-el-krusero-tinto-polusladkoe-krasnye-sorta-vinograda-krasnoe-11,soyuz-vino-el-krusero-tinto-polusladkoe-krasnye-sorta-vinograda-krasnoe-11.webp,Союз-Вино
derbent-vino-endemy-aligote-beloe-bryut-105-125,derbent-vino-endemy-aligote-beloe-bryut-105-125.webp,Дербент Вино
derbent-vino-endemy-kaberne-sovinon-krasnoe-suhoe-13,derbent-vino-endemy-kaberne-sovinon-krasnoe-suhoe-13.webp,Дербент Вино
derbent-vino-endemy-kaberne-sovinon-rozovoe-bryut-105-125,derbent-vino-endemy-kaberne-sovinon-rozovoe-bryut-105-125.webp,Дербент Вино
derbent-vino-endemy-kaberne-fran-krasnoe-suhoe-13,derbent-vino-endemy-kaberne-fran-krasnoe-suhoe-13.webp,Дербент Вино
derbent-vino-endemy-pino-nuar-rozovoe-bryut-105-125,derbent-vino-endemy-pino-nuar-rozovoe-bryut-105-125.webp,Дербент Вино
chateau-de-talu-enolog-kaberne-sovinon-krasnoe-suhoe-15,chateau-de-talu-enolog-kaberne-sovinon-krasnoe-suhoe-15.webp,Chateau de Talu
vinodelnya-krinitsa-ester-muskat-beloe-suhoe-128,vinodelnya-krinitsa-ester-muskat-beloe-suhoe-128.webp,Криница
chateau-de-talu-yuzhnaya-vertikal-kaberne-fran-krasnoe-suhoe-142,chateau-de-talu-yuzhnaya-vertikal-kaberne-fran-krasnoe-suhoe-142.webp,Chateau de Talu
chateau-de-talu-yuzhnaya-vertikal-kaberne-fran-premium-krasnoe-suhoe-143,chateau-de-talu-yuzhnaya-vertikal-kaberne-fran-premium-krasnoe-suhoe-143.webp,Chateau de Talu
chateau-de-talu-yuzhnaya-vertikal-kaberne-fran-rezerv-krasnoe-suhoe-146,chateau-de-talu-yuzhnaya-vertikal-kaberne-fran-rezerv-krasnoe-suhoe-146.webp,Chateau de Talu
agora-muskat,agora-muskat.webp,AGORA WINERY
chateau-tamagne-eno-traminer-i-shardone,chateau-tamagne-eno-traminer-i-shardone.webp,Кубань-Вино
magnatum-blanc-de-blancs,magnatum-blanc-de-blancs.webp,Mantra Estate
mancopia-saperavi,mancopia-saperavi.webp,Mancopia
bukovinka,bukovinka.webp,Табия
glera-manno,glera-manno.webp,Мысхако
kaberne-sovinon-2,kaberne-sovinon-2.webp,Табия
lesnaya-proseka,lesnaya-proseka.webp,Кубань-Вино
soyuz-vino-mosavali-saperavi-polusladkoe-krasnoe-11,soyuz-vino-mosavali-saperavi-polusladkoe-krasnoe-11.webp,Союз-Вино
oleg,oleg.webp,Табия
pobeda,pobeda.webp,Табия
pozdnij-sbor-beloe,pozdnij-sbor-beloe.webp,Литавщук. Litavshchuk vineyards & winery
pozdnij-sbor-krasnoe,pozdnij-sbor-krasnoe.webp,Литавщук. Litavshchuk vineyards & winery
risling-1,risling-1.webp,Табия
roze-2,roze-2.webp,Табия
rozovoe-zoloto,rozovoe-zoloto.webp,Табия
rubin-golodrigi,rubin-golodrigi.webp,Табия
rustok-glera-ru-140,rustok-glera-ru-140.webp,Мысхако
twopeters_saperavi,twopeters_saperavi.webp,Два Петра
czitronnyj-magaracha,czitronnyj-magaracha.webp,Табия
mancopia-kaberne-sovinon,mancopia-kaberne-sovinon.webp,Mancopia
esse-demi-sec-muscat-nectar-muskat-belyy-beloe-ekstra-bryut-115,esse-demi-sec-muscat-nectar-muskat-belyy-beloe-ekstra-bryut-115.webp,ESSE
agrolayn-heritage-dg-skin-contact-red-saperavi-krasnoe-suhoe-13,agrolayn-heritage-dg-skin-contact-red-saperavi-krasnoe-suhoe-13.webp,Агролайн
agrolayn-mountain-eagle-semillon-semilon-beloe-suhoe-11,agrolayn-mountain-eagle-semillon-semilon-beloe-suhoe-11.webp,Агролайн
esse-muskat-muskat-belyy-beloe-ekstra-bryut-115,esse-muskat-muskat-belyy-beloe-ekstra-bryut-115.webp,ESSE
kuban-vino-aristov-kaberne-sovinon-roze-rozovoe-suhoe-12,kuban-vino-aristov-kaberne-sovinon-roze-rozovoe-suhoe-12.webp,Кубань-Вино
kuban-vino-aristov-kaberne-sovinon-roze-2020-rozovoe-suhoe-12,kuban-vino-aristov-kaberne-sovinon-roze-2020-rozovoe-suhoe-12.webp,Кубань-Вино
oxana-istratova-wine-vione-2023-oranzhevoe-suhoe-119,oxana-istratova-wine-vione-2023-oranzhevoe-suhoe-119.webp,Oxana Istratova Wine
oxana-istratova-wine-vione-2024-oranzhevoe-suhoe-13,oxana-istratova-wine-vione-2024-oranzhevoe-suhoe-13.webp,Oxana Istratova Wine
derbent-vino-desono-merlo-krasnoe-suhoe-125,derbent-vino-desono-merlo-krasnoe-suhoe-125.webp,Дербент Вино
legato-legato-sovinon-blan-beloe-suhoe-125,legato-legato-sovinon-blan-beloe-suhoe-125.webp,LeGato
legato-legato-sovinon-blan-mtsvane-beloe-suhoe-125,legato-legato-sovinon-blan-mtsvane-beloe-suhoe-125.webp,LeGato
oxana-istratova-wine-rkatsiteli-2023-oranzhevoe-suhoe-113,oxana-istratova-wine-rkatsiteli-2023-oranzhevoe-suhoe-113.webp,Oxana Istratova Wine
oxana-istratova-wine-rkatsiteli-2024-oranzhevoe-suhoe-12,oxana-istratova-wine-rkatsiteli-2024-oranzhevoe-suhoe-12.webp,Oxana Istratova Wine
soyuz-vino-soyuz-vino-kaberne-sovinon-beg-in-boks-krasnoe-suhoe-11,soyuz-vino-soyuz-vino-kaberne-sovinon-beg-in-boks-krasnoe-suhoe-11.webp,Союз-Вино
soyuz-vino-soyuz-vino-kaberne-sovinon-polusladkoe-beg-in-boks-krasnoe-12,soyuz-vino-soyuz-vino-kaberne-sovinon-polusladkoe-beg-in-boks-krasnoe-12.webp,Союз-Вино
soyuz-vino-soyuz-vino-shardone-suhoe-beg-in-boks-beloe-11,soyuz-vino-soyuz-vino-shardone-suhoe-beg-in-boks-beloe-11.webp,Союз-Вино
derbent-vino-endemy-merlo-krasnoe-suhoe-13,derbent-vino-endemy-merlo-krasnoe-suhoe-13.webp,Дербент Вино
aristov-kyuve-aleksandr-blan-de-blan,aristov-kyuve-aleksandr-blan-de-blan.png,Кубань-Вино
zhemchuzhnaya-9-kaberne-sovinon-pino-nuar,zhemchuzhnaya-9-kaberne-sovinon-pino-nuar.webp,АРАТТИ
perovskih_polusuhoe_krasnoe,perovskih_polusuhoe_krasnoe.webp,Усадьба Перовских
jd_winery_risling,jd_winery_risling.webp,JD winery
abrau-dyurso-udelnoe-vedomstvo-imperatorskoe-beloe-bryut,abrau-dyurso-udelnoe-vedomstvo-imperatorskoe-beloe-bryut.webp,Абрау-Дюрсо
kaffa-joy-merlot-malbec,kaffa-joy-merlot-malbec.webp,Золотое Поле
zb-vajn-spumante-bryut-rozovoe,zb-vajn-spumante-bryut-rozovoe.jpg,Золотая Балка
koktebel-casa-belyj-kupazh,koktebel-casa-belyj-kupazh.webp,ЗМВ Коктебель
polusuhoe-rozovoe-zb-vajn-frizzante,polusuhoe-rozovoe-zb-vajn-frizzante.jpg,Золотая Балка
vysokij-bereg-risling-zelenaya-seriya,vysokij-bereg-risling-zelenaya-seriya.png,Кубань-Вино
vysokij-bereg-traminer-zelenaya-seriya,vysokij-bereg-traminer-zelenaya-seriya.png,Кубань-Вино
novyj-svet-zolotoj-risling,novyj-svet-zolotoj-risling.webp,Новый Свет. Дом шампанских вин
inkerman-muskatnoe-beloe,inkerman-muskatnoe-beloe.webp,Инкерманский ЗМВ
gaj-kodzor-sovinon-blan,gaj-kodzor-sovinon-blan.webp,Виноградники Гай-Кодзора
cantiani-cabernet-sauvignon-merlot,cantiani-cabernet-sauvignon-merlot.webp,Шато АЛВИСА
skalistyj-bereg-shepot-czvetov,skalistyj-bereg-shepot-czvetov.webp,Скалистый берег
shato-taman-polusladkoe,shato-taman-polusladkoe.png,Кубань-Вино
blush-mirage-risling,blush-mirage-risling.png,AGORA WINERY
privat,privat.jpg,Солнечная долина
fanagoriya-ona-skazala-da-beloe-polusladkoe,fanagoriya-ona-skazala-da-beloe-polusladkoe.png,Фанагория
ona-skazala-da,ona-skazala-da.png,Фанагория
agora-terruarnoe-kaberne-sovinon,agora-terruarnoe-kaberne-sovinon.png,AGORA WINERY
shardone,shardone.webp,Chateau Semiray
cantiani-chardonnay,cantiani-chardonnay.webp,Шато АЛВИСА
agora-rosa-viva-cabernet-franc,agora-rosa-viva-cabernet-franc.png,AGORA WINERY
solnechnaya-dolina-meganom-kokur-beloe-bryut,solnechnaya-dolina-meganom-kokur-beloe-bryut.jpg,Солнечная долина
gaj-kodzor-rusan,gaj-kodzor-rusan.webp,Виноградники Гай-Кодзора
risling-shato-taman,risling-shato-taman.png,Кубань-Вино
shato-taman-kaberne-sovinon,shato-taman-kaberne-sovinon.png,Кубань-Вино
suhoe-beloe-zb-vajn-frizzante,suhoe-beloe-zb-vajn-frizzante.jpg,Золотая Балка
perovskih_aligote,perovskih_aligote.png,Усадьба Перовских
rozovoe-bryut,rozovoe-bryut.png,Дербент Вино
agora-rosa-viva-beloe-polusladkoe,agora-rosa-viva-beloe-polusladkoe.png,AGORA WINERY
fanagoriya-ona-skazala-da-beloe-bryut,fanagoriya-ona-skazala-da-beloe-bryut.png,Фанагория
muskat-ottonel-gusev,muskat-ottonel-gusev.webp,Гусевъ
muskatnoe-shato-taman,muskatnoe-shato-taman.png,Кубань-Вино
glu-glu-samba,glu-glu-samba.webp,WINEMAFIA
dnk-aura,dnk-aura.webp,Усадьба Меркотан
portvejn-surozh,portvejn-surozh.png,Массандра
perovskih_odesskiy_chernyi,perovskih_odesskiy_chernyi.png,Усадьба Перовских
novyj-svet-polusuhoe-kollekczionnoe,novyj-svet-polusuhoe-kollekczionnoe.webp,Новый Свет. Дом шампанских вин
shato-taman-bryut-1,shato-taman-bryut-1.png,Кубань-Вино
amelia,amelia.webp,WINEMAFIA
vysokij-bereg-risling-zelenaya-seriya-2,vysokij-bereg-risling-zelenaya-seriya-2.png,Кубань-Вино
shato-taman-grape-dance,shato-taman-grape-dance.webp,Кубань-Вино
tamara-2022,tamara-2022.webp,WINEMAFIA
chateau-tamagne-eno-amber,chateau-tamagne-eno-amber.webp,Кубань-Вино
miroir-de-talu-merlot-krasnostop,miroir-de-talu-merlot-krasnostop.webp,Chateau de Talu
zhemchuzhnaya-9-pino-nuar-muskat-rozovyj,zhemchuzhnaya-9-pino-nuar-muskat-rozovyj.webp,АРАТТИ
shato-taman-par-la-mer-korall,shato-taman-par-la-mer-korall.png,Кубань-Вино
agora-rosa-viva-beloe-bryut,agora-rosa-viva-beloe-bryut.png,AGORA WINERY
zb-wine-moscato-beloe-polusladkoe,zb-wine-moscato-beloe-polusladkoe.webp,Золотая Балка
novyj-svet-polusladkoe,novyj-svet-polusladkoe.webp,Новый Свет. Дом шампанских вин
golubitskoe-estate-risling,golubitskoe-estate-risling.webp,Golubitskoe Estate
rkacziteli-beloe-suhoe,rkacziteli-beloe-suhoe.webp,Ведерниковъ
naomi-2022,naomi-2022.webp,WINEMAFIA
perovskih_kaberne_fran_reserve,perovskih_kaberne_fran_reserve.png,Усадьба Перовских
novyj-svet-shardone-kyuve-de-prestizh-1,novyj-svet-shardone-kyuve-de-prestizh-1.webp,Новый Свет. Дом шампанских вин
shardone-1,shardone-1.png,Усадьба Перовских
novyj-svet-vyderzhannoe-bryut,novyj-svet-vyderzhannoe-bryut.webp,Новый Свет. Дом шампанских вин
shato-taman-par-la-mer-pino-nuar,shato-taman-par-la-mer-pino-nuar.png,Кубань-Вино
vino-suhoe-rozovoe-endemy-kaberne-sovinon,vino-suhoe-rozovoe-endemy-kaberne-sovinon.png,Дербент Вино
agora-rosa-viva-rozovoe-polusladkoe,agora-rosa-viva-rozovoe-polusladkoe.png,AGORA WINERY
chateau-tamagne-grand-dessert-nectar,chateau-tamagne-grand-dessert-nectar.png,Кубань-Вино
perovskih_rkaciteli_orange,perovskih_rkaciteli_orange.png,Усадьба Перовских
molodoe-shato-taman-1,molodoe-shato-taman-1.png,Кубань-Вино
lorio-sovinon-blan-2025,lorio-sovinon-blan-2025.webp,ЛОРИО -  семейная винодельня Логуновых
polusladkoe-krasnoe-zb-vajn-frizzante,polusladkoe-krasnoe-zb-vajn-frizzante.jpg,Золотая Балка
valerij-zaharin-kokur-i-ko-beloe-polusladkoe,valerij-zaharin-kokur-i-ko-beloe-polusladkoe.webp,Валерий Захарьин
perovskih_blan_de_noir,perovskih_blan_de_noir.png,Усадьба Перовских
shato-taman-bryut,shato-taman-bryut.png,Кубань-Вино
glu-glu-mr-mouse-2022,glu-glu-mr-mouse-2022.webp,WINEMAFIA
zb-vajn-moskato-polusladkoe-beloe,zb-vajn-moskato-polusladkoe-beloe.jpg,Золотая Балка
daniel-2021,daniel-2021.webp,WINEMAFIA
vysokij-bereg-risling-zelenaya-seriya-1,vysokij-bereg-risling-zelenaya-seriya-1.png,Кубань-Вино
novyj-svet-kollekczionnoe-bryut,novyj-svet-kollekczionnoe-bryut.webp,Новый Свет. Дом шампанских вин
perovskih_polusladkoe_rosovoe,perovskih_polusladkoe_rosovoe.webp,Усадьба Перовских
fanagoriya-beloe-polusladkoe,fanagoriya-beloe-polusladkoe.webp,Фанагория
cantiani-semisweet,cantiani-semisweet.webp,Шато АЛВИСА
novyj-svet-shardone-kyuve-de-prestizh,novyj-svet-shardone-kyuve-de-prestizh.webp,Новый Свет. Дом шампанских вин
zhemchuzhnaya-9-pino-gri-pino-nuar,zhemchuzhnaya-9-pino-gri-pino-nuar.webp,АРАТТИ
novyj-svet-blan-de-nuar,novyj-svet-blan-de-nuar.webp,Новый Свет. Дом шампанских вин
dnk-pokolenie,dnk-pokolenie.webp,Усадьба Меркотан
aristov-anima-pinot-grigio-blush,aristov-anima-pinot-grigio-blush.png,Кубань-Вино
novyj-svet-aligote,novyj-svet-aligote.webp,Новый Свет. Дом шампанских вин
agora-rosa-viva-muscat,agora-rosa-viva-muscat.png,AGORA WINERY
inkerman-shato-blan,inkerman-shato-blan.webp,Инкерманский ЗМВ
kaffa-joy-malbec-glu-glu,kaffa-joy-malbec-glu-glu.webp,Золотое Поле
merlo-1,merlo-1.webp,Mantra Estate
zb-vajn-moskato-polusladkoe-rozovoe,zb-vajn-moskato-polusladkoe-rozovoe.jpg,Золотая Балка
novyj-svet-paradizio,novyj-svet-paradizio.webp,Новый Свет. Дом шампанских вин
chateau-tamagne-signature-shardone,chateau-tamagne-signature-shardone.png,Кубань-Вино
aristov-kyuve-aleksandr-roze-de-pino,aristov-kyuve-aleksandr-roze-de-pino.png,Кубань-Вино
derbent-vino-desono-kaberne-sovinon-krasnoe-suhoe-125,derbent-vino-desono-kaberne-sovinon-krasnoe-suhoe-125.png,Дербент Вино
zb-vajn-spumante-polusuhoe-beloe,zb-vajn-spumante-polusuhoe-beloe.jpg,Золотая Балка
zhemchuzhnaya-9-muskat-rozovyj-pino-gri,zhemchuzhnaya-9-muskat-rozovyj-pino-gri.webp,АРАТТИ
zhemchuzhnaya-9-risling-sovinon-blan,zhemchuzhnaya-9-risling-sovinon-blan.webp,АРАТТИ
shato-taman-shardone,shato-taman-shardone.png,Кубань-Вино
kaffa-joy-malvasia,kaffa-joy-malvasia.webp,Золотое Поле
perovskih_polusladkoe_beloe,perovskih_polusladkoe_beloe.webp,Усадьба Перовских
madera-krymskaya,madera-krymskaya.png,Массандра
abrau-dyurso-fizz-beloe-polusladkoe,abrau-dyurso-fizz-beloe-polusladkoe.webp,Абрау-Дюрсо
shato-taman-par-la-mer-pino-blan,shato-taman-par-la-mer-pino-blan.png,Кубань-Вино
chateau-tamagne-nature-vert,chateau-tamagne-nature-vert.png,Кубань-Вино
mancopia-meritazh,mancopia-meritazh.webp,Mancopia
shato-taman-kaberne,shato-taman-kaberne.png,Кубань-Вино
novyj-svet-kaberne-sovinon,novyj-svet-kaberne-sovinon.webp,Новый Свет. Дом шампанских вин
krasnostop-zolotovskij,krasnostop-zolotovskij.webp,Галицкий и Галицкий
aristov-anima-millesimato-beloe-bryut,aristov-anima-millesimato-beloe-bryut.png,Кубань-Вино
cru-lermont-risling,cru-lermont-risling.png,Фанагория
wine-1,wine-1.webp,WINEMAFIA
shardone-rezerv,shardone-rezerv.png,Усадьба Перовских
novyj-svet-kaberne,novyj-svet-kaberne.webp,Новый Свет. Дом шампанских вин
chateau-tamagne-select-blanc-brut,chateau-tamagne-select-blanc-brut.png,Кубань-Вино
novyj-svet-kaberne-sovinon-polusladkoe,novyj-svet-kaberne-sovinon-polusladkoe.webp,Новый Свет. Дом шампанских вин
agora-rosa-viva-riesling,agora-rosa-viva-riesling.png,AGORA WINERY
shato-taman-grape-dance-1,shato-taman-grape-dance-1.webp,Кубань-Вино
agrolayn-mountain-eagle-traminer-traminer-beloe-suhoe-12,agrolayn-mountain-eagle-traminer-traminer-beloe-suhoe-12.webp,Агролайн
chateau-tamagne-signature-kaberne,chateau-tamagne-signature-kaberne.png,Кубань-Вино
shato-taman-saperavi,shato-taman-saperavi.png,Кубань-Вино
millstream-cellar-vyderzhannoe-igristoe-polusuhoe-beloe,millstream-cellar-vyderzhannoe-igristoe-polusuhoe-beloe.webp,MILLSTREAM
aya-khrustaleva-76-merlot-organik,aya-khrustaleva-76-merlot-organik.webp,AYA Organic Wine & Vineyards
winemaker-selection,winemaker-selection.webp,Инкерманский ЗМВ
chateau-tamagne-nature-orange,chateau-tamagne-nature-orange.png,Кубань-Вино
vino-suhoe-beloe-endemy-shardone,vino-suhoe-beloe-endemy-shardone.png,Дербент Вино
rozovoe-bryut-spumante,rozovoe-bryut-spumante.webp,Золотая Балка
agora-terruarnoe-bastardo,agora-terruarnoe-bastardo.png,AGORA WINERY
agora-vintage-blanc-de-blancs-extra-brut,agora-vintage-blanc-de-blancs-extra-brut.webp,AGORA WINERY
czitronnyj-magaracha-sovinon-blan,czitronnyj-magaracha-sovinon-blan.webp,АРАТТИ
perovskih_kokur_orange,perovskih_kokur_orange.webp,Усадьба Перовских
blush-mirage-sovinon-zelyonyj,blush-mirage-sovinon-zelyonyj.png,AGORA WINERY
perovskih_semilion_reserv,perovskih_semilion_reserv.png,Усадьба Перовских
zhemchuzhnaya-9-muskat-rozovyj-kaberne-sovinon,zhemchuzhnaya-9-muskat-rozovyj-kaberne-sovinon.webp,АРАТТИ
sary-pandas-vyderzhannoe,sary-pandas-vyderzhannoe.webp,Солнечная долина
aristov-kyuve-aleksandr-blan-de-nuar,aristov-kyuve-aleksandr-blan-de-nuar.png,Кубань-Вино
avtohtonnoe-vino-kryma-beloe-suhoe,avtohtonnoe-vino-kryma-beloe-suhoe.webp,Валерий Захарьин
fanagoriya-fanagoriya-hey-bey-shardone-beloe-suhoe-13,fanagoriya-fanagoriya-hey-bey-shardone-beloe-suhoe-13.png,Фанагория
agora-yachting-chardonnay,agora-yachting-chardonnay.jpg,AGORA WINERY
agora-yachting-merlot,agora-yachting-merlot.jpg,AGORA WINERY
myshako-igristoe-beloe-bryut,myshako-igristoe-beloe-bryut.webp,Мысхако
molodoe-shato-taman,molodoe-shato-taman.png,Кубань-Вино
lorio-bryut-belyj,lorio-bryut-belyj.webp,ЛОРИО -  семейная винодельня Логуновых
agora-vintage-blanc-de-noirs-extra-brut,agora-vintage-blanc-de-noirs-extra-brut.webp,AGORA WINERY
blush-mirage-rkacziteli-shiraz,blush-mirage-rkacziteli-shiraz.png,AGORA WINERY
shato-taman-par-la-mer-czvajgelt,shato-taman-par-la-mer-czvajgelt.png,Кубань-Вино
agora-rosa-viva-cabernet-sauvignon-shiraz,agora-rosa-viva-cabernet-sauvignon-shiraz.png,AGORA WINERY
vino-suhoe-beloe-endemy-sovinon,vino-suhoe-beloe-endemy-sovinon.png,Дербент Вино
vinodelnya-vedernikov-vedernikov-tsimlyanskiy-chyornyy-tsimlyanskiy-chernyy-krasnoe-suhoe-14,vinodelnya-vedernikov-vedernikov-tsimlyanskiy-chyornyy-tsimlyanskiy-chernyy-krasnoe-suhoe-14.webp,Ведерниковъ
chateau-tamagne-select-blanc,chateau-tamagne-select-blanc.png,Кубань-Вино
chateau-tamagne-signature-saperavi,chateau-tamagne-signature-saperavi.png,Кубань-Вино
kaffa-joy-rkatsiteli,kaffa-joy-rkatsiteli.webp,Золотое Поле
lorio-bryut-rozovoe-igristoe,lorio-bryut-rozovoe-igristoe.webp,ЛОРИО -  семейная винодельня Логуновых
perovskih_muskat,perovskih_muskat.png,Усадьба Перовских
novyj-svet-shardone,novyj-svet-shardone.webp,Новый Свет. Дом шампанских вин
shato-taman-par-la-mer-sovinon,shato-taman-par-la-mer-sovinon.png,Кубань-Вино
igristoe-vino-endemy-bianka-bryut-beloe,igristoe-vino-endemy-bianka-bryut-beloe.png,Дербент Вино
zb-vajn-spumante-bryut-beloe,zb-vajn-spumante-bryut-beloe.jpg,Золотая Балка
kokur-suhoe,kokur-suhoe.png,Массандра
igristoe-vino-endemy-pino-blan-bryut-beloe,igristoe-vino-endemy-pino-blan-bryut-beloe.png,Дербент Вино
beloe-polusladkoe,beloe-polusladkoe.png,Массандра
perovskih_muskat_orange,perovskih_muskat_orange.png,Усадьба Перовских
myshako-igristoe-beloe-polusladkoe,myshako-igristoe-beloe-polusladkoe.webp,Мысхако
aristov-anima-millesimato,aristov-anima-millesimato.png,Кубань-Вино
chateau-tamagne-grand-dessert-muscat,chateau-tamagne-grand-dessert-muscat.png,Кубань-Вино
massandra-rozovoe-suhoe,massandra-rozovoe-suhoe.png,Массандра
vino-suhoe-krasnoe-endemy-saperavi,vino-suhoe-krasnoe-endemy-saperavi.png,Дербент Вино
portvejn-krymskij,portvejn-krymskij.jpg,Солнечная долина
millstream-cellar-select-krasnostop-zolotovskij,millstream-cellar-select-krasnostop-zolotovskij.png,MILLSTREAM
roze-malbek,roze-malbek.webp,Долина Лефкадия
lefkadiya-beloe,lefkadiya-beloe.webp,Долина Лефкадия
zb-vajn-vajt-suhoe-beloe,zb-vajn-vajt-suhoe-beloe.jpg,Золотая Балка
zhemchuzhnaya-9-czitron-shardone-1,zhemchuzhnaya-9-czitron-shardone-1.webp,АРАТТИ
kaberne-avtorskoe-vino,kaberne-avtorskoe-vino.png,Массандра
david,david.webp,WINEMAFIA
rozovoe-bryut-1,rozovoe-bryut-1.webp,Золотая Балка
myshako-green-cape-shardone-beloe-bryut,myshako-green-cape-shardone-beloe-bryut.webp,Мысхако
zhemchuzhnaya-9-aligote-czitron,zhemchuzhnaya-9-aligote-czitron.webp,АРАТТИ
kyuve-czimlyanskij-chernyj-i-krasnostop-zolotoj,kyuve-czimlyanskij-chernyj-i-krasnostop-zolotoj.webp,Цимлянские вина
millstream-cellar-select-kaberne-sovinon,millstream-cellar-select-kaberne-sovinon.png,MILLSTREAM
roze-avtorskoe-vino,roze-avtorskoe-vino.png,Массандра
millstream-cellar-select-saperavi,millstream-cellar-select-saperavi.png,MILLSTREAM
nosorog-night,nosorog-night.webp,WINEMAFIA
caperavi-avtorskoe-vino,caperavi-avtorskoe-vino.png,Массандра
ya-jla-risling,ya-jla-risling.png,Yaiyla Winery
millstream-cellar-select-blend-avtohtonov,millstream-cellar-select-blend-avtohtonov.webp,MILLSTREAM
sacrum-bryut-rozovoe,sacrum-bryut-rozovoe.webp,WINEMAFIA
kokur-avtorskoe,kokur-avtorskoe.png,Массандра
b-yu-rne-malbek-krasnoe-suhoe,b-yu-rne-malbek-krasnoe-suhoe.png,Винодельня Бюрнье
zb-vajn-roze-suhoe-rozovoe,zb-vajn-roze-suhoe-rozovoe.jpg,Золотая Балка
twopeters_kokur,twopeters_kokur.webp,Два Петра
fioletovyj-rannij-petnat,fioletovyj-rannij-petnat.webp,Гусевъ
arie-vyderzhka-bochka-francziya-2020,arie-vyderzhka-bochka-francziya-2020.webp,WINEMAFIA
lefkadiya-krasnoe,lefkadiya-krasnoe.webp,Долина Лефкадия
muskat-pozdnego-sbora-rozovyj,muskat-pozdnego-sbora-rozovyj.png,Массандра
aratti-shardone-beloe-suhoe,aratti-shardone-beloe-suhoe.webp,АРАТТИ
millstream-cellar-rezerv-blend-4,millstream-cellar-rezerv-blend-4.png,MILLSTREAM
riesling,riesling.webp,WINEMAFIA
vinodelnya-byurne-lyublyu-beloe-shardone-suhoe-135,vinodelnya-byurne-lyublyu-beloe-shardone-suhoe-135.png,Винодельня Бюрнье
golubitskoe-estate-chardonnay,golubitskoe-estate-chardonnay.webp,Поместье Голубицкое
orlov_sauvignon_blan,orlov_sauvignon_blan.webp,Винодельня Орлова
potenczial-2026,potenczial-2026.webp,WINEMAFIA
evolution-reserve-pinot-noir,evolution-reserve-pinot-noir.webp,AYA Organic Wine & Vineyards
belmas-winery-syrah-katya-sira-krasnoe-suhoe-125,belmas-winery-syrah-katya-sira-krasnoe-suhoe-125.webp,Belmas Winery
tamara,tamara.webp,WINEMAFIA
twopeters_risling,twopeters_risling.png,Два Петра
aratti-kaberne-sovinon-2020-krasnoe-suhoe,aratti-kaberne-sovinon-2020-krasnoe-suhoe.webp,АРАТТИ
makitra-selection,makitra-selection.webp,Кубань-Вино
igristoe-zhemchuzhnoe-vino-polusuhoe-krasnoe-di-kaspiko-fiori-di-mare-di-caspico-fiori-di-mare,igristoe-zhemchuzhnoe-vino-polusuhoe-krasnoe-di-kaspiko-fiori-di-mare-di-caspico-fiori-di-mare.png,Дербент Вино
aratti-sovinon-blan-beloe-polusuhoe,aratti-sovinon-blan-beloe-polusuhoe.webp,АРАТТИ
uva-vallis-shardone,uva-vallis-shardone.webp,Uva Vallis
millstream-cellar-blanc-de-blanc-ekstra-bryut-beloe,millstream-cellar-blanc-de-blanc-ekstra-bryut-beloe.png,MILLSTREAM
koldun-beloe-suhoe,koldun-beloe-suhoe.webp,Шато Пино
fiori-di-mare-krasnoe-polusuhoe,fiori-di-mare-krasnoe-polusuhoe.png,Дербент Вино
aratti-kaberne-po-belomu-1,aratti-kaberne-po-belomu-1.webp,АРАТТИ
valerij-zaharin-kokur-i-ko-beloe-bryut,valerij-zaharin-kokur-i-ko-beloe-bryut.webp,Валерий Захарьин
zhemchuzhnaya-9-pino-nuar-muskat-rozovyj-1,zhemchuzhnaya-9-pino-nuar-muskat-rozovyj-1.webp,АРАТТИ
muskat-avtorskoe-vino,muskat-avtorskoe-vino.png,Массандра
temelion-blanc-de-blancs,temelion-blanc-de-blancs.webp,Долина Лефкадия
aratti-muskat-belyj-polusuhoe,aratti-muskat-belyj-polusuhoe.webp,АРАТТИ
b-yu-rne-sh-ardone-suhoe-beloe,b-yu-rne-sh-ardone-suhoe-beloe.png,Винодельня Бюрнье
b-yu-rne-sira-krasnoe-suhoe-classic,b-yu-rne-sira-krasnoe-suhoe-classic.png,Винодельня Бюрнье
amelia-2023,amelia-2023.webp,WINEMAFIA
sacrum-bryut-beloe,sacrum-bryut-beloe.webp,WINEMAFIA
twopeters_tandem,twopeters_tandem.png,Два Петра
naomi-2023,naomi-2023.webp,WINEMAFIA
orlov_merlo,orlov_merlo.webp,Винодельня Орлова
pino-gri-avtorskoe,pino-gri-avtorskoe.png,Массандра
znoj-denisov-vajneri,znoj-denisov-vajneri.webp,Denisov Winery
zhemchuzhnaya-9-czitron-shardone,zhemchuzhnaya-9-czitron-shardone.webp,АРАТТИ
twopeters_sauvignon,twopeters_sauvignon.png,Два Петра
aligote-avtorskoe,aligote-avtorskoe.png,Массандра
dnk-kaberne-sovinon,dnk-kaberne-sovinon.webp,Усадьба Меркотан
arie,arie.webp,WINEMAFIA
polusladkoe-krasnoe-zolotaya-balka,polusladkoe-krasnoe-zolotaya-balka.jpg,Золотая Балка
nosorog-gold,nosorog-gold.webp,WINEMAFIA
aratti-kaberne-sovinon-2021-krasnoe-suhoe,aratti-kaberne-sovinon-2021-krasnoe-suhoe.webp,АРАТТИ
polusladkoe-rozovoe-zolotaya-balka,polusladkoe-rozovoe-zolotaya-balka.jpg,Золотая Балка
aratti-kaberne-po-belomu,aratti-kaberne-po-belomu.webp,АРАТТИ
aratti-muskat-belyj-suhoe,aratti-muskat-belyj-suhoe.webp,АРАТТИ
kokur-premium,kokur-premium.png,Массандра
aligote-avtorskoe-vino,aligote-avtorskoe-vino.png,Массандра
novyj-svet-risling-kyuve-de-prestizh,novyj-svet-risling-kyuve-de-prestizh.webp,Новый Свет. Дом шампанских вин
golubitskoe-rose,golubitskoe-rose.webp,Поместье Голубицкое
zakat-denisov-vajneri,zakat-denisov-vajneri.webp,Denisov Winery
cira-avtorskoe-vino,cira-avtorskoe-vino.png,Массандра
aratti-risling-beloe-polusuhoe,aratti-risling-beloe-polusuhoe.webp,АРАТТИ
perovskih_rose,perovskih_rose.png,Усадьба Перовских
rozovoe-polusladkoe-1,rozovoe-polusladkoe-1.webp,Золотая Балка
zhemchuzhnaya-9-kaberne-sovinon-pino-nuar-1,zhemchuzhnaya-9-kaberne-sovinon-pino-nuar-1.webp,АРАТТИ
twopeters_shardone,twopeters_shardone.webp,Два Петра
green-cape-sovinon-blan,green-cape-sovinon-blan.webp,Мысхако
arie-riserva,arie-riserva.webp,WINEMAFIA
zhemchuzhnaya-9-sovinon-blan-aligote,zhemchuzhnaya-9-sovinon-blan-aligote.webp,АРАТТИ
cary-pandas-avtorskoe-vino,cary-pandas-avtorskoe-vino.png,Массандра
b-yu-rne-krasnostop-suhoe-krasnoe-classic,b-yu-rne-krasnostop-suhoe-krasnoe-classic.png,Винодельня Бюрнье
daniel-22,daniel-22.webp,WINEMAFIA
novyj-svet-pino-gri-millezim,novyj-svet-pino-gri-millezim.webp,Новый Свет. Дом шампанских вин
chernaya-lvicza-polusladkoe-krasnoe,chernaya-lvicza-polusladkoe-krasnoe.webp,АРАТТИ
agora-yachting-sauvignon,agora-yachting-sauvignon.jpg,AGORA WINERY
igristoe-vino-bryut-rozovoe-di-kaspiko-blan-de-nuar-di-caspico-blanc-de-noirs,igristoe-vino-bryut-rozovoe-di-kaspiko-blan-de-nuar-di-caspico-blanc-de-noirs.png,Дербент Вино
aratti-vremena-goda-saperavi-merlo-vesna,aratti-vremena-goda-saperavi-merlo-vesna.webp,АРАТТИ
aratti-vremena-goda-saperavi-leto,aratti-vremena-goda-saperavi-leto.webp,АРАТТИ
pinot-noir-2024-one-barrel-by-dmitry-maslov-pino-nuar-2024-uan-barrel-dmitrij-maslov,pinot-noir-2024-one-barrel-by-dmitry-maslov-pino-nuar-2024-uan-barrel-dmitrij-maslov.webp,One Barrel (Уан Баррел)
beloe-suhoe,beloe-suhoe.jpg,Солнечная долина
lorio-sovinon-blan-2024,lorio-sovinon-blan-2024.webp,ЛОРИО -  семейная винодельня Логуновых
zhemchuzhnaya-9-pino-nuar-muskat-rozovyj-2,zhemchuzhnaya-9-pino-nuar-muskat-rozovyj-2.webp,АРАТТИ
igristoe-zhemchuzhnoe-vino-polusladkoe-rozovoe-di-kaspiko-fiori-di-mare-di-caspico-fiori-di-mare,igristoe-zhemchuzhnoe-vino-polusladkoe-rozovoe-di-kaspiko-fiori-di-mare-di-caspico-fiori-di-mare.png,Дербент Вино
lorio-shardone,lorio-shardone.webp,ЛОРИО -  семейная винодельня Логуновых
katharon-semi-sweet,katharon-semi-sweet.webp,KATHARON
agora-yachting-pinot-grigio,agora-yachting-pinot-grigio.jpg,AGORA WINERY
agora-yachting-shiraz,agora-yachting-shiraz.jpg,AGORA WINERY
avtorskij-gid-artura-sarkisyana,avtorskij-gid-artura-sarkisyana.webp,Долина Лефкадия
czimlyanskoe-bianka,czimlyanskoe-bianka.webp,Цимлянские вина
millstream-alamak-bryut-beloe,millstream-alamak-bryut-beloe.webp,MILLSTREAM
zb-vajn-risling-polusuhoe-beloe,zb-vajn-risling-polusuhoe-beloe.jpg,Золотая Балка
temelion-bryut-roze,temelion-bryut-roze.jpg,Долина Лефкадия
one-barrel-uan-barrel,one-barrel-uan-barrel.webp,One Barrel (Уан Баррел)
di-caspico-rozovoe-bryut,di-caspico-rozovoe-bryut.png,Дербент Вино
twopeters_kaberne_sovinion,twopeters_kaberne_sovinion.webp,Два Петра
aratti-vremena-goda-saperavi-vyderzhannyj-zima,aratti-vremena-goda-saperavi-vyderzhannyj-zima.webp,АРАТТИ
rozovaya-pantera,rozovaya-pantera.webp,АРАТТИ
alma-valley-locantita-merlot-cabernet-franc,alma-valley-locantita-merlot-cabernet-franc.webp,Alma Valley
agora-yachting-cabernet-sauvignon,agora-yachting-cabernet-sauvignon.jpg,AGORA WINERY
evolution-pinot-noir,evolution-pinot-noir.webp,AYA Organic Wine & Vineyards
igristoe-vino-bryut-beloe-di-kaspiko-blan-de-blan-di-caspico-blanc-de-blancs,igristoe-vino-bryut-beloe-di-kaspiko-blan-de-blan-di-caspico-blanc-de-blancs.png,Дербент Вино
kd-kokur,kd-kokur.webp,Винодельня Константина Дзитоева
chateau-de-talu-merlot,chateau-de-talu-merlot.webp,Chateau de Talu
katharon-brut,katharon-brut.webp,KATHARON
belaya-lvicza,belaya-lvicza.webp,АРАТТИ
derbent-vino-kavkazian-rkatsiteli-beloe-bryut-105-125,derbent-vino-kavkazian-rkatsiteli-beloe-bryut-105-125.png,Дербент Вино
kaberne-sovinon,kaberne-sovinon.jpg,Массандра
sober-bash-puhlyakovskiy-beloe-suhoe-12,sober-bash-puhlyakovskiy-beloe-suhoe-12.png,Собер Баш
chateau-le-grand-vostock-krasnostop-rezerv-krasnoe-suhoe-145,chateau-le-grand-vostock-krasnostop-rezerv-krasnoe-suhoe-145.png,Château Le Grand Vostock
sober-bash-risling-risling-reynskiy-beloe-suhoe-11,sober-bash-risling-risling-reynskiy-beloe-suhoe-11.png,Собер Баш
kokur-suhoe-2025,kokur-suhoe-2025.jpg,Винодельня Братьев Мельниковых
method-classic-kokur,method-classic-kokur.png,Винодельня Братьев Мельниковых
riesling-dva-petra-2022,riesling-dva-petra-2022.webp,Два Петра
sand-zh-oveze-rezerv,sand-zh-oveze-rezerv.png,Cellar Master
