slug,path,name
fanagoriya-100-ottenkov-krasnogo-kaberne-kaberne-sovinon-krasnoe-suhoe-135,data/catalogs/ver1plain-1628/photos/fanagoriya-100-ottenkov-krasnogo-kaberne-kaberne-sovinon-krasnoe-suhoe-135.webp,100 оттенков красного. Каберне
fanagoriya-100-ottenkov-krasnogo-pino-nuar-krasnoe-suhoe-135,data/catalogs/ver1plain-1628/photos/fanagoriya-100-ottenkov-krasnogo-pino-nuar-krasnoe-suhoe-135.webp,100 оттенков красного. Пино Нуар
fanagoriya-100-ottenkov-krasnogo-saperavi-krasnoe-suhoe-14,data/catalogs/ver1plain-1628/photos/fanagoriya-100-ottenkov-krasnogo-saperavi-krasnoe-suhoe-14.webp,100 оттенков красного. Саперави
fanagoriya-100-ottenkov-shardone-beloe-suhoe-14,data/catalogs/ver1plain-1628/photos/fanagoriya-100-ottenkov-shardone-beloe-suhoe-14.webp,100 оттенков. Шардоне
fanagoriya-101-ottenok-krasnogo-kaberne-kaberne-sovinon-krasnoe-suhoe-14,data/catalogs/ver1plain-1628/photos/fanagoriya-101-ottenok-krasnogo-kaberne-kaberne-sovinon-krasnoe-suhoe-14.webp,101 оттенок красного. Каберне
fanagoriya-101-ottenok-krasnogo-pino-nuar-krasnoe-suhoe-135,data/catalogs/ver1plain-1628/photos/fanagoriya-101-ottenok-krasnogo-pino-nuar-krasnoe-suhoe-135.webp,101 оттенок красного. Пино нуар
fanagoriya-101-ottenok-krasnogo-saperavi-krasnoe-suhoe-14,data/catalogs/ver1plain-1628/photos/fanagoriya-101-ottenok-krasnogo-saperavi-krasnoe-suhoe-14.webp,101 оттенок красного. Саперави
usadba-rodnoe-gnezdo-4-elements-kaberne-sovinon-krasnoe-suhoe-15,data/catalogs/ver1plain-1628/photos/usadba-rodnoe-gnezdo-4-elements-kaberne-sovinon-krasnoe-suhoe-15.webp,4 elements. Каберне Совиньон
usadba-rodnoe-gnezdo-4-elements-risling-beloe-suhoe-12,data/catalogs/ver1plain-1628/photos/usadba-rodnoe-gnezdo-4-elements-risling-beloe-suhoe-12.webp,4 elements. Рислинг
usadba-rodnoe-gnezdo-4-elements-risling-beloe-polusuhoe-12,data/catalogs/ver1plain-1628/photos/usadba-rodnoe-gnezdo-4-elements-risling-beloe-polusuhoe-12.webp,4 elements. Рислинг
usadba-rodnoe-gnezdo-4-elements-sira-roze-rozovoe-polusuhoe-135,data/catalogs/ver1plain-1628/photos/usadba-rodnoe-gnezdo-4-elements-sira-roze-rozovoe-polusuhoe-135.webp,4 elements. Сира. Розе
usadba-rodnoe-gnezdo-4-elements-sovinon-blan-beloe-polusladkoe-12,data/catalogs/ver1plain-1628/photos/usadba-rodnoe-gnezdo-4-elements-sovinon-blan-beloe-polusladkoe-12.webp,4 elements. Совиньон Блан
usadba-rodnoe-gnezdo-4-elements-sovinon-blan-beloe-suhoe-12,data/catalogs/ver1plain-1628/photos/usadba-rodnoe-gnezdo-4-elements-sovinon-blan-beloe-suhoe-12.webp,4 elements. Совиньон Блан
fanagoriya-5-elements-bryut-beloe-pino-gri-igristoe-bryut-beloe-125,data/catalogs/ver1plain-1628/photos/fanagoriya-5-elements-bryut-beloe-pino-gri-igristoe-bryut-beloe-125.webp,5 elements Брют белое
fanagoriya-5-elements-bryut-rozovoe-saperavi-igristoe-bryut-rozovoe-125,data/catalogs/ver1plain-1628/photos/fanagoriya-5-elements-bryut-rozovoe-saperavi-igristoe-bryut-rozovoe-125.webp,5 elements Брют розовое
vinodelnya-vedernikov-5050-tsimlyanskiy-sibirkovyy-ekstra-bryut-beloe-12,data/catalogs/ver1plain-1628/photos/vinodelnya-vedernikov-5050-tsimlyanskiy-sibirkovyy-ekstra-bryut-beloe-12.webp,50/50 Цимлянский-Сибирьковый Экстра брют
shato-pino-agpoezdnik-beloe-shardone-suhoe-13,data/catalogs/ver1plain-1628/photos/shato-pino-agpoezdnik-beloe-shardone-suhoe-13.webp,A.G.Poezdnik. Белое
shato-pino-agpoezdnik-krasnoe-kaberne-fran-suhoe-14,data/catalogs/ver1plain-1628/photos/shato-pino-agpoezdnik-krasnoe-kaberne-fran-suhoe-14.webp,A.G.Poezdnik. Красное
abrau-dyurso-abrau-estates-amurskiy-potapenko-krasnoe-suhoe-105,data/catalogs/ver1plain-1628/photos/abrau-dyurso-abrau-estates-amurskiy-potapenko-krasnoe-suhoe-105.webp,Abrau Estates Амурский Потапенко
abrau-dyurso-abrau-estates-beloe-shardone-suhoe-12,data/catalogs/ver1plain-1628/photos/abrau-dyurso-abrau-estates-beloe-shardone-suhoe-12.webp,Abrau Estates белое
abrau-dyurso-abrau-estates-kaberne-po-belomu-kaberne-sovinon-beloe-suhoe-105,data/catalogs/ver1plain-1628/photos/abrau-dyurso-abrau-estates-kaberne-po-belomu-kaberne-sovinon-beloe-suhoe-105.webp,Abrau Estates Каберне по-белому
abrau-dyurso-abrau-estates-krasnoe-kaberne-sovinon-suhoe-13,data/catalogs/ver1plain-1628/photos/abrau-dyurso-abrau-estates-krasnoe-kaberne-sovinon-suhoe-13.webp,Abrau Estates красное
abrau-dyurso-abrau-estates-oranzh-tsitronnyy-magaracha-oranzhevoe-suhoe-105,data/catalogs/ver1plain-1628/photos/abrau-dyurso-abrau-estates-oranzh-tsitronnyy-magaracha-oranzhevoe-suhoe-105.webp,Abrau Estates Оранж
abrau-dyurso-abrau-estates-dostoynyy-krasnoe-suhoe-135,data/catalogs/ver1plain-1628/photos/abrau-dyurso-abrau-estates-dostoynyy-krasnoe-suhoe-135.webp,Abrau Estates. Достойный
abrau-dyurso-abrau-estates-roze-kaberne-sovinon-rozovoe-suhoe-12,data/catalogs/ver1plain-1628/photos/abrau-dyurso-abrau-estates-roze-kaberne-sovinon-rozovoe-suhoe-12.webp,Abrau Estates. Розе
abrau-dyurso-abrau-durso-brut-rose-reserve-pino-nuar-beloe-bryut-12,data/catalogs/ver1plain-1628/photos/abrau-dyurso-abrau-durso-brut-rose-reserve-pino-nuar-beloe-bryut-12.webp,Abrau-Durso Brut Rose Reserve
abrau-dyurso-abrau-durso-reserve-brut-shardone-beloe-bryut-115,data/catalogs/ver1plain-1628/photos/abrau-dyurso-abrau-durso-reserve-brut-shardone-beloe-bryut-115.webp,Abrau-Durso Reserve Brut
olymp-winery-adagum-cabernet-franc-kaberne-fran-krasnoe-suhoe-11,data/catalogs/ver1plain-1628/photos/olymp-winery-adagum-cabernet-franc-kaberne-fran-krasnoe-suhoe-11.webp,Adagum Cabernet Franc
olymp-winery-adagum-cabernet-sauvignon-kaberne-sovinon-krasnoe-suhoe-11,data/catalogs/ver1plain-1628/photos/olymp-winery-adagum-cabernet-sauvignon-kaberne-sovinon-krasnoe-suhoe-11.webp,Adagum Cabernet Sauvignon
olymp-winery-adagum-chardonnay-shardone-beloe-suhoe-11,data/catalogs/ver1plain-1628/photos/olymp-winery-adagum-chardonnay-shardone-beloe-suhoe-11.webp,Adagum Chardonnay
olymp-winery-adagum-chardonnay-kuban-shardone-beloe-suhoe-11,data/catalogs/ver1plain-1628/photos/olymp-winery-adagum-chardonnay-kuban-shardone-beloe-suhoe-11.webp,Adagum Chardonnay Kuban
olymp-winery-adagum-estate-cabernet-sauvignon-kaberne-sovinon-krasnoe-suhoe-11,data/catalogs/ver1plain-1628/photos/olymp-winery-adagum-estate-cabernet-sauvignon-kaberne-sovinon-krasnoe-suhoe-11.webp,Adagum Estate Cabernet Sauvignon
olymp-winery-adagum-estate-chardonnay-shardone-beloe-suhoe-11,data/catalogs/ver1plain-1628/photos/olymp-winery-adagum-estate-chardonnay-shardone-beloe-suhoe-11.webp,Adagum Estate Chardonnay
olymp-winery-adagum-estate-merlot-merlo-krasnoe-suhoe-11,data/catalogs/ver1plain-1628/photos/olymp-winery-adagum-estate-merlot-merlo-krasnoe-suhoe-11.webp,Adagum Estate Merlot
olymp-winery-adagum-estate-red-blend-kaberne-fran-krasnoe-suhoe-11,data/catalogs/ver1plain-1628/photos/olymp-winery-adagum-estate-red-blend-kaberne-fran-krasnoe-suhoe-11.webp,Adagum Estate Red Blend
olymp-winery-adagum-estate-rose-kaberne-sovinon-rozovoe-suhoe-11,data/catalogs/ver1plain-1628/photos/olymp-winery-adagum-estate-rose-kaberne-sovinon-rozovoe-suhoe-11.webp,Adagum Estate Rose
olymp-winery-adagum-estate-sauvignon-blanc-sovinon-blan-beloe-suhoe-11,data/catalogs/ver1plain-1628/photos/olymp-winery-adagum-estate-sauvignon-blanc-sovinon-blan-beloe-suhoe-11.webp,Adagum Estate Sauvignon Blanc
olymp-winery-adagum-krasnostop-krasnostop-zolotovskiy-krasnoe-suhoe-11,data/catalogs/ver1plain-1628/photos/olymp-winery-adagum-krasnostop-krasnostop-zolotovskiy-krasnoe-suhoe-11.webp,Adagum Krаsnostop
olymp-winery-adagum-merlot-merlo-rozovoe-suhoe-10,data/catalogs/ver1plain-1628/photos/olymp-winery-adagum-merlot-merlo-rozovoe-suhoe-10.webp,Adagum Merlot
olymp-winery-adagum-odessa-black-kuban-odesskiy-chernyy-krasnoe-suhoe-11,data/catalogs/ver1plain-1628/photos/olymp-winery-adagum-odessa-black-kuban-odesskiy-chernyy-krasnoe-suhoe-11.webp,Adagum Odessa Black Kuban
olymp-winery-adagum-pinot-noir-pino-nuar-rozovoe-suhoe-11,data/catalogs/ver1plain-1628/photos/olymp-winery-adagum-pinot-noir-pino-nuar-rozovoe-suhoe-11.webp,Adagum Pinot Noir
olymp-winery-adagum-pinot-noir-pino-nuar-krasnoe-suhoe-11,data/catalogs/ver1plain-1628/photos/olymp-winery-adagum-pinot-noir-pino-nuar-krasnoe-suhoe-11.webp,Adagum Pinot Noir
olymp-winery-adagum-riesling-risling-beloe-suhoe-11,data/catalogs/ver1plain-1628/photos/olymp-winery-adagum-riesling-risling-beloe-suhoe-11.webp,Adagum Riesling
olymp-winery-adagum-saperavi-saperavi-krasnoe-suhoe-11,data/catalogs/ver1plain-1628/photos/olymp-winery-adagum-saperavi-saperavi-krasnoe-suhoe-11.webp,Adagum Saperavi
olymp-winery-adagum-sauvignon-sovinon-blan-beloe-suhoe-11,data/catalogs/ver1plain-1628/photos/olymp-winery-adagum-sauvignon-sovinon-blan-beloe-suhoe-11.webp,Adagum Sauvignon
olymp-winery-adagum-valley-merlot-merlo-krasnoe-suhoe-11,data/catalogs/ver1plain-1628/photos/olymp-winery-adagum-valley-merlot-merlo-krasnoe-suhoe-11.webp,Adagum Valley Merlot
olymp-winery-adagum-valley-pinot-noir-pino-nuar-krasnoe-suhoe-11,data/catalogs/ver1plain-1628/photos/olymp-winery-adagum-valley-pinot-noir-pino-nuar-krasnoe-suhoe-11.webp,Adagum Valley Pinot Noir
olymp-winery-adagum-valley-riesling-risling-reynskiy-beloe-suhoe-11,data/catalogs/ver1plain-1628/photos/olymp-winery-adagum-valley-riesling-risling-reynskiy-beloe-suhoe-11.webp,Adagum Valley Riesling
olymp-winery-adagum-valley-rkatsiteli-rkatsiteli-beloe-suhoe-10,data/catalogs/ver1plain-1628/photos/olymp-winery-adagum-valley-rkatsiteli-rkatsiteli-beloe-suhoe-10.webp,Adagum Valley Rkatsiteli
olymp-winery-adagum-valley-saperavi-saperavi-krasnoe-suhoe-12,data/catalogs/ver1plain-1628/photos/olymp-winery-adagum-valley-saperavi-saperavi-krasnoe-suhoe-12.webp,Adagum Valley Saperavi
agora-bastardo,data/catalogs/ver1plain-1628/photos/agora-bastardo.webp,AGORA Бастардо
agora-blek-stoun,data/catalogs/ver1plain-1628/photos/agora-blek-stoun.webp,AGORA Блэк Стоун
agora-kaberne-sovinon,data/catalogs/ver1plain-1628/photos/agora-kaberne-sovinon.webp,AGORA Каберне Совиньон
agora-muskat-chernyj,data/catalogs/ver1plain-1628/photos/agora-muskat-chernyj.webp,AGORA Мускат Черный
agora-pino-nuar,data/catalogs/ver1plain-1628/photos/agora-pino-nuar.webp,AGORA Пино нуар
agora-risling,data/catalogs/ver1plain-1628/photos/agora-risling.webp,AGORA Рислинг
agora-saperavi,data/catalogs/ver1plain-1628/photos/agora-saperavi.webp,AGORA Саперави
agora-sovinon,data/catalogs/ver1plain-1628/photos/agora-sovinon.webp,AGORA Совиньон
agora-shardone,data/catalogs/ver1plain-1628/photos/agora-shardone.webp,AGORA Шардоне
valeriy-zaharin-albedo-reserve-sary-pandas-beloe-suhoe-115,data/catalogs/ver1plain-1628/photos/valeriy-zaharin-albedo-reserve-sary-pandas-beloe-suhoe-115.webp,Albedo. Reserve
chteau-le-grand-vostock-aligote-aligote-beloe-suhoe-125,data/catalogs/ver1plain-1628/photos/chteau-le-grand-vostock-aligote-aligote-beloe-suhoe-125.webp,Aligote
chteau-le-grand-vostock-aligote-reserve-aligote-beloe-suhoe-13,data/catalogs/ver1plain-1628/photos/chteau-le-grand-vostock-aligote-reserve-aligote-beloe-suhoe-13.webp,Aligote Reserve
vino-nebo-aligote-sur-lie-aligote-beloe-suhoe-127,data/catalogs/ver1plain-1628/photos/vino-nebo-aligote-sur-lie-aligote-beloe-suhoe-127.webp,Aligote Sur Lie
fanagoriya-alta-qortis-saperavi-krasnoe-suhoe-145,data/catalogs/ver1plain-1628/photos/fanagoriya-alta-qortis-saperavi-krasnoe-suhoe-145.webp,Alta Qortis
fanagoriya-alveus-ultra-cuvee-brut-shardone-beloe-bryut-12,data/catalogs/ver1plain-1628/photos/fanagoriya-alveus-ultra-cuvee-brut-shardone-beloe-bryut-12.webp,Alveus Ultra Cuvee Brut
fanagoriya-alveus-ultra-cuvee-bryut-rozovoe-merlo-igristoe-bryut-rozovoe-12,data/catalogs/ver1plain-1628/photos/fanagoriya-alveus-ultra-cuvee-bryut-rozovoe-merlo-igristoe-bryut-rozovoe-12.webp,Alveus Ultra Cuvee. Брют розовое
fanagoriya-alveus-ultra-cuvee-ekstra-bryut-beloe-risling-reynskiy-12,data/catalogs/ver1plain-1628/photos/fanagoriya-alveus-ultra-cuvee-ekstra-bryut-beloe-risling-reynskiy-12.webp,Alveus Ultra Cuvee. Экстра брют белое
fanagoriya-alveus-ultra-cuvee-ekstra-bryut-rozovoe-merlo-12,data/catalogs/ver1plain-1628/photos/fanagoriya-alveus-ultra-cuvee-ekstra-bryut-rozovoe-merlo-12.webp,Alveus Ultra Cuvee. Экстра брют розовое
ferrum-winery-apollinary-merlo-krasnoe-suhoe-13,data/catalogs/ver1plain-1628/photos/ferrum-winery-apollinary-merlo-krasnoe-suhoe-13.webp,Apollinary
appassimento,data/catalogs/ver1plain-1628/photos/appassimento.webp,Appassimento
ivan-ksenia-kruz-argonne-chardonay-shardone-beloe-suhoe-127,data/catalogs/ver1plain-1628/photos/ivan-ksenia-kruz-argonne-chardonay-shardone-beloe-suhoe-127.webp,Argonne Chardonay
ivan-ksenia-kruz-argonne-pinot-noir-pino-nuar-rozovoe-suhoe-122,data/catalogs/ver1plain-1628/photos/ivan-ksenia-kruz-argonne-pinot-noir-pino-nuar-rozovoe-suhoe-122.webp,Argonne Pinot Noir
ivan-ksenia-kruz-argonne-riesling-risling-beloe-suhoe-119,data/catalogs/ver1plain-1628/photos/ivan-ksenia-kruz-argonne-riesling-risling-beloe-suhoe-119.webp,Argonne Riesling
ivan-ksenia-kruz-argonne-sauvignon-blanc-sovinon-blan-beloe-suhoe-115,data/catalogs/ver1plain-1628/photos/ivan-ksenia-kruz-argonne-sauvignon-blanc-sovinon-blan-beloe-suhoe-115.webp,Argonne Sauvignon Blanc
ivan-ksenia-kruz-argonne-syrah-sira-krasnoe-suhoe-124,data/catalogs/ver1plain-1628/photos/ivan-ksenia-kruz-argonne-syrah-sira-krasnoe-suhoe-124.webp,Argonne Syrah
zolotaya-balka-black-prince-crimea-prestige-cuvee-extra-brut-limited-edition-shardone-beloe-ekstra-bryut-125,data/catalogs/ver1plain-1628/photos/zolotaya-balka-black-prince-crimea-prestige-cuvee-extra-brut-limited-edition-shardone-beloe-ekstra-bryut-125.webp,Black Prince Crimea Prestige Cuvee Extra Brut Limited Edition
fanagoriya-blanc-de-blancs-shardone-beloe-bryut-12,data/catalogs/ver1plain-1628/photos/fanagoriya-blanc-de-blancs-shardone-beloe-bryut-12.webp,Blanc de Blancs
usadba-perovskih-blanc-de-blancs-shardone-beloe-ekstra-bryut-11,data/catalogs/ver1plain-1628/photos/usadba-perovskih-blanc-de-blancs-shardone-beloe-ekstra-bryut-11.webp,Blanc de Blancs
gunko-winery-blanc-de-blancs-shardone-beloe-bryut-12,data/catalogs/ver1plain-1628/photos/gunko-winery-blanc-de-blancs-shardone-beloe-bryut-12.webp,Blanc de Blancs
vinodelnya-myshako-blanc-de-blancs-shardone-beloe-bryut-121,data/catalogs/ver1plain-1628/photos/vinodelnya-myshako-blanc-de-blancs-shardone-beloe-bryut-121.webp,Blanc de Blancs
usadba-divnomorskoe-blanc-de-blancs-shardone-beloe-ekstra-bryut-12,data/catalogs/ver1plain-1628/photos/usadba-divnomorskoe-blanc-de-blancs-shardone-beloe-ekstra-bryut-12.webp,Blanc de Blancs
blanc-de-blancs-idolo,data/catalogs/ver1plain-1628/photos/blanc-de-blancs-idolo.webp,Blanc de Blancs Idolo
loco-cimbali-blanc-de-neige-shardone-beloe-suhoe-131,data/catalogs/ver1plain-1628/photos/loco-cimbali-blanc-de-neige-shardone-beloe-suhoe-131.webp,Blanc de Neige
zolotaya-balka-blanc-de-neige-shardone-beloe-suhoe-125,data/catalogs/ver1plain-1628/photos/zolotaya-balka-blanc-de-neige-shardone-beloe-suhoe-125.webp,Blanc De Neige
fanagoriya-blanc-de-noir-mene-extra-brut-2019-pino-nuar-beloe-ekstra-bryut-12,data/catalogs/ver1plain-1628/photos/fanagoriya-blanc-de-noir-mene-extra-brut-2019-pino-nuar-beloe-ekstra-bryut-12.webp,Blanc de Noir Mene Extra Brut 2019
esse-blanc-de-noirs-pino-nuar-beloe-ekstra-bryut-115,data/catalogs/ver1plain-1628/photos/esse-blanc-de-noirs-pino-nuar-beloe-ekstra-bryut-115.webp,Blanc De Noirs
fanagoriya-blanc-de-noirs-mene-pino-mene-beloe-ekstra-bryut-12,data/catalogs/ver1plain-1628/photos/fanagoriya-blanc-de-noirs-mene-pino-mene-beloe-ekstra-bryut-12.webp,Blanc de Noirs Менье
domaine-lipko-blaufrankisch-domaine-lipko-blaufrankish-krasnoe-suhoe-136,data/catalogs/ver1plain-1628/photos/domaine-lipko-blaufrankisch-domaine-lipko-blaufrankish-krasnoe-suhoe-136.webp,Blaufrankisch Domaine Lipko
aya-organic-wine-vineyards-blush-1-sira-rozovoe-ekstra-bryut-135,data/catalogs/ver1plain-1628/photos/aya-organic-wine-vineyards-blush-1-sira-rozovoe-ekstra-bryut-135.webp,Blush #1
aya-organic-wine-vineyards-blush-2-merlo-rozovoe-ekstra-bryut-135,data/catalogs/ver1plain-1628/photos/aya-organic-wine-vineyards-blush-2-merlo-rozovoe-ekstra-bryut-135.webp,Blush #2
aya-organic-wine-vineyards-blush-3-kaberne-fran-rozovoe-ekstra-bryut-132,data/catalogs/ver1plain-1628/photos/aya-organic-wine-vineyards-blush-3-kaberne-fran-rozovoe-ekstra-bryut-132.webp,Blush #3
aya-organic-wine-vineyards-blush-4-pino-nuar-krasnoe-ekstra-bryut-129,data/catalogs/ver1plain-1628/photos/aya-organic-wine-vineyards-blush-4-pino-nuar-krasnoe-ekstra-bryut-129.webp,Blush #4
fanagoriya-brule-cabernet-franc-polusuhoe-rozovoe-kaberne-fran-12,data/catalogs/ver1plain-1628/photos/fanagoriya-brule-cabernet-franc-polusuhoe-rozovoe-kaberne-fran-12.webp,Brule Cabernet Franc Полусухое Розовое
fanagoriya-brule-cabernet-sauvignon-polusladkoe-krasnoe-kaberne-sovinon-125,data/catalogs/ver1plain-1628/photos/fanagoriya-brule-cabernet-sauvignon-polusladkoe-krasnoe-kaberne-sovinon-125.webp,Brule Cabernet Sauvignon Полусладкое Красное
fanagoriya-brule-cuve-brut-rozovoe-merlo-igristoe-bryut-rozovoe-12,data/catalogs/ver1plain-1628/photos/fanagoriya-brule-cuve-brut-rozovoe-merlo-igristoe-bryut-rozovoe-12.webp,Brule Cuvée Brut Розовое
fanagoriya-brule-frizzante-brut-beloe-pino-nuar-bryut-115,data/catalogs/ver1plain-1628/photos/fanagoriya-brule-frizzante-brut-beloe-pino-nuar-bryut-115.webp,Brule Frizzante Brut Белое
fanagoriya-brule-frizzante-brut-rozovoe-merlo-igristoe-bryut-rozovoe-115,data/catalogs/ver1plain-1628/photos/fanagoriya-brule-frizzante-brut-rozovoe-merlo-igristoe-bryut-rozovoe-115.webp,Brule Frizzante Brut Розовое
fanagoriya-brule-frizzante-polusladkoe-beloe-pino-nuar-11,data/catalogs/ver1plain-1628/photos/fanagoriya-brule-frizzante-polusladkoe-beloe-pino-nuar-11.webp,Brule Frizzante Полусладкое Белое
fanagoriya-brule-muscat-ottonel-brut-muskat-ottonel-beloe-polusladkoe-12,data/catalogs/ver1plain-1628/photos/fanagoriya-brule-muscat-ottonel-brut-muskat-ottonel-beloe-polusladkoe-12.webp,Brule Muscat Ottonel Brut
fanagoriya-brule-muscat-ottonel-polusladkoe-muskat-ottonel-beloe-115,data/catalogs/ver1plain-1628/photos/fanagoriya-brule-muscat-ottonel-polusladkoe-muskat-ottonel-beloe-115.webp,Brule Muscat Ottonel Полусладкое
fanagoriya-brule-saperavi-saperavi-igristoe-sladkoe-krasnoe-bryut-125,data/catalogs/ver1plain-1628/photos/fanagoriya-brule-saperavi-saperavi-igristoe-sladkoe-krasnoe-bryut-125.webp,Brule Saperavi
fanagoriya-brule-sauvignon-blanc-brut-sovinon-blan-beloe-bryut-12,data/catalogs/ver1plain-1628/photos/fanagoriya-brule-sauvignon-blanc-brut-sovinon-blan-beloe-bryut-12.webp,Brule Sauvignon Blanc Brut
esse-brut-cuvee-prestige-shardone-beloe-ekstra-bryut-115,data/catalogs/ver1plain-1628/photos/esse-brut-cuvee-prestige-shardone-beloe-ekstra-bryut-115.webp,Brut Cuvee Prestige
abrau-dyurso-brut-dor-blanc-de-blancs-shardone-beloe-bryut-12,data/catalogs/ver1plain-1628/photos/abrau-dyurso-brut-dor-blanc-de-blancs-shardone-beloe-bryut-12.webp,Brut d'Or Blanc de Blancs
abrau-dyurso-brut-dor-blanc-de-noirs-pino-nuar-beloe-bryut-115,data/catalogs/ver1plain-1628/photos/abrau-dyurso-brut-dor-blanc-de-noirs-pino-nuar-beloe-bryut-115.webp,Brut d'Or Blanc de Noirs
abrau-dyurso-brut-dor-blanc-de-noirs-pino-nuar-beloe-bryut-125,data/catalogs/ver1plain-1628/photos/abrau-dyurso-brut-dor-blanc-de-noirs-pino-nuar-beloe-bryut-125.webp,Brut d'Or Blanc de Noirs
abrau-dyurso-brut-dor-rose-pino-nuar-rozovoe-bryut-12,data/catalogs/ver1plain-1628/photos/abrau-dyurso-brut-dor-rose-pino-nuar-rozovoe-bryut-12.webp,Brut d'Or Rose
abrau-dyurso-brut-dor-blanc-de-blancs-shardone-beloe-bryut-125,data/catalogs/ver1plain-1628/photos/abrau-dyurso-brut-dor-blanc-de-blancs-shardone-beloe-bryut-125.webp,Brut d'Or. Blanc de Blancs
abrau-dyurso-brut-dor-riesling-risling-beloe-bryut-12,data/catalogs/ver1plain-1628/photos/abrau-dyurso-brut-dor-riesling-risling-beloe-bryut-12.webp,Brut d'Or. Riesling
esse-brut-zero-dosage-shardone-beloe-ekstra-bryut-135,data/catalogs/ver1plain-1628/photos/esse-brut-zero-dosage-shardone-beloe-ekstra-bryut-135.webp,Brut Zero Dosage
esse-brut-zero-dosage-shardone-beloe-ekstra-bryut-12,data/catalogs/ver1plain-1628/photos/esse-brut-zero-dosage-shardone-beloe-ekstra-bryut-12.webp,Brut Zero Dosage
vibes-cabernet-franc-pinot-noir-pino-nuar-krasnoe-suhoe-125,data/catalogs/ver1plain-1628/photos/vibes-cabernet-franc-pinot-noir-pino-nuar-krasnoe-suhoe-125.webp,Cabernet Franc – Pinot Noir
belmas-winery-cabernet-franc-belmas-kaberne-fran-krasnoe-suhoe-14,data/catalogs/ver1plain-1628/photos/belmas-winery-cabernet-franc-belmas-kaberne-fran-krasnoe-suhoe-14.webp,Cabernet Franc Belmas
chteau-le-grand-vostock-cabernet-franc-reserve-kaberne-fran-krasnoe-suhoe-14,data/catalogs/ver1plain-1628/photos/chteau-le-grand-vostock-cabernet-franc-reserve-kaberne-fran-krasnoe-suhoe-14.webp,Cabernet Franc Reserve
chteau-le-grand-vostock-cabernet-sauvignon-kaberne-sovinon-krasnoe-suhoe-14,data/catalogs/ver1plain-1628/photos/chteau-le-grand-vostock-cabernet-sauvignon-kaberne-sovinon-krasnoe-suhoe-14.webp,Cabernet Sauvignon
chteau-le-grand-vostock-cabernet-sauvignon-reserve-kaberne-sovinon-krasnoe-suhoe-14,data/catalogs/ver1plain-1628/photos/chteau-le-grand-vostock-cabernet-sauvignon-reserve-kaberne-sovinon-krasnoe-suhoe-14.webp,Cabernet Sauvignon Reserve
belmas-winery-cabernet-sauvignon-rose-belmas-kaberne-sovinon-rozovoe-suhoe-13,data/catalogs/ver1plain-1628/photos/belmas-winery-cabernet-sauvignon-rose-belmas-kaberne-sovinon-rozovoe-suhoe-13.webp,Cabernet Sauvignon Rose Belmas
chteau-le-grand-vostock-cadet-karsov-shardone-beloe-suhoe-135,data/catalogs/ver1plain-1628/photos/chteau-le-grand-vostock-cadet-karsov-shardone-beloe-suhoe-135.webp,Cadet Karsov
cantiani-merlot,data/catalogs/ver1plain-1628/photos/cantiani-merlot.webp,Cantiani Merlot
cantiani-saperavi-merlot,data/catalogs/ver1plain-1628/photos/cantiani-saperavi-merlot.webp,Cantiani Saperavi Merlot
caucasian-dzharag,data/catalogs/ver1plain-1628/photos/caucasian-dzharag.webp,Caucasian Джарагъ
belmas-winery-cf-kaberne-fran-krasnoe-suhoe-14,data/catalogs/ver1plain-1628/photos/belmas-winery-cf-kaberne-fran-krasnoe-suhoe-14.webp,Cf
chteau-le-grand-vostock-chardonnay-shardone-beloe-suhoe-14,data/catalogs/ver1plain-1628/photos/chteau-le-grand-vostock-chardonnay-shardone-beloe-suhoe-14.webp,Chardonnay
gavras-chardonnay-shardone-beloe-suhoe-13,data/catalogs/ver1plain-1628/photos/gavras-chardonnay-shardone-beloe-suhoe-13.webp,Chardonnay
vibes-chardonnay-barrel-fermented-shardone-beloe-suhoe-125,data/catalogs/ver1plain-1628/photos/vibes-chardonnay-barrel-fermented-shardone-beloe-suhoe-125.webp,Chardonnay Barrel Fermented
chteau-le-grand-vostock-chardonnay-reserve-shardone-beloe-suhoe-14,data/catalogs/ver1plain-1628/photos/chteau-le-grand-vostock-chardonnay-reserve-shardone-beloe-suhoe-14.webp,Chardonnay Reserve
stn-winery-chardonnay-vol2-shardone-beloe-suhoe-105,data/catalogs/ver1plain-1628/photos/stn-winery-chardonnay-vol2-shardone-beloe-suhoe-105.webp,Chardonnay vol.2
esse-chenin-blanc-shenen-blan-beloe-suhoe-12,data/catalogs/ver1plain-1628/photos/esse-chenin-blanc-shenen-blan-beloe-suhoe-12.webp,Chenin Blanc
chenin-blanc-shenen-blan-oleg-repin,data/catalogs/ver1plain-1628/photos/chenin-blanc-shenen-blan-oleg-repin.webp,Chenin Blanc (Шенен Блан. Олег Репин)
vinodelnya-batrak-contadina-merlo-krasnoe-suhoe-14,data/catalogs/ver1plain-1628/photos/vinodelnya-batrak-contadina-merlo-krasnoe-suhoe-14.webp,Contadina
fanagoriya-cru-lermont-cabernet-franc-kaberne-fran-krasnoe-suhoe-13,data/catalogs/ver1plain-1628/photos/fanagoriya-cru-lermont-cabernet-franc-kaberne-fran-krasnoe-suhoe-13.webp,Cru Lermont Cabernet Franc
fanagoriya-cru-lermont-cabernet-sauvignon-kaberne-sovinon-krasnoe-suhoe-13,data/catalogs/ver1plain-1628/photos/fanagoriya-cru-lermont-cabernet-sauvignon-kaberne-sovinon-krasnoe-suhoe-13.webp,Cru Lermont Cabernet Sauvignon
fanagoriya-cru-lermont-chardonnay-shardone-beloe-suhoe-14,data/catalogs/ver1plain-1628/photos/fanagoriya-cru-lermont-chardonnay-shardone-beloe-suhoe-14.webp,Cru Lermont Chardonnay
fanagoriya-cru-lermont-merlo-merlo-krasnoe-suhoe-14,data/catalogs/ver1plain-1628/photos/fanagoriya-cru-lermont-merlo-merlo-krasnoe-suhoe-14.webp,Cru Lermont Merlo
fanagoriya-cru-lermont-petit-verdot-pti-verdo-krasnoe-suhoe-13,data/catalogs/ver1plain-1628/photos/fanagoriya-cru-lermont-petit-verdot-pti-verdo-krasnoe-suhoe-13.webp,Cru Lermont Petit Verdot
fanagoriya-cru-lermont-pinot-noir-pino-nuar-krasnoe-suhoe-13,data/catalogs/ver1plain-1628/photos/fanagoriya-cru-lermont-pinot-noir-pino-nuar-krasnoe-suhoe-13.webp,Cru Lermont Pinot Noir
fanagoriya-cru-lermont-saperavi-saperavi-krasnoe-suhoe-135,data/catalogs/ver1plain-1628/photos/fanagoriya-cru-lermont-saperavi-saperavi-krasnoe-suhoe-135.webp,Cru Lermont Saperavi
fanagoriya-cru-lermont-rubinovyy-magaracha-krasnoe-suhoe-13,data/catalogs/ver1plain-1628/photos/fanagoriya-cru-lermont-rubinovyy-magaracha-krasnoe-suhoe-13.webp,Cru Lermont Рубиновый Магарача
zolotaya-balka-cuvee-de-vitmer-rose-pino-blan-rozovoe-bryut-12,data/catalogs/ver1plain-1628/photos/zolotaya-balka-cuvee-de-vitmer-rose-pino-blan-rozovoe-bryut-12.webp,Cuvee de Vitmer rose
chteau-le-grand-vostock-cuvee-karsov-reserve-shardone-beloe-suhoe-14,data/catalogs/ver1plain-1628/photos/chteau-le-grand-vostock-cuvee-karsov-reserve-shardone-beloe-suhoe-14.webp,Cuvee Karsov Reserve
agora-winery-cuvee-pino-gridzhio-shardone-bryut-beloe-125,data/catalogs/ver1plain-1628/photos/agora-winery-cuvee-pino-gridzhio-shardone-bryut-beloe-125.webp,"CUVEE Пино Гриджио Шардоне, брют, белое"
agora-winery-cuvee-pino-nuar-shardone-bryut-rozovoe-125,data/catalogs/ver1plain-1628/photos/agora-winery-cuvee-pino-nuar-shardone-bryut-rozovoe-125.webp,"CUVEE Пино нуар, Шардоне, брют, розовое"
stn-winery-cyberpunk-pino-nuar-krasnoe-suhoe-12,data/catalogs/ver1plain-1628/photos/stn-winery-cyberpunk-pino-nuar-krasnoe-suhoe-12.webp,Cyberpunk
david-2021,data/catalogs/ver1plain-1628/photos/david-2021.webp,"David, 2021"
esse-dolinnoe-cabernet-franc-kaberne-fran-krasnoe-suhoe-13,data/catalogs/ver1plain-1628/photos/esse-dolinnoe-cabernet-franc-kaberne-fran-krasnoe-suhoe-13.webp,Dolinnoe Cabernet Franc
esse-dolinnoe-chrdvnr-shardone-beloe-suhoe-13,data/catalogs/ver1plain-1628/photos/esse-dolinnoe-chrdvnr-shardone-beloe-suhoe-13.webp,Dolinnoe CHRD+VNR
dry-red-wine-56-rubinovyj-magaracha-oleg-repin,data/catalogs/ver1plain-1628/photos/dry-red-wine-56-rubinovyj-magaracha-oleg-repin.webp,Dry Red Wine #56 (Рубиновый Магарача. Олег Репин)
oleg-repin-duvankoy-aligote-aligote-beloe-suhoe-13,data/catalogs/ver1plain-1628/photos/oleg-repin-duvankoy-aligote-aligote-beloe-suhoe-13.webp,Duvankoy Aligote
usadba-divnomorskoe-east-hill-vione-beloe-suhoe-127,data/catalogs/ver1plain-1628/photos/usadba-divnomorskoe-east-hill-vione-beloe-suhoe-127.webp,East Hill
vinogradniki-gay-kodzora-elegance-rose-de-gai-kodzor-sira-rozovoe-suhoe-125,data/catalogs/ver1plain-1628/photos/vinogradniki-gay-kodzora-elegance-rose-de-gai-kodzor-sira-rozovoe-suhoe-125.webp,Elegance. Rose De Gai-Kodzor
eleonora,data/catalogs/ver1plain-1628/photos/eleonora.webp,"Eleonora, 2021"
villa-di-alma-en-barrique-shardone-beloe-ekstra-bryut-12,data/catalogs/ver1plain-1628/photos/villa-di-alma-en-barrique-shardone-beloe-ekstra-bryut-12.webp,En barrique
esse-esse-grand-cuvee-60-shardone-beloe-ekstra-bryut-115,data/catalogs/ver1plain-1628/photos/esse-esse-grand-cuvee-60-shardone-beloe-ekstra-bryut-115.webp,Esse Grand Cuvee 60
esse-esse-millesime-brut-zero-dosage-shardone-beloe-ekstra-bryut-115,data/catalogs/ver1plain-1628/photos/esse-esse-millesime-brut-zero-dosage-shardone-beloe-ekstra-bryut-115.webp,Esse Millesime Brut Zero Dosage
esse-esse-rose-zero-dosage-shardone-rozovoe-ekstra-bryut-115,data/catalogs/ver1plain-1628/photos/esse-esse-rose-zero-dosage-shardone-rozovoe-ekstra-bryut-115.webp,Esse Rose Zero Dosage
esse-esse-sira-krasnoe-suhoe-12,data/catalogs/ver1plain-1628/photos/esse-esse-sira-krasnoe-suhoe-12.webp,Esse Сира
esse-esse-shardone-beloe-suhoe-125,data/catalogs/ver1plain-1628/photos/esse-esse-shardone-beloe-suhoe-125.webp,Esse Шардоне
aya-organic-wine-vineyards-evolution-chardonnay-shardone-beloe-suhoe-124,data/catalogs/ver1plain-1628/photos/aya-organic-wine-vineyards-evolution-chardonnay-shardone-beloe-suhoe-124.webp,Evolution Chardonnay
aya-organic-wine-vineyards-evolution-pinot-noir-pino-nuar-krasnoe-suhoe-125,data/catalogs/ver1plain-1628/photos/aya-organic-wine-vineyards-evolution-pinot-noir-pino-nuar-krasnoe-suhoe-125.webp,Evolution Pinot Noir
shato-pino-exclusive-vione-risling-beloe-suhoe-115,data/catalogs/ver1plain-1628/photos/shato-pino-exclusive-vione-risling-beloe-suhoe-115.webp,Exclusive Вионье - Рислинг
shato-pino-exclusive-kaberne-sovinon-shiraz-krasnoe-suhoe-135,data/catalogs/ver1plain-1628/photos/shato-pino-exclusive-kaberne-sovinon-shiraz-krasnoe-suhoe-135.webp,Exclusive Каберне Совиньон - Шираз
shato-pino-exclusive-pino-nuar-merlo-krasnoe-suhoe-135,data/catalogs/ver1plain-1628/photos/shato-pino-exclusive-pino-nuar-merlo-krasnoe-suhoe-135.webp,Exclusive Пино Нуар - Мерло
shato-pino-exclusive-shardone-pino-gri-beloe-suhoe-125,data/catalogs/ver1plain-1628/photos/shato-pino-exclusive-shardone-pino-gri-beloe-suhoe-125.webp,Exclusive Шардоне - Пино Гри
chteau-le-grand-vostock-fagotine-pino-gri-beloe-polusladkoe-105,data/catalogs/ver1plain-1628/photos/chteau-le-grand-vostock-fagotine-pino-gri-beloe-polusladkoe-105.webp,Fagotine
chteau-le-grand-vostock-fagotine-pino-gri-rozovoe-polusladkoe-11,data/catalogs/ver1plain-1628/photos/chteau-le-grand-vostock-fagotine-pino-gri-rozovoe-polusladkoe-11.webp,Fagotine
fanagoriya-fanagoria-extra-brut-rose-2019-pino-nuar-igristoe-bryut-rozovoe-ekstra-bryut-12,data/catalogs/ver1plain-1628/photos/fanagoriya-fanagoria-extra-brut-rose-2019-pino-nuar-igristoe-bryut-rozovoe-ekstra-bryut-12.webp,Fanagoria Extra Brut Rose 2019
abrau-dyurso-femme-dabrau-amurskiy-potapenko-krasnoe-suhoe-107,data/catalogs/ver1plain-1628/photos/abrau-dyurso-femme-dabrau-amurskiy-potapenko-krasnoe-suhoe-107.webp,Femme d’Abrau
vinodelnya-myshako-flute-blaufrankish-rozovoe-bryut-126,data/catalogs/ver1plain-1628/photos/vinodelnya-myshako-flute-blaufrankish-rozovoe-bryut-126.webp,Flute Блауфранкиш
vinodelnya-myshako-flute-bryut-beloe-shardone-11,data/catalogs/ver1plain-1628/photos/vinodelnya-myshako-flute-bryut-beloe-shardone-11.webp,Flute брют белое
vinodelnya-myshako-flute-vione-aligote-beloe-bryut-12,data/catalogs/ver1plain-1628/photos/vinodelnya-myshako-flute-vione-aligote-beloe-bryut-12.webp,Flute Вионье Алиготе
vinodelnya-myshako-flute-gevyurtstraminer-sovinon-blan-beloe-bryut-122,data/catalogs/ver1plain-1628/photos/vinodelnya-myshako-flute-gevyurtstraminer-sovinon-blan-beloe-bryut-122.webp,Flute Гевюрцтраминер Совиньон Блан
fanagoriya-formula-q-saperavi-krasnoe-suhoe-135,data/catalogs/ver1plain-1628/photos/fanagoriya-formula-q-saperavi-krasnoe-suhoe-135.webp,Formula Q
vinogradniki-gay-kodzora-gewurztraminer-de-gai-kodzor-gevyurtstraminer-beloe-polusuhoe-135,data/catalogs/ver1plain-1628/photos/vinogradniki-gay-kodzora-gewurztraminer-de-gai-kodzor-gevyurtstraminer-beloe-polusuhoe-135.webp,Gewurztraminer de Gai-Kodzor
glu-glu-butch,data/catalogs/ver1plain-1628/photos/glu-glu-butch.webp,"Glu Glu Butch, 2022"
good-steak-cabernet,data/catalogs/ver1plain-1628/photos/good-steak-cabernet.webp,Good Steak Cabernet
good-steak-merlot,data/catalogs/ver1plain-1628/photos/good-steak-merlot.webp,Good Steak Merlot
grand-jete-blanc-de-noirs,data/catalogs/ver1plain-1628/photos/grand-jete-blanc-de-noirs.webp,Grand Jete Blanc de Noirs
grand-jete-rose,data/catalogs/ver1plain-1628/photos/grand-jete-rose.webp,Grand Jete Rose
chteau-le-grand-vostock-grand-karsov-shardone-beloe-suhoe-14,data/catalogs/ver1plain-1628/photos/chteau-le-grand-vostock-grand-karsov-shardone-beloe-suhoe-14.webp,Grand Karsov
shato-pino-grand-reserve-cabernet-franc-kaberne-fran-krasnoe-suhoe-135,data/catalogs/ver1plain-1628/photos/shato-pino-grand-reserve-cabernet-franc-kaberne-fran-krasnoe-suhoe-135.webp,Grand Reserve Cabernet Franc
shato-pino-grand-reserve-cabernet-sauvignon-kaberne-sovinon-krasnoe-suhoe-135,data/catalogs/ver1plain-1628/photos/shato-pino-grand-reserve-cabernet-sauvignon-kaberne-sovinon-krasnoe-suhoe-135.webp,Grand Reserve Cabernet Sauvignon
shato-pino-grand-reserve-chardonnay-shardone-beloe-suhoe-125,data/catalogs/ver1plain-1628/photos/shato-pino-grand-reserve-chardonnay-shardone-beloe-suhoe-125.webp,Grand Reserve Chardonnay
shato-pino-grand-reserve-pinot-noir-pino-nuar-krasnoe-suhoe-135,data/catalogs/ver1plain-1628/photos/shato-pino-grand-reserve-pinot-noir-pino-nuar-krasnoe-suhoe-135.webp,Grand Reserve Pinot Noir
usadba-divnomorskoe-grande-cuvee-shardone-beloe-bryut-125,data/catalogs/ver1plain-1628/photos/usadba-divnomorskoe-grande-cuvee-shardone-beloe-bryut-125.webp,Grande Cuvee
usadba-divnomorskoe-grande-rose-pino-nuar-rozovoe-ekstra-bryut-125,data/catalogs/ver1plain-1628/photos/usadba-divnomorskoe-grande-rose-pino-nuar-rozovoe-ekstra-bryut-125.webp,Grande Rose
agrolayn-heritage-dg-skin-contact-rkatsiteli-rkatsiteli-beloe-suhoe-12,data/catalogs/ver1plain-1628/photos/agrolayn-heritage-dg-skin-contact-rkatsiteli-rkatsiteli-beloe-suhoe-12.webp,Heritage DG Skin contact Rkatsiteli
fanagoriya-ice-wine-kaberne-kaberne-sovinon-krasnoe-sladkoe-11,data/catalogs/ver1plain-1628/photos/fanagoriya-ice-wine-kaberne-kaberne-sovinon-krasnoe-sladkoe-11.webp,Ice Wine Каберне
fanagoriya-ice-wine-merlo-rozovoe-sladkoe-10,data/catalogs/ver1plain-1628/photos/fanagoriya-ice-wine-merlo-rozovoe-sladkoe-10.webp,Ice Wine Мерло розовое
shato-pino-ice-wine-risling-risling-reynskiy-beloe-sladkoe-11,data/catalogs/ver1plain-1628/photos/shato-pino-ice-wine-risling-risling-reynskiy-beloe-sladkoe-11.webp,ICE Wine Рислинг
fanagoriya-ice-wine-risling-tihoe-beloe-sladkoe-10,data/catalogs/ver1plain-1628/photos/fanagoriya-ice-wine-risling-tihoe-beloe-sladkoe-10.webp,Ice Wine Рислинг тихое
fanagoriya-ice-wine-saperavi-tihoe-krasnoe-sladkoe-10,data/catalogs/ver1plain-1628/photos/fanagoriya-ice-wine-saperavi-tihoe-krasnoe-sladkoe-10.webp,Ice Wine Саперави тихое
vinodelnya-molchanova-ice-wine-tsvetochnyy-beloe-sladkoe-11,data/catalogs/ver1plain-1628/photos/vinodelnya-molchanova-ice-wine-tsvetochnyy-beloe-sladkoe-11.webp,Ice Wine Цветочный
inkermanskiy-zmv-inkerman-bryut-shardone-beloe-135,data/catalogs/ver1plain-1628/photos/inkermanskiy-zmv-inkerman-bryut-shardone-beloe-135.webp,Inkerman брют
inkermanskiy-zmv-inkerman-polusladkoe-roze-aligote-rozovoe-135,data/catalogs/ver1plain-1628/photos/inkermanskiy-zmv-inkerman-polusladkoe-roze-aligote-rozovoe-135.webp,Inkerman полусладкое розе
inkerman-shato-ruzh,data/catalogs/ver1plain-1628/photos/inkerman-shato-ruzh.webp,Inkerman Шато Руж
zolotoe-pole-kaffa-vione-beloe-suhoe-13,data/catalogs/ver1plain-1628/photos/zolotoe-pole-kaffa-vione-beloe-suhoe-13.webp,"KAFFA ""Вионье"""
zolotoe-pole-kaffa-kaberne-sovinon-krasnoe-suhoe-125,data/catalogs/ver1plain-1628/photos/zolotoe-pole-kaffa-kaberne-sovinon-krasnoe-suhoe-125.webp,"KAFFA ""Каберне Совиньон"""
zolotoe-pole-kaffa-kaberne-fran-krasnoe-suhoe-14,data/catalogs/ver1plain-1628/photos/zolotoe-pole-kaffa-kaberne-fran-krasnoe-suhoe-14.webp,"KAFFA ""Каберне Фран"""
zolotoe-pole-kaffa-malbek-krasnoe-suhoe-125,data/catalogs/ver1plain-1628/photos/zolotoe-pole-kaffa-malbek-krasnoe-suhoe-125.webp,"KAFFA ""Мальбек"""
zolotoe-pole-kaffa-moskato-dzhallo-moskato-dzhallo-beloe-suhoe-135,data/catalogs/ver1plain-1628/photos/zolotoe-pole-kaffa-moskato-dzhallo-moskato-dzhallo-beloe-suhoe-135.webp,"KAFFA ""Москато Джалло"""
zolotoe-pole-kaffa-saperavi-krasnoe-suhoe-14,data/catalogs/ver1plain-1628/photos/zolotoe-pole-kaffa-saperavi-krasnoe-suhoe-14.webp,"KAFFA ""Саперави"""
zolotoe-pole-kaffa-shardone-beloe-suhoe-125,data/catalogs/ver1plain-1628/photos/zolotoe-pole-kaffa-shardone-beloe-suhoe-125.webp,"KAFFA ""Шардоне"""
vinodelnya-konstantina-dzitoeva-kd-bryut-shardone-beloe-115,data/catalogs/ver1plain-1628/photos/vinodelnya-konstantina-dzitoeva-kd-bryut-shardone-beloe-115.webp,KD брют
vinodelnya-konstantina-dzitoeva-kd-rezerv-merlo-krasnoe-suhoe-12,data/catalogs/ver1plain-1628/photos/vinodelnya-konstantina-dzitoeva-kd-rezerv-merlo-krasnoe-suhoe-12.webp,KD Резерв
vinodelnya-konstantina-dzitoeva-kd-shardone-beloe-suhoe-128,data/catalogs/ver1plain-1628/photos/vinodelnya-konstantina-dzitoeva-kd-shardone-beloe-suhoe-128.webp,KD Шардоне
chteau-le-grand-vostock-krasnostop-reserve-krasnostop-krasnoe-suhoe-14,data/catalogs/ver1plain-1628/photos/chteau-le-grand-vostock-krasnostop-reserve-krasnostop-krasnoe-suhoe-14.webp,Krasnostop Reserve
agrolayn-lame-du-vin-saperavi-krasnoe-suhoe-13,data/catalogs/ver1plain-1628/photos/agrolayn-lame-du-vin-saperavi-krasnoe-suhoe-13.webp,L'ame du Vin
chteau-le-grand-vostock-le-chene-royal-reserve-merlo-krasnoe-suhoe-145,data/catalogs/ver1plain-1628/photos/chteau-le-grand-vostock-le-chene-royal-reserve-merlo-krasnoe-suhoe-145.webp,Le Chene Royal Reserve
le-general-hiver,data/catalogs/ver1plain-1628/photos/le-general-hiver.webp,Le General Hiver
zolotoe-pole-legend-of-crimea-cabernet-sauvignon-kaberne-sovinon-krasnoe-suhoe-125,data/catalogs/ver1plain-1628/photos/zolotoe-pole-legend-of-crimea-cabernet-sauvignon-kaberne-sovinon-krasnoe-suhoe-125.webp,"Legend of Crimea ""Cabernet Sauvignon"""
zolotoe-pole-legend-of-crimea-chardonnay-shardone-beloe-suhoe-13,data/catalogs/ver1plain-1628/photos/zolotoe-pole-legend-of-crimea-chardonnay-shardone-beloe-suhoe-13.webp,"Legend of Crimea ""Chardonnay"""
zolotoe-pole-legend-of-crimea-malbec-malbek-krasnoe-suhoe-125,data/catalogs/ver1plain-1628/photos/zolotoe-pole-legend-of-crimea-malbec-malbek-krasnoe-suhoe-125.webp,"Legend of Crimea ""Malbec"""
zolotoe-pole-legend-of-crimea-muscat-ottonel-muskat-ottonel-beloe-suhoe-14,data/catalogs/ver1plain-1628/photos/zolotoe-pole-legend-of-crimea-muscat-ottonel-muskat-ottonel-beloe-suhoe-14.webp,"Legend of Crimea ""Muscat Ottonel"""
zolotoe-pole-legend-of-crimea-pinot-gris-rose-pino-gri-rozovoe-suhoe-135,data/catalogs/ver1plain-1628/photos/zolotoe-pole-legend-of-crimea-pinot-gris-rose-pino-gri-rozovoe-suhoe-135.webp,"Legend of Crimea ""Pinot Gris Rose"""
zolotoe-pole-legend-of-crimea-red-blend-kaberne-sovinon-krasnoe-suhoe-14,data/catalogs/ver1plain-1628/photos/zolotoe-pole-legend-of-crimea-red-blend-kaberne-sovinon-krasnoe-suhoe-14.webp,"Legend of Crimea ""Red Blend"""
zolotoe-pole-legend-of-crimea-sauvignon-blanc-sovinon-blan-beloe-suhoe-13,data/catalogs/ver1plain-1628/photos/zolotoe-pole-legend-of-crimea-sauvignon-blanc-sovinon-blan-beloe-suhoe-13.webp,"Legend of Crimea ""Sauvignon Blanc"""
zolotoe-pole-legend-of-crimea-white-blend-malvaziya-beloe-suhoe-135,data/catalogs/ver1plain-1628/photos/zolotoe-pole-legend-of-crimea-white-blend-malvaziya-beloe-suhoe-135.webp,"Legend of Crimea ""White Blend"""
leto-risling-2020,data/catalogs/ver1plain-1628/photos/leto-risling-2020.webp,LETO Рислинг 2020 сухое белое
oleg-repin-listva-cabernet-sauvignon-kaberne-sovinon-krasnoe-suhoe-14,data/catalogs/ver1plain-1628/photos/oleg-repin-listva-cabernet-sauvignon-kaberne-sovinon-krasnoe-suhoe-14.webp,Listva Cabernet Sauvignon
oleg-repin-listva-syrah-sira-krasnoe-suhoe-14,data/catalogs/ver1plain-1628/photos/oleg-repin-listva-syrah-sira-krasnoe-suhoe-14.webp,Listva Syrah
locantita-sauvignon-blanc-chardonnay,data/catalogs/ver1plain-1628/photos/locantita-sauvignon-blanc-chardonnay.webp,Locantita Sauvignon Blanc-Chardonnay
locantita-more,data/catalogs/ver1plain-1628/photos/locantita-more.webp,Locantita Море
loco-cimbali-loco-cimbali-pinot-meunier-mene-krasnoe-suhoe-125,data/catalogs/ver1plain-1628/photos/loco-cimbali-loco-cimbali-pinot-meunier-mene-krasnoe-suhoe-125.webp,Loco Cimbali Pinot Meunier
loco-cimbali-loco-cimbali-red-kaberne-sovinon-krasnoe-suhoe-135,data/catalogs/ver1plain-1628/photos/loco-cimbali-loco-cimbali-red-kaberne-sovinon-krasnoe-suhoe-135.webp,Loco Cimbali Red
magnatum-cuvee-m-blanc-de-blancs,data/catalogs/ver1plain-1628/photos/magnatum-cuvee-m-blanc-de-blancs.webp,Magnatum Cuvee M Blanc de Blancs
magnatum-rose,data/catalogs/ver1plain-1628/photos/magnatum-rose.webp,Magnatum Rose
vinogradniki-gay-kodzora-malbec-de-gai-kodzor-malbek-krasnoe-suhoe-135,data/catalogs/ver1plain-1628/photos/vinogradniki-gay-kodzora-malbec-de-gai-kodzor-malbek-krasnoe-suhoe-135.webp,Malbec De Gai-Kodzor
belmas-winery-malbec-katya-malbek-rozovoe-suhoe-129,data/catalogs/ver1plain-1628/photos/belmas-winery-malbec-katya-malbek-rozovoe-suhoe-129.webp,Malbec Katya
belmas-winery-malbec-katya-belmas-malbek-rozovoe-suhoe-11,data/catalogs/ver1plain-1628/photos/belmas-winery-malbec-katya-belmas-malbek-rozovoe-suhoe-11.webp,Malbec Katya Belmas
vinogradniki-gay-kodzora-malbec-red-klen-de-gai-kodzor-malbek-krasnoe-suhoe-135,data/catalogs/ver1plain-1628/photos/vinogradniki-gay-kodzora-malbec-red-klen-de-gai-kodzor-malbek-krasnoe-suhoe-135.webp,Malbec Red Klen De Gai-Kodzor
domaine-de-la-vivandiere-malbec-vivandiere-roze-malbek-rozovoe-suhoe-125,data/catalogs/ver1plain-1628/photos/domaine-de-la-vivandiere-malbec-vivandiere-roze-malbek-rozovoe-suhoe-125.webp,Malbec Vivandiere розе
esse-mama-marselan-krasnoe-suhoe-115,data/catalogs/ver1plain-1628/photos/esse-mama-marselan-krasnoe-suhoe-115.webp,MaMa
mancopia-risling,data/catalogs/ver1plain-1628/photos/mancopia-risling.webp,Mancopia Рислинг
mancopia-sira,data/catalogs/ver1plain-1628/photos/mancopia-sira.webp,Mancopia Сира
mantra-blanc-de-blancs,data/catalogs/ver1plain-1628/photos/mantra-blanc-de-blancs.webp,Mantra Blanc de Blancs
margarita,data/catalogs/ver1plain-1628/photos/margarita.webp,"Margarita, 2023"
usadba-divnomorskoe-maris-blanc-de-blanc-extra-brut-shardone-beloe-ekstra-bryut-105,data/catalogs/ver1plain-1628/photos/usadba-divnomorskoe-maris-blanc-de-blanc-extra-brut-shardone-beloe-ekstra-bryut-105.webp,Maris Blanc de Blanc Extra Brut
usadba-divnomorskoe-maris-blanc-de-noirs-extra-brut-pino-nuar-beloe-ekstra-bryut-105,data/catalogs/ver1plain-1628/photos/usadba-divnomorskoe-maris-blanc-de-noirs-extra-brut-pino-nuar-beloe-ekstra-bryut-105.webp,Maris Blanc de Noirs Extra Brut
marquetry-cabernet-franc,data/catalogs/ver1plain-1628/photos/marquetry-cabernet-franc.webp,Marquetry cabernet franc
marquetry-syrah,data/catalogs/ver1plain-1628/photos/marquetry-syrah.webp,Marquetry syrah
marquetry-syrah-merlot-cabernet-franc,data/catalogs/ver1plain-1628/photos/marquetry-syrah-merlot-cabernet-franc.webp,"Marquetry syrah, merlot, cabernet franc"
usadba-divnomorskoe-marselan-marselan-krasnoe-suhoe-149,data/catalogs/ver1plain-1628/photos/usadba-divnomorskoe-marselan-marselan-krasnoe-suhoe-149.webp,Marselan
gavras-masour-murvedr-rozovoe-suhoe-12,data/catalogs/ver1plain-1628/photos/gavras-masour-murvedr-rozovoe-suhoe-12.webp,Masour
usadba-divnomorskoe-merlot-merlo-krasnoe-suhoe-149,data/catalogs/ver1plain-1628/photos/usadba-divnomorskoe-merlot-merlo-krasnoe-suhoe-149.webp,Merlot
chteau-le-grand-vostock-merlot-merlo-krasnoe-suhoe-14,data/catalogs/ver1plain-1628/photos/chteau-le-grand-vostock-merlot-merlo-krasnoe-suhoe-14.webp,Merlot
ferrum-winery-merlot-merlo-krasnoe-suhoe-13,data/catalogs/ver1plain-1628/photos/ferrum-winery-merlot-merlo-krasnoe-suhoe-13.webp,Merlot
chteau-le-grand-vostock-merlot-reserve-merlo-krasnoe-suhoe-145,data/catalogs/ver1plain-1628/photos/chteau-le-grand-vostock-merlot-reserve-merlo-krasnoe-suhoe-145.webp,Merlot Reserve
miroir-de-talu-merlot-cabernet-sauvignon,data/catalogs/ver1plain-1628/photos/miroir-de-talu-merlot-cabernet-sauvignon.webp,Miroir De Talu Merlot Cabernet Sauvignon
vinodelnya-batrak-monte-di-cammello-nuvola-bianca-risling-beloe-suhoe-12,data/catalogs/ver1plain-1628/photos/vinodelnya-batrak-monte-di-cammello-nuvola-bianca-risling-beloe-suhoe-12.webp,Monte Di Cammello Nuvola Bianca
monte-garu-beloe-bryut,data/catalogs/ver1plain-1628/photos/monte-garu-beloe-bryut.webp,Monte Garu белое брют
monte-garu-beloe-polusladkoe,data/catalogs/ver1plain-1628/photos/monte-garu-beloe-polusladkoe.webp,Monte Garu белое полусладкое
vibes-montepulciano-cabernet-franc-petit-verdot-montepulchano-krasnoe-suhoe-125,data/catalogs/ver1plain-1628/photos/vibes-montepulciano-cabernet-franc-petit-verdot-montepulchano-krasnoe-suhoe-125.webp,Montepulciano – Cabernet Franc – Petit Verdot
gunko-winery-monumental-bryut-shardone-beloe-12,data/catalogs/ver1plain-1628/photos/gunko-winery-monumental-bryut-shardone-beloe-12.webp,Monumental брют
gunko-winery-monumental-saperavi-krasnoe-suhoe-145,data/catalogs/ver1plain-1628/photos/gunko-winery-monumental-saperavi-krasnoe-suhoe-145.webp,Monumental Саперави
agrolayn-mountain-eagle-aleatico-rose-aleatiko-rozovoe-suhoe-125,data/catalogs/ver1plain-1628/photos/agrolayn-mountain-eagle-aleatico-rose-aleatiko-rozovoe-suhoe-125.webp,Mountain Eagle Aleatico Rose
agrolayn-mountain-eagle-cabernet-sauvignon-kaberne-sovinon-krasnoe-suhoe-135,data/catalogs/ver1plain-1628/photos/agrolayn-mountain-eagle-cabernet-sauvignon-kaberne-sovinon-krasnoe-suhoe-135.webp,Mountain Eagle Cabernet Sauvignon
agrolayn-mountain-eagle-chardonnay-shardone-beloe-suhoe-12,data/catalogs/ver1plain-1628/photos/agrolayn-mountain-eagle-chardonnay-shardone-beloe-suhoe-12.webp,Mountain Eagle Chardonnay
agrolayn-mountain-eagle-marselan-marselan-krasnoe-suhoe-13,data/catalogs/ver1plain-1628/photos/agrolayn-mountain-eagle-marselan-marselan-krasnoe-suhoe-13.webp,Mountain Eagle Marselan
agrolayn-mountain-eagle-muscat-muskat-beloe-suhoe-125,data/catalogs/ver1plain-1628/photos/agrolayn-mountain-eagle-muscat-muskat-beloe-suhoe-125.webp,Mountain Eagle Muscat
agrolayn-mountain-eagle-pedro-ximenez-pedro-himenes-beloe-suhoe-11,data/catalogs/ver1plain-1628/photos/agrolayn-mountain-eagle-pedro-ximenez-pedro-himenes-beloe-suhoe-11.webp,Mountain Eagle Pedro Ximenez
agrolayn-mountain-eagle-saperavi-saperavi-krasnoe-suhoe-135,data/catalogs/ver1plain-1628/photos/agrolayn-mountain-eagle-saperavi-saperavi-krasnoe-suhoe-135.webp,Mountain Eagle Saperavi
agrolayn-mountain-eagle-sauvignon-blanc-sovinon-blan-beloe-suhoe-125,data/catalogs/ver1plain-1628/photos/agrolayn-mountain-eagle-sauvignon-blanc-sovinon-blan-beloe-suhoe-125.webp,Mountain Eagle Sauvignon Blanc
agrolayn-mountain-eagle-viognier-vione-beloe-suhoe-115,data/catalogs/ver1plain-1628/photos/agrolayn-mountain-eagle-viognier-vione-beloe-suhoe-115.webp,Mountain Eagle Viognier
agrolayn-mountain-eagle-white-blend-vione-beloe-suhoe-115,data/catalogs/ver1plain-1628/photos/agrolayn-mountain-eagle-white-blend-vione-beloe-suhoe-115.webp,Mountain Eagle White Blend
andryus-yutsis-muscat-blanc-muskat-beloe-suhoe-112,data/catalogs/ver1plain-1628/photos/andryus-yutsis-muscat-blanc-muskat-beloe-suhoe-112.webp,Muscat Blanc
vinogradniki-gay-kodzora-muscat-de-gai-kodzor-sladkiy-muskat-aleksandriyskiy-beloe-sladkoe-14,data/catalogs/ver1plain-1628/photos/vinogradniki-gay-kodzora-muscat-de-gai-kodzor-sladkiy-muskat-aleksandriyskiy-beloe-sladkoe-14.webp,Muscat de Gai-Kodzor сладкий
vinogradniki-gay-kodzora-muscat-ga-kodzor-muskat-melkozernistyy-beloe-suhoe-12,data/catalogs/ver1plain-1628/photos/vinogradniki-gay-kodzora-muscat-ga-kodzor-muskat-melkozernistyy-beloe-suhoe-12.webp,Muscat Gaï-Kodzor
usadba-divnomorskoe-muscat-ottonel-muskat-ottonel-beloe-sladkoe-135,data/catalogs/ver1plain-1628/photos/usadba-divnomorskoe-muscat-ottonel-muskat-ottonel-beloe-sladkoe-135.webp,Muscat Ottonel
nebbiolo,data/catalogs/ver1plain-1628/photos/nebbiolo.webp,Nebbiolo
esse-nectar-muscat-muskat-belyy-beloe-polusuhoe-12,data/catalogs/ver1plain-1628/photos/esse-nectar-muscat-muskat-belyy-beloe-polusuhoe-12.webp,Nectar Muscat
golubitskoe-estate-noble-selection-red-blend-kaberne-sovinon-krasnoe-suhoe-136,data/catalogs/ver1plain-1628/photos/golubitskoe-estate-noble-selection-red-blend-kaberne-sovinon-krasnoe-suhoe-136.webp,Noble Selection Red Blend
golubitskoe-estate-noble-selection-white-blend-shardone-beloe-suhoe-135,data/catalogs/ver1plain-1628/photos/golubitskoe-estate-noble-selection-white-blend-shardone-beloe-suhoe-135.webp,Noble Selection White Blend
pomeste-golubitskoe-noble-selection-pino-nuar-roze-rozovoe-suhoe-132,data/catalogs/ver1plain-1628/photos/pomeste-golubitskoe-noble-selection-pino-nuar-roze-rozovoe-suhoe-132.webp,Noble Selection. Пино Нуар розе
esse-odessa-black-odesskiy-chernyy-krasnoe-suhoe-12,data/catalogs/ver1plain-1628/photos/esse-odessa-black-odesskiy-chernyy-krasnoe-suhoe-12.webp,Odessa black
opium,data/catalogs/ver1plain-1628/photos/opium.webp,"Opium, 2020"
andryus-yutsis-orange-vermentino-beloe-suhoe-112,data/catalogs/ver1plain-1628/photos/andryus-yutsis-orange-vermentino-beloe-suhoe-112.webp,Orange
orange,data/catalogs/ver1plain-1628/photos/orange.webp,"Orange, 2023"
andryus-yutsis-organic-syrah-sira-krasnoe-suhoe-135,data/catalogs/ver1plain-1628/photos/andryus-yutsis-organic-syrah-sira-krasnoe-suhoe-135.webp,Organic Syrah
fanagoriya-par-amour-pervenets-magaracha-beloe-polusladkoe-105-125,data/catalogs/ver1plain-1628/photos/fanagoriya-par-amour-pervenets-magaracha-beloe-polusladkoe-105-125.webp,Par Amour
fanagoriya-par-amour-rubin-golodrigi-krasnoe-polusladkoe-105-125,data/catalogs/ver1plain-1628/photos/fanagoriya-par-amour-rubin-golodrigi-krasnoe-polusladkoe-105-125.webp,Par Amour
fanagoriya-par-amour-pervenets-magaracha-rozovoe-polusuhoe-105-125,data/catalogs/ver1plain-1628/photos/fanagoriya-par-amour-pervenets-magaracha-rozovoe-polusuhoe-105-125.webp,Par Amour
fanagoriya-par-amour-pervenets-magaracha-beloe-polusuhoe-105-125,data/catalogs/ver1plain-1628/photos/fanagoriya-par-amour-pervenets-magaracha-beloe-polusuhoe-105-125.webp,Par Amour
uppa-winery-pavel-shvets-cabernet-sauvignon-merlot-kaberne-sovinon-krasnoe-suhoe-14,data/catalogs/ver1plain-1628/photos/uppa-winery-pavel-shvets-cabernet-sauvignon-merlot-kaberne-sovinon-krasnoe-suhoe-14.webp,Pavel Shvets. Cabernet Sauvignon - Merlot
fanagoriya-pelle-calda-saperavi-krasnoe-suhoe-155,data/catalogs/ver1plain-1628/photos/fanagoriya-pelle-calda-saperavi-krasnoe-suhoe-155.webp,Pelle Calda
domaine-lipko-penpalo-cabernet-sauvignon-domaine-lipko-kaberne-sovinon-krasnoe-suhoe-14,data/catalogs/ver1plain-1628/photos/domaine-lipko-penpalo-cabernet-sauvignon-domaine-lipko-kaberne-sovinon-krasnoe-suhoe-14.webp,Penpalo Cabernet Sauvignon Domaine Lipko
domaine-lipko-penpalo-chardonnay-domaine-lipko-shardone-beloe-suhoe-122,data/catalogs/ver1plain-1628/photos/domaine-lipko-penpalo-chardonnay-domaine-lipko-shardone-beloe-suhoe-122.webp,Penpalo Chardonnay Domaine Lipko
domaine-lipko-penpalo-kaberne-sovinon-krasnoe-suhoe-14,data/catalogs/ver1plain-1628/photos/domaine-lipko-penpalo-kaberne-sovinon-krasnoe-suhoe-14.webp,Penpalo Каберне Совиньон
vinodelnya-batrak-perfekt-klassik-kaberne-sovinon-krasnoe-suhoe-135,data/catalogs/ver1plain-1628/photos/vinodelnya-batrak-perfekt-klassik-kaberne-sovinon-krasnoe-suhoe-135.webp,Perfekt Klassik Каберне Совиньон
vinodelnya-batrak-perfekt-klassik-kaberne-fran-krasnoe-suhoe-135,data/catalogs/ver1plain-1628/photos/vinodelnya-batrak-perfekt-klassik-kaberne-fran-krasnoe-suhoe-135.webp,Perfekt Klassik Каберне Фран
vinodelnya-batrak-perfekt-klassik-merlo-krasnoe-suhoe-135,data/catalogs/ver1plain-1628/photos/vinodelnya-batrak-perfekt-klassik-merlo-krasnoe-suhoe-135.webp,Perfekt Klassik Мерло
vinodelnya-batrak-perfekt-klassik-muskat-belyy-beloe-suhoe-125,data/catalogs/ver1plain-1628/photos/vinodelnya-batrak-perfekt-klassik-muskat-belyy-beloe-suhoe-125.webp,Perfekt Klassik Мускат Белый
vinodelnya-batrak-perfekt-klassik-muskat-rozovyy-rozovoe-suhoe-125,data/catalogs/ver1plain-1628/photos/vinodelnya-batrak-perfekt-klassik-muskat-rozovyy-rozovoe-suhoe-125.webp,Perfekt Klassik Мускат Розовый
vinodelnya-batrak-perfekt-klassik-saperavi-krasnoe-suhoe-135,data/catalogs/ver1plain-1628/photos/vinodelnya-batrak-perfekt-klassik-saperavi-krasnoe-suhoe-135.webp,Perfekt Klassik Саперави
vinodelnya-batrak-perfekt-klassik-sovinon-blan-beloe-suhoe-125,data/catalogs/ver1plain-1628/photos/vinodelnya-batrak-perfekt-klassik-sovinon-blan-beloe-suhoe-125.webp,Perfekt Klassik Совиньон блан
vinodelnya-batrak-perfekt-klassik-pino-nuar-krasnoe-suhoe-12,data/catalogs/ver1plain-1628/photos/vinodelnya-batrak-perfekt-klassik-pino-nuar-krasnoe-suhoe-12.webp,Perfekt Klassik. Пино Нуар
esse-petit-verdot-pti-verdo-krasnoe-suhoe-13,data/catalogs/ver1plain-1628/photos/esse-petit-verdot-pti-verdo-krasnoe-suhoe-13.webp,Petit Verdot
domaine-lipko-petit-verdot-domaine-lipko-pti-verdo-krasnoe-suhoe-14,data/catalogs/ver1plain-1628/photos/domaine-lipko-petit-verdot-domaine-lipko-pti-verdo-krasnoe-suhoe-14.webp,Petit Verdot Domaine Lipko
belmas-winery-pg-pino-gri-beloe-suhoe-125,data/catalogs/ver1plain-1628/photos/belmas-winery-pg-pino-gri-beloe-suhoe-125.webp,Pg
zolotaya-balka-pink-sira-rozovoe-suhoe-13,data/catalogs/ver1plain-1628/photos/zolotaya-balka-pink-sira-rozovoe-suhoe-13.webp,Pink
oleg-repin-pinot-blanc-pino-blan-beloe-suhoe-13,data/catalogs/ver1plain-1628/photos/oleg-repin-pinot-blanc-pino-blan-beloe-suhoe-13.webp,Pinot Blanc
andryus-yutsis-pinot-grigio-pino-gri-beloe-suhoe-125,data/catalogs/ver1plain-1628/photos/andryus-yutsis-pinot-grigio-pino-gri-beloe-suhoe-125.webp,Pinot Grigio
belmas-winery-pinot-gris-belmas-pino-gri-beloe-suhoe-122,data/catalogs/ver1plain-1628/photos/belmas-winery-pinot-gris-belmas-pino-gri-beloe-suhoe-122.webp,Pinot Gris Belmas
chteau-le-grand-vostock-pinot-gris-reserve-pino-gri-beloe-suhoe-135,data/catalogs/ver1plain-1628/photos/chteau-le-grand-vostock-pinot-gris-reserve-pino-gri-beloe-suhoe-135.webp,Pinot Gris Reserve
chteau-le-grand-vostock-pinot-gris-rose-reserve-pino-gri-rozovoe-suhoe-14,data/catalogs/ver1plain-1628/photos/chteau-le-grand-vostock-pinot-gris-rose-reserve-pino-gri-rozovoe-suhoe-14.webp,Pinot Gris Rose Reserve
oleg-repin-pinot-noir-pino-nuar-krasnoe-suhoe-135,data/catalogs/ver1plain-1628/photos/oleg-repin-pinot-noir-pino-nuar-krasnoe-suhoe-135.webp,Pinot Noir
ferrum-winery-pinot-noir-pino-nuar-rozovoe-suhoe-13,data/catalogs/ver1plain-1628/photos/ferrum-winery-pinot-noir-pino-nuar-rozovoe-suhoe-13.webp,Pinot Noir
usadba-divnomorskoe-pinot-noir-pino-nuar-krasnoe-suhoe-12,data/catalogs/ver1plain-1628/photos/usadba-divnomorskoe-pinot-noir-pino-nuar-krasnoe-suhoe-12.webp,Pinot Noir
domaine-lipko-pinot-noir-domaine-lipko-pino-nuar-krasnoe-suhoe-133,data/catalogs/ver1plain-1628/photos/domaine-lipko-pinot-noir-domaine-lipko-pino-nuar-krasnoe-suhoe-133.webp,Pinot Noir Domaine Lipko
chteau-le-grand-vostock-pinot-noir-reserve-pino-nuar-krasnoe-suhoe-135,data/catalogs/ver1plain-1628/photos/chteau-le-grand-vostock-pinot-noir-reserve-pino-nuar-krasnoe-suhoe-135.webp,Pinot Noir Reserve
oleg-repin-pinot-noir-v-pino-nuar-krasnoe-suhoe-125,data/catalogs/ver1plain-1628/photos/oleg-repin-pinot-noir-v-pino-nuar-krasnoe-suhoe-125.webp,Pinot Noir В
massandra-premium-sangiovese-sandzhoveze-krasnoe-suhoe-13,data/catalogs/ver1plain-1628/photos/massandra-premium-sangiovese-sandzhoveze-krasnoe-suhoe-13.webp,Premium Sangiovese
fanagoriya-primum-alveus-blanc-de-blancs-2017-shardone-igristoe-bryut-beloe-12,data/catalogs/ver1plain-1628/photos/fanagoriya-primum-alveus-blanc-de-blancs-2017-shardone-igristoe-bryut-beloe-12.webp,Primum Alveus Blanc de Blancs 2017
fanagoriya-primum-alveus-blanc-de-blancs-ekstra-bryut-2019-shardone-beloe-11-13,data/catalogs/ver1plain-1628/photos/fanagoriya-primum-alveus-blanc-de-blancs-ekstra-bryut-2019-shardone-beloe-11-13.webp,Primum Alveus Blanc De Blancs Экстра Брют 2019
fanagoriya-primum-alveus-brut-2014-shardone-igristoe-bryut-beloe-12,data/catalogs/ver1plain-1628/photos/fanagoriya-primum-alveus-brut-2014-shardone-igristoe-bryut-beloe-12.webp,Primum Alveus Brut 2014
fanagoriya-primum-alveus-brut-2016-shardone-igristoe-bryut-beloe-12,data/catalogs/ver1plain-1628/photos/fanagoriya-primum-alveus-brut-2016-shardone-igristoe-bryut-beloe-12.webp,Primum Alveus Brut 2016
fanagoriya-primum-alveus-brut-2017-shardone-igristoe-bryut-beloe-12,data/catalogs/ver1plain-1628/photos/fanagoriya-primum-alveus-brut-2017-shardone-igristoe-bryut-beloe-12.webp,Primum Alveus Brut 2017
fanagoriya-primum-alveus-extra-brut-2014-pino-nuar-beloe-bryut-12,data/catalogs/ver1plain-1628/photos/fanagoriya-primum-alveus-extra-brut-2014-pino-nuar-beloe-bryut-12.webp,Primum Alveus Extra Brut 2014
fanagoriya-primum-alveus-extra-brut-2016-shardone-beloe-bryut-12,data/catalogs/ver1plain-1628/photos/fanagoriya-primum-alveus-extra-brut-2016-shardone-beloe-bryut-12.webp,Primum Alveus Extra Brut 2016
fanagoriya-primum-alveus-extra-brut-rose-2014-pino-nuar-rozovoe-bryut-12,data/catalogs/ver1plain-1628/photos/fanagoriya-primum-alveus-extra-brut-rose-2014-pino-nuar-rozovoe-bryut-12.webp,Primum Alveus Extra Brut Rose 2014
fanagoriya-primum-alveus-blanc-de-noirs-meunier-ekstra-bryut-2019-mene-beloe-11-13,data/catalogs/ver1plain-1628/photos/fanagoriya-primum-alveus-blanc-de-noirs-meunier-ekstra-bryut-2019-mene-beloe-11-13.webp,Primum Alveus. Blanc de Noirs. Meunier. Экстра брют 2019
fanagoriya-primum-alveus-brut-2021-shardone-beloe-bryut-11-13,data/catalogs/ver1plain-1628/photos/fanagoriya-primum-alveus-brut-2021-shardone-beloe-bryut-11-13.webp,Primum Alveus. Brut 2021
fanagoriya-primum-alveus-bryut-2019-pino-nuar-igristoe-bryut-rozovoe-11-13,data/catalogs/ver1plain-1628/photos/fanagoriya-primum-alveus-bryut-2019-pino-nuar-igristoe-bryut-rozovoe-11-13.webp,Primum Alveus. Брют 2019
fanagoriya-primum-alveus-ekstra-bryut-2017-pino-nuar-beloe-11-13,data/catalogs/ver1plain-1628/photos/fanagoriya-primum-alveus-ekstra-bryut-2017-pino-nuar-beloe-11-13.webp,Primum Alveus. Экстра-брют 2017
aya-organic-wine-vineyards-purity-in-chenin-blanc-shenen-blan-beloe-suhoe-11,data/catalogs/ver1plain-1628/photos/aya-organic-wine-vineyards-purity-in-chenin-blanc-shenen-blan-beloe-suhoe-11.webp,Purity in Chenin Blanc
aya-organic-wine-vineyards-purity-in-merlot-merlo-rozovoe-suhoe-134,data/catalogs/ver1plain-1628/photos/aya-organic-wine-vineyards-purity-in-merlot-merlo-rozovoe-suhoe-134.webp,Purity in Merlot
aya-organic-wine-vineyards-purity-in-syrah-sira-krasnoe-suhoe-146,data/catalogs/ver1plain-1628/photos/aya-organic-wine-vineyards-purity-in-syrah-sira-krasnoe-suhoe-146.webp,Purity in Syrah
aya-organic-wine-vineyards-purity-in-syrah-sira-rozovoe-suhoe-132,data/catalogs/ver1plain-1628/photos/aya-organic-wine-vineyards-purity-in-syrah-sira-rozovoe-suhoe-132.webp,Purity in Syrah
aya-organic-wine-vineyards-purity-in-trinity-pino-nuar-rozovoe-suhoe-13,data/catalogs/ver1plain-1628/photos/aya-organic-wine-vineyards-purity-in-trinity-pino-nuar-rozovoe-suhoe-13.webp,Purity in Trinity
fanagoriya-q-blanc-sovinon-blan-beloe-suhoe-14,data/catalogs/ver1plain-1628/photos/fanagoriya-q-blanc-sovinon-blan-beloe-suhoe-14.webp,Q Blanc
fanagoriya-q-bordeaux-blend-kaberne-sovinon-krasnoe-suhoe-135,data/catalogs/ver1plain-1628/photos/fanagoriya-q-bordeaux-blend-kaberne-sovinon-krasnoe-suhoe-135.webp,Q Bordeaux Blend
vinodelnya-myshako-quintessence-brut-vione-beloe-bryut-115,data/catalogs/ver1plain-1628/photos/vinodelnya-myshako-quintessence-brut-vione-beloe-bryut-115.webp,Quintessence Brut. Вионье
vinodelnya-myshako-quintessence-brut-muskat-muskat-belyy-beloe-bryut-12,data/catalogs/ver1plain-1628/photos/vinodelnya-myshako-quintessence-brut-muskat-muskat-belyy-beloe-bryut-12.webp,Quintessence Brut. Мускат
vinodelnya-myshako-quintessence-new-generation-brut-white-shardone-beloe-bryut-11,data/catalogs/ver1plain-1628/photos/vinodelnya-myshako-quintessence-new-generation-brut-white-shardone-beloe-bryut-11.webp,Quintessence New Generation. Brut White
vinodelnya-myshako-quintessence-new-generation-semi-dry-rose-pino-nuar-rozovoe-polusuhoe-11,data/catalogs/ver1plain-1628/photos/vinodelnya-myshako-quintessence-new-generation-semi-dry-rose-pino-nuar-rozovoe-polusuhoe-11.webp,Quintessence New Generation. Semi-Dry Rose
vinodelnya-myshako-quintessence-new-generation-semi-sweet-white-vione-beloe-polusladkoe-11,data/catalogs/ver1plain-1628/photos/vinodelnya-myshako-quintessence-new-generation-semi-sweet-white-vione-beloe-polusladkoe-11.webp,Quintessence New Generation. Semi-Sweet White
vinodelnya-myshako-quintessence-new-generation-zinfandel-rozovoe-polusuhoe-115,data/catalogs/ver1plain-1628/photos/vinodelnya-myshako-quintessence-new-generation-zinfandel-rozovoe-polusuhoe-115.webp,Quintessence New Generation. Зинфандель
vinodelnya-myshako-quintessence-new-generation-risling-zekt-beloe-bryut-125,data/catalogs/ver1plain-1628/photos/vinodelnya-myshako-quintessence-new-generation-risling-zekt-beloe-bryut-125.webp,Quintessence New Generation. Рислинг Зект
vinodelnya-myshako-quintessence-new-generation-sovinon-blan-beloe-suhoe-122,data/catalogs/ver1plain-1628/photos/vinodelnya-myshako-quintessence-new-generation-sovinon-blan-beloe-suhoe-122.webp,Quintessence New Generation. Совиньон Блан
vinodelnya-myshako-quintessence-new-generation-tempranilo-krasnoe-suhoe-134,data/catalogs/ver1plain-1628/photos/vinodelnya-myshako-quintessence-new-generation-tempranilo-krasnoe-suhoe-134.webp,Quintessence New Generation. Темпранильо.
vinodelnya-myshako-quintessence-reserve-pino-nuar-krasnoe-suhoe-148,data/catalogs/ver1plain-1628/photos/vinodelnya-myshako-quintessence-reserve-pino-nuar-krasnoe-suhoe-148.webp,Quintessence Reserve. Пино Нуар
vinodelnya-myshako-quintessence-reserve-risling-krasnoe-suhoe-131,data/catalogs/ver1plain-1628/photos/vinodelnya-myshako-quintessence-reserve-risling-krasnoe-suhoe-131.webp,Quintessence Reserve. Рислинг
vinodelnya-myshako-quintessence-shtorm-merlo-krasnoe-sladkoe-147,data/catalogs/ver1plain-1628/photos/vinodelnya-myshako-quintessence-shtorm-merlo-krasnoe-sladkoe-147.webp,Quintessence Shtorm. Мерло
vinodelnya-myshako-quintessence-storm-pino-nuar-beloe-suhoe-128,data/catalogs/ver1plain-1628/photos/vinodelnya-myshako-quintessence-storm-pino-nuar-beloe-suhoe-128.webp,Quintessence Storm. Пино Нуар
vinodelnya-myshako-quintessence-storm-shiraz-krasnoe-polusuhoe-15,data/catalogs/ver1plain-1628/photos/vinodelnya-myshako-quintessence-storm-shiraz-krasnoe-polusuhoe-15.webp,Quintessence Storm. Шираз
vinodelnya-myshako-quintessence-new-generation-kaberne-fran-krasnoe-suhoe-145,data/catalogs/ver1plain-1628/photos/vinodelnya-myshako-quintessence-new-generation-kaberne-fran-krasnoe-suhoe-145.webp,Quintessence. New Generation. Каберне Фран
vinodelnya-myshako-quintessence-aligote-beloe-suhoe-128,data/catalogs/ver1plain-1628/photos/vinodelnya-myshako-quintessence-aligote-beloe-suhoe-128.webp,Quintessence. Алиготе
vinodelnya-myshako-quintessence-blaufrankish-rozovoe-bryut-115,data/catalogs/ver1plain-1628/photos/vinodelnya-myshako-quintessence-blaufrankish-rozovoe-bryut-115.webp,Quintessence. Блауфранкиш
vinodelnya-myshako-quintessence-vione-beloe-suhoe-128,data/catalogs/ver1plain-1628/photos/vinodelnya-myshako-quintessence-vione-beloe-suhoe-128.webp,Quintessence. Вионье
vinodelnya-myshako-quintessence-gevyurtstraminer-beloe-suhoe-128,data/catalogs/ver1plain-1628/photos/vinodelnya-myshako-quintessence-gevyurtstraminer-beloe-suhoe-128.webp,Quintessence. Гевюрцтраминер
vinodelnya-myshako-quintessence-zinfandel-krasnoe-suhoe-155,data/catalogs/ver1plain-1628/photos/vinodelnya-myshako-quintessence-zinfandel-krasnoe-suhoe-155.webp,Quintessence. Зинфандель
vinodelnya-myshako-quintessence-kaberne-sovinon-ripasso-krasnoe-suhoe-152,data/catalogs/ver1plain-1628/photos/vinodelnya-myshako-quintessence-kaberne-sovinon-ripasso-krasnoe-suhoe-152.webp,Quintessence. Каберне Совиньон Ripasso
vinodelnya-myshako-quintessence-karmener-krasnoe-suhoe-146,data/catalogs/ver1plain-1628/photos/vinodelnya-myshako-quintessence-karmener-krasnoe-suhoe-146.webp,Quintessence. Карменер
vinodelnya-myshako-quintessence-sovinon-blan-bryut-beloe-115,data/catalogs/ver1plain-1628/photos/vinodelnya-myshako-quintessence-sovinon-blan-bryut-beloe-115.webp,Quintessence. Совиньон Блан брют
usadba-divnomorskoe-rebo-rebo-krasnoe-suhoe-165,data/catalogs/ver1plain-1628/photos/usadba-divnomorskoe-rebo-rebo-krasnoe-suhoe-165.webp,Rebo
golubitskoe-estate-red-blend-kaberne-sovinon-krasnoe-suhoe-136,data/catalogs/ver1plain-1628/photos/golubitskoe-estate-red-blend-kaberne-sovinon-krasnoe-suhoe-136.webp,Red Blend
esse-ridicule-sira-krasnoe-suhoe-125,data/catalogs/ver1plain-1628/photos/esse-ridicule-sira-krasnoe-suhoe-125.webp,Ridicule
oleg-repin-riesling-risling-beloe-suhoe-125,data/catalogs/ver1plain-1628/photos/oleg-repin-riesling-risling-beloe-suhoe-125.webp,Riesling
ferrum-winery-riesling-risling-reynskiy-beloe-suhoe-11,data/catalogs/ver1plain-1628/photos/ferrum-winery-riesling-risling-reynskiy-beloe-suhoe-11.webp,Riesling
vibes-riesling-silvaner-risling-beloe-suhoe-115,data/catalogs/ver1plain-1628/photos/vibes-riesling-silvaner-risling-beloe-suhoe-115.webp,Riesling - Silvaner
belmas-winery-riesling-belmas-risling-beloe-suhoe-135,data/catalogs/ver1plain-1628/photos/belmas-winery-riesling-belmas-risling-beloe-suhoe-135.webp,Riesling Belmas
belmas-winery-riesling-katya-belmas-risling-beloe-suhoe-125,data/catalogs/ver1plain-1628/photos/belmas-winery-riesling-katya-belmas-risling-beloe-suhoe-125.webp,Riesling Katya Belmas
domaine-lipko-riesling-m-domaine-lipko-risling-beloe-suhoe-102,data/catalogs/ver1plain-1628/photos/domaine-lipko-riesling-m-domaine-lipko-risling-beloe-suhoe-102.webp,Riesling M Domaine Lipko
usadba-divnomorskoe-rose-vione-rozovoe-suhoe-125,data/catalogs/ver1plain-1628/photos/usadba-divnomorskoe-rose-vione-rozovoe-suhoe-125.webp,Rose
esse-rose-sira-rozovoe-suhoe-12,data/catalogs/ver1plain-1628/photos/esse-rose-sira-rozovoe-suhoe-12.webp,Rose
rose-roze-oleg-repin,data/catalogs/ver1plain-1628/photos/rose-roze-oleg-repin.webp,Rose (Розе. Олег Репин)
esse-rose-cuvee-prestige-pino-nuar-rozovoe-bryut-13,data/catalogs/ver1plain-1628/photos/esse-rose-cuvee-prestige-pino-nuar-rozovoe-bryut-13.webp,Rose Cuvee Prestige
esse-rose-cuvee-prestige-pino-nuar-rozovoe-bryut-115,data/catalogs/ver1plain-1628/photos/esse-rose-cuvee-prestige-pino-nuar-rozovoe-bryut-115.webp,Rose Cuvee Prestige
vinogradniki-gay-kodzora-rose-cuvee-prestige-de-gai-kodzor-murvedr-rozovoe-suhoe-13,data/catalogs/ver1plain-1628/photos/vinogradniki-gay-kodzora-rose-cuvee-prestige-de-gai-kodzor-murvedr-rozovoe-suhoe-13.webp,Rose Cuvee Prestige De Gai-Kodzor
vinogradniki-gay-kodzora-rose-de-gai-kodzor-grenash-rozovoe-suhoe-125,data/catalogs/ver1plain-1628/photos/vinogradniki-gay-kodzora-rose-de-gai-kodzor-grenash-rozovoe-suhoe-125.webp,Rose de Gai-Kodzor
vinodelnya-myshako-rose-de-noirs-pino-nuar-rozovoe-bryut-123,data/catalogs/ver1plain-1628/photos/vinodelnya-myshako-rose-de-noirs-pino-nuar-rozovoe-bryut-123.webp,Rose De Noirs
fanagoriya-rose-kaberne-sovinon-rozovoe-polusuhoe-13,data/catalogs/ver1plain-1628/photos/fanagoriya-rose-kaberne-sovinon-rozovoe-polusuhoe-13.webp,Rose. Каберне Совиньон
fanagoriya-rose-kaberne-fran-rozovoe-suhoe-13,data/catalogs/ver1plain-1628/photos/fanagoriya-rose-kaberne-fran-rozovoe-suhoe-13.webp,Rose. Каберне Фран
fanagoriya-rose-saperavi-rozovoe-polusuhoe-125,data/catalogs/ver1plain-1628/photos/fanagoriya-rose-saperavi-rozovoe-polusuhoe-125.webp,Rose. Саперави
vinodelnya-myshako-rouge-de-noirs-merlo-krasnoe-bryut-13,data/catalogs/ver1plain-1628/photos/vinodelnya-myshako-rouge-de-noirs-merlo-krasnoe-bryut-13.webp,Rouge de Noirs
fanagoriya-rs-noir-saperavi-krasnoe-polusladkoe-125,data/catalogs/ver1plain-1628/photos/fanagoriya-rs-noir-saperavi-krasnoe-polusladkoe-125.webp,RS. Noir
valeriy-zaharin-rubedo-reserve-merlo-krasnoe-suhoe-13,data/catalogs/ver1plain-1628/photos/valeriy-zaharin-rubedo-reserve-merlo-krasnoe-suhoe-13.webp,Rubedo. Reserve
ruby,data/catalogs/ver1plain-1628/photos/ruby.webp,"Ruby, 2021"
stn-winery-saignee-sira-rozovoe-suhoe-125,data/catalogs/ver1plain-1628/photos/stn-winery-saignee-sira-rozovoe-suhoe-125.webp,Saignee
esse-sangiovese-sandzhoveze-krasnoe-suhoe-135,data/catalogs/ver1plain-1628/photos/esse-sangiovese-sandzhoveze-krasnoe-suhoe-135.webp,Sangiovese
ferrum-winery-saperavi-saperavi-krasnoe-suhoe-12,data/catalogs/ver1plain-1628/photos/ferrum-winery-saperavi-saperavi-krasnoe-suhoe-12.webp,Saperavi
oleg-repin-saperavi-carbonica-saperavi-krasnoe-suhoe-13,data/catalogs/ver1plain-1628/photos/oleg-repin-saperavi-carbonica-saperavi-krasnoe-suhoe-13.webp,Saperavi Carbonica
fanagoriya-saqra-saperavi-krasnoe-suhoe-135,data/catalogs/ver1plain-1628/photos/fanagoriya-saqra-saperavi-krasnoe-suhoe-135.webp,SAQRA
chteau-le-grand-vostock-sauvignon-blanc-sovinon-blan-beloe-suhoe-14,data/catalogs/ver1plain-1628/photos/chteau-le-grand-vostock-sauvignon-blanc-sovinon-blan-beloe-suhoe-14.webp,Sauvignon Blanc
belmas-winery-sauvignon-blanc-belmas-sovinon-blan-beloe-suhoe-13,data/catalogs/ver1plain-1628/photos/belmas-winery-sauvignon-blanc-belmas-sovinon-blan-beloe-suhoe-13.webp,Sauvignon Blanc Belmas
vinogradniki-gay-kodzora-sauvignon-blanc-de-ga-kodzor-sovinon-blan-beloe-suhoe-12,data/catalogs/ver1plain-1628/photos/vinogradniki-gay-kodzora-sauvignon-blanc-de-ga-kodzor-sovinon-blan-beloe-suhoe-12.webp,Sauvignon Blanc de Gaï-Kodzor
domaine-lipko-sauvignon-blanc-domaine-lipko-sovinon-blan-beloe-suhoe-118,data/catalogs/ver1plain-1628/photos/domaine-lipko-sauvignon-blanc-domaine-lipko-sovinon-blan-beloe-suhoe-118.webp,Sauvignon Blanc Domaine Lipko
belmas-winery-sauvignon-blanc-katya-sovinon-blan-beloe-suhoe-115,data/catalogs/ver1plain-1628/photos/belmas-winery-sauvignon-blanc-katya-sovinon-blan-beloe-suhoe-115.webp,Sauvignon Blanc Katya
belmas-winery-sauvignon-blanc-katya-belmas-sovinon-blan-beloe-suhoe-115,data/catalogs/ver1plain-1628/photos/belmas-winery-sauvignon-blanc-katya-belmas-sovinon-blan-beloe-suhoe-115.webp,Sauvignon Blanc Katya Belmas
chteau-le-grand-vostock-sauvignon-blanc-reserve-sovinon-blan-beloe-suhoe-14,data/catalogs/ver1plain-1628/photos/chteau-le-grand-vostock-sauvignon-blanc-reserve-sovinon-blan-beloe-suhoe-14.webp,Sauvignon Blanc Reserve
vinogradniki-gay-kodzora-semillion-de-gai-kodzor-semilon-beloe-sladkoe-12,data/catalogs/ver1plain-1628/photos/vinogradniki-gay-kodzora-semillion-de-gai-kodzor-semilon-beloe-sladkoe-12.webp,Semillion de Gai-Kodzor
vinodelnya-myshako-sesto-senso-tropicheskiy-vzryv-gevyurtstraminer-beloe-suhoe-12,data/catalogs/ver1plain-1628/photos/vinodelnya-myshako-sesto-senso-tropicheskiy-vzryv-gevyurtstraminer-beloe-suhoe-12.webp,Sesto Senso. Тропический взрыв
vinodelnya-myshako-sesto-senso-tropicheskiy-vzryv-sovinon-blan-beloe-suhoe-12,data/catalogs/ver1plain-1628/photos/vinodelnya-myshako-sesto-senso-tropicheskiy-vzryv-sovinon-blan-beloe-suhoe-12.webp,Sesto Senso. Тропический Взрыв. Совиньон Блан
vinodelnya-myshako-sesto-senso-fruktovyy-vzryv-kaberne-sovinon-krasnoe-suhoe-155,data/catalogs/ver1plain-1628/photos/vinodelnya-myshako-sesto-senso-fruktovyy-vzryv-kaberne-sovinon-krasnoe-suhoe-155.webp,Sesto Senso. Фруктовый взрыв
vinodelnya-myshako-sesto-senso-yagodnyy-vzryv-merlo-rozovoe-suhoe-122,data/catalogs/ver1plain-1628/photos/vinodelnya-myshako-sesto-senso-yagodnyy-vzryv-merlo-rozovoe-suhoe-122.webp,Sesto Senso. Ягодный взрыв
vibes-silvaner-silvaner-beloe-suhoe-125,data/catalogs/ver1plain-1628/photos/vibes-silvaner-silvaner-beloe-suhoe-125.webp,Silvaner
fanagoriya-solera-moscatel-oro-muskat-ottonel-beloe-suhoe-16,data/catalogs/ver1plain-1628/photos/fanagoriya-solera-moscatel-oro-muskat-ottonel-beloe-suhoe-16.webp,Solera. Moscatel Oro
fanagoriya-solera-porto-negro-saperavi-krasnoe-suhoe-15,data/catalogs/ver1plain-1628/photos/fanagoriya-solera-porto-negro-saperavi-krasnoe-suhoe-15.webp,Solera. Porto Negro
fanagoriya-solera-rkatsiteli-ambra-rkatsiteli-beloe-suhoe-15,data/catalogs/ver1plain-1628/photos/fanagoriya-solera-rkatsiteli-ambra-rkatsiteli-beloe-suhoe-15.webp,Solera. Rkatsiteli Ambra
fanagoriya-solera-saperavi-ruby-saperavi-krasnoe-suhoe-16,data/catalogs/ver1plain-1628/photos/fanagoriya-solera-saperavi-ruby-saperavi-krasnoe-suhoe-16.webp,Solera. Saperavi Ruby
inkermanskiy-zmv-special-reserve-rkatsiteli-beloe-suhoe-13,data/catalogs/ver1plain-1628/photos/inkermanskiy-zmv-special-reserve-rkatsiteli-beloe-suhoe-13.webp,Special Reserve. Ркацители
abrau-dyurso-spumante-bryut-roze-shardone-rozovoe-12,data/catalogs/ver1plain-1628/photos/abrau-dyurso-spumante-bryut-roze-shardone-rozovoe-12.webp,Spumante брют розе
fanagoriya-sur-lie-chardonnay-shardone-beloe-suhoe-135,data/catalogs/ver1plain-1628/photos/fanagoriya-sur-lie-chardonnay-shardone-beloe-suhoe-135.webp,Sur Lie Chardonnay
fanagoriya-sur-lie-clairet-saperavi-krasnoe-suhoe-13,data/catalogs/ver1plain-1628/photos/fanagoriya-sur-lie-clairet-saperavi-krasnoe-suhoe-13.webp,Sur Lie Clairet
fanagoriya-sur-lie-vi-vi-aligote-beloe-suhoe-125,data/catalogs/ver1plain-1628/photos/fanagoriya-sur-lie-vi-vi-aligote-beloe-suhoe-125.webp,Sur Lie Vi Vi
stn-winery-syrah-sira-krasnoe-suhoe-13,data/catalogs/ver1plain-1628/photos/stn-winery-syrah-sira-krasnoe-suhoe-13.webp,Syrah
domaine-lipko-syrah-domaine-lipko-sira-krasnoe-suhoe-14,data/catalogs/ver1plain-1628/photos/domaine-lipko-syrah-domaine-lipko-sira-krasnoe-suhoe-14.webp,Syrah Domaine Lipko
belmas-winery-syrah-katya-belmas-sira-krasnoe-suhoe-125,data/catalogs/ver1plain-1628/photos/belmas-winery-syrah-katya-belmas-sira-krasnoe-suhoe-125.webp,Syrah Katya Belmas
vinogradniki-gay-kodzora-terroir-blanc-de-ga-kodzor-semilon-beloe-suhoe-13,data/catalogs/ver1plain-1628/photos/vinogradniki-gay-kodzora-terroir-blanc-de-ga-kodzor-semilon-beloe-suhoe-13.webp,Terroir Blanc de Gaï-Kodzor
vinogradniki-gay-kodzora-terroir-de-gai-kodzor-sira-krasnoe-suhoe-14,data/catalogs/ver1plain-1628/photos/vinogradniki-gay-kodzora-terroir-de-gai-kodzor-sira-krasnoe-suhoe-14.webp,Terroir De Gai-Kodzor
vinogradniki-gay-kodzora-terroir-red-klyon-de-ga-kodzor-sira-krasnoe-suhoe-14,data/catalogs/ver1plain-1628/photos/vinogradniki-gay-kodzora-terroir-red-klyon-de-ga-kodzor-sira-krasnoe-suhoe-14.webp,Terroir Red Klёn de Gaï-Kodzor
pomeste-golubitskoe-tte-de-cheval-bryut-risling-reynskiy-beloe-12,data/catalogs/ver1plain-1628/photos/pomeste-golubitskoe-tte-de-cheval-bryut-risling-reynskiy-beloe-12.webp,"Tête de Cheval
 брют"
pomeste-golubitskoe-tte-de-cheval-sladkoe-risling-reynskiy-beloe-12,data/catalogs/ver1plain-1628/photos/pomeste-golubitskoe-tte-de-cheval-sladkoe-risling-reynskiy-beloe-12.webp,"Tête de Cheval
 сладкое"
pomeste-golubitskoe-tte-de-cheval-sladkoe-roze-pino-gri-rozovoe-115,data/catalogs/ver1plain-1628/photos/pomeste-golubitskoe-tte-de-cheval-sladkoe-roze-pino-gri-rozovoe-115.webp,"Tête de Cheval
 сладкое розе"
pomeste-golubitskoe-tte-de-cheval-blanc-de-blancs-shardone-beloe-bryut-12,data/catalogs/ver1plain-1628/photos/pomeste-golubitskoe-tte-de-cheval-blanc-de-blancs-shardone-beloe-bryut-12.webp,Tête de Cheval Blanc de Blancs
golubitskoe-estate-tte-de-cheval-blanc-de-blancs-shardone-beloe-bryut-12,data/catalogs/ver1plain-1628/photos/golubitskoe-estate-tte-de-cheval-blanc-de-blancs-shardone-beloe-bryut-12.webp,Tête de Cheval Blanc de Blancs
golubitskoe-estate-tte-de-cheval-reserve-risling-beloe-bryut-125,data/catalogs/ver1plain-1628/photos/golubitskoe-estate-tte-de-cheval-reserve-risling-beloe-bryut-125.webp,Tête de Cheval Reserve
golubitskoe-estate-tte-de-cheval-zero-dosage-ekstra-bryut-sovinon-blan-beloe-12,data/catalogs/ver1plain-1628/photos/golubitskoe-estate-tte-de-cheval-zero-dosage-ekstra-bryut-sovinon-blan-beloe-12.webp,Tête de Cheval Zero Dosage Экстра брют
golubitskoe-estate-tte-de-cheval-bryut-risling-beloe-12,data/catalogs/ver1plain-1628/photos/golubitskoe-estate-tte-de-cheval-bryut-risling-beloe-12.webp,Tête de Cheval брют
golubitskoe-estate-tte-de-chevall-roze-pino-nuar-rozovoe-bryut-12,data/catalogs/ver1plain-1628/photos/golubitskoe-estate-tte-de-chevall-roze-pino-nuar-rozovoe-bryut-12.webp,Tête de Chevall розе
toile-de-vin-cabernet-sauvignon,data/catalogs/ver1plain-1628/photos/toile-de-vin-cabernet-sauvignon.webp,Toile de vin cabernet sauvignon
toile-de-vin-chardonnay,data/catalogs/ver1plain-1628/photos/toile-de-vin-chardonnay.webp,Toile de vin chardonnay
toile-de-vin-merlot,data/catalogs/ver1plain-1628/photos/toile-de-vin-merlot.webp,Toile de vin merlot
toile-de-vin-pinot-blanc,data/catalogs/ver1plain-1628/photos/toile-de-vin-pinot-blanc.webp,Toile de vin pinot blanc
stn-winery-traminer-traminer-beloe-suhoe-13,data/catalogs/ver1plain-1628/photos/stn-winery-traminer-traminer-beloe-suhoe-13.webp,Traminer
uva-vallis-risling,data/catalogs/ver1plain-1628/photos/uva-vallis-risling.webp,Uva Vallis Рислинг
uva-vallis-sira,data/catalogs/ver1plain-1628/photos/uva-vallis-sira.webp,Uva Vallis Сира
uva-vallis-sovinon-blan,data/catalogs/ver1plain-1628/photos/uva-vallis-sovinon-blan.webp,Uva Vallis Совиньон Блан
fanagoriya-velvet-season-risling-beloe-sladkoe-12,data/catalogs/ver1plain-1628/photos/fanagoriya-velvet-season-risling-beloe-sladkoe-12.webp,Velvet Season
fanagoriya-velvet-season-muskat-ottonel-beloe-sladkoe-13,data/catalogs/ver1plain-1628/photos/fanagoriya-velvet-season-muskat-ottonel-beloe-sladkoe-13.webp,Velvet Season
vibes-vermentino-viognier-barrel-fermented-vermentino-beloe-suhoe-115,data/catalogs/ver1plain-1628/photos/vibes-vermentino-viognier-barrel-fermented-vermentino-beloe-suhoe-115.webp,Vermentino – Viognier Barrel Fermented
agrolayn-vexillum-blanc-de-blancs-shardone-beloe-bryut-115,data/catalogs/ver1plain-1628/photos/agrolayn-vexillum-blanc-de-blancs-shardone-beloe-bryut-115.webp,Vexillum Blanc de Blancs
agrolayn-vexillum-blanc-de-noirs-pino-nuar-beloe-bryut-12,data/catalogs/ver1plain-1628/photos/agrolayn-vexillum-blanc-de-noirs-pino-nuar-beloe-bryut-12.webp,Vexillum Blanc de Noirs
vibes-chardonnay-barrel-fermented-2021,data/catalogs/ver1plain-1628/photos/vibes-chardonnay-barrel-fermented-2021.webp,"VIBES, Chardonnay Barrel Fermented 2021"
vibes-glera-col-fondo-2022,data/catalogs/ver1plain-1628/photos/vibes-glera-col-fondo-2022.webp,"VIBES, Glera Col-Fondo 2022"
vibes-pinot-grigio-2021,data/catalogs/ver1plain-1628/photos/vibes-pinot-grigio-2021.webp,"VIBES, Pinot Grigio 2021"
vibes-silvaner-2022,data/catalogs/ver1plain-1628/photos/vibes-silvaner-2022.webp,"VIBES, Silvaner 2022"
silvaner-pet-nat-2022,data/catalogs/ver1plain-1628/photos/silvaner-pet-nat-2022.webp,"VIBES, Silvaner Pet-Nat 2022"
abrau-dyurso-victor-dravigny-brut-shardone-beloe-bryut-12,data/catalogs/ver1plain-1628/photos/abrau-dyurso-victor-dravigny-brut-shardone-beloe-bryut-12.webp,Victor Dravigny. Brut
abrau-dyurso-victor-dravigny-brut-rose-pino-nuar-rozovoe-bryut-12,data/catalogs/ver1plain-1628/photos/abrau-dyurso-victor-dravigny-brut-rose-pino-nuar-rozovoe-bryut-12.webp,Victor Dravigny. Brut Rose
abrau-dyurso-victor-dravigny-extra-brut-shardone-beloe-bryut-125,data/catalogs/ver1plain-1628/photos/abrau-dyurso-victor-dravigny-extra-brut-shardone-beloe-bryut-125.webp,Victor Dravigny. Extra Brut
abrau-dyurso-victor-dravigny-koshernoe-bryut-shardone-beloe-125,data/catalogs/ver1plain-1628/photos/abrau-dyurso-victor-dravigny-koshernoe-bryut-shardone-beloe-125.webp,Victor Dravigny. Кошерное брют
abrau-dyurso-victor-dravigny-krasnoe-polusladkoe-kaberne-sovinon-125,data/catalogs/ver1plain-1628/photos/abrau-dyurso-victor-dravigny-krasnoe-polusladkoe-kaberne-sovinon-125.webp,Victor Dravigny. Красное полусладкое
abrau-dyurso-victor-dravigny-polusladkoe-sovinon-blan-beloe-12,data/catalogs/ver1plain-1628/photos/abrau-dyurso-victor-dravigny-polusladkoe-sovinon-blan-beloe-12.webp,Victor Dravigny. Полусладкое
abrau-dyurso-victor-dravigny-polusuhoe-pino-blan-beloe-12,data/catalogs/ver1plain-1628/photos/abrau-dyurso-victor-dravigny-polusuhoe-pino-blan-beloe-12.webp,Victor Dravigny. Полусухое
belmas-winery-viogner-katya-vione-beloe-suhoe-135,data/catalogs/ver1plain-1628/photos/belmas-winery-viogner-katya-vione-beloe-suhoe-135.webp,Viogner Katya
belmas-winery-viognier-belmas-vione-beloe-suhoe-122,data/catalogs/ver1plain-1628/photos/belmas-winery-viognier-belmas-vione-beloe-suhoe-122.webp,Viognier Belmas
vinogradniki-gay-kodzora-viognier-de-ga-kodzor-vione-beloe-suhoe-125,data/catalogs/ver1plain-1628/photos/vinogradniki-gay-kodzora-viognier-de-ga-kodzor-vione-beloe-suhoe-125.webp,Viognier de Gaï-Kodzor
belmas-winery-viognier-katya-belmas-vione-beloe-suhoe-135,data/catalogs/ver1plain-1628/photos/belmas-winery-viognier-katya-belmas-vione-beloe-suhoe-135.webp,Viognier Katya Belmas
vinodelnya-batrak-vitale-kraft-kaberne-sovinon-krasnoe-suhoe-14,data/catalogs/ver1plain-1628/photos/vinodelnya-batrak-vitale-kraft-kaberne-sovinon-krasnoe-suhoe-14.webp,Vitale Kraft
domaine-de-la-vivandiere-vn-beloe-aligote-suhoe-131,data/catalogs/ver1plain-1628/photos/domaine-de-la-vivandiere-vn-beloe-aligote-suhoe-131.webp,VN белое
domaine-de-la-vivandiere-vn-krasnoe-pino-nuar-suhoe-12,data/catalogs/ver1plain-1628/photos/domaine-de-la-vivandiere-vn-krasnoe-pino-nuar-suhoe-12.webp,Vn красное
chteau-le-grand-vostock-vostock-blanc-sovinon-blan-beloe-suhoe-135,data/catalogs/ver1plain-1628/photos/chteau-le-grand-vostock-vostock-blanc-sovinon-blan-beloe-suhoe-135.webp,Vostock Blanc
usadba-divnomorskoe-west-hill-blend-kaberne-sovinon-krasnoe-suhoe-145,data/catalogs/ver1plain-1628/photos/usadba-divnomorskoe-west-hill-blend-kaberne-sovinon-krasnoe-suhoe-145.webp,West Hill Blend
domaine-lipko-white-blend-tsitronnyy-magaracha-beloe-suhoe-115,data/catalogs/ver1plain-1628/photos/domaine-lipko-white-blend-tsitronnyy-magaracha-beloe-suhoe-115.webp,White Blend
domaine-lipko-white-blend-muskat-beloe-polusuhoe-12,data/catalogs/ver1plain-1628/photos/domaine-lipko-white-blend-muskat-beloe-polusuhoe-12.webp,White Blend
domaine-lipko-white-blend-lipko-muskat-belyy-beloe-polusuhoe-115,data/catalogs/ver1plain-1628/photos/domaine-lipko-white-blend-lipko-muskat-belyy-beloe-polusuhoe-115.webp,White Blend Lipko
stn-winery-wiess-risling-beloe-suhoe-12,data/catalogs/ver1plain-1628/photos/stn-winery-wiess-risling-beloe-suhoe-12.webp,WIESS
inkermanskiy-zmv-winemakers-selection-saperavi-krasnoe-polusladkoe-12,data/catalogs/ver1plain-1628/photos/inkermanskiy-zmv-winemakers-selection-saperavi-krasnoe-polusladkoe-12.webp,Winemaker's Selection Саперави
golubitskoe-estate-winery-series-pino-nuar-rozovoe-suhoe-115,data/catalogs/ver1plain-1628/photos/golubitskoe-estate-winery-series-pino-nuar-rozovoe-suhoe-115.webp,Winery Series. Пино Нуар
golubitskoe-estate-winery-series-risling-reynskiy-beloe-suhoe-125,data/catalogs/ver1plain-1628/photos/golubitskoe-estate-winery-series-risling-reynskiy-beloe-suhoe-125.webp,Winery Series. Рислинг Рейнский
golubitskoe-estate-winery-series-roze-blend-kaberne-sovinon-rozovoe-suhoe-117,data/catalogs/ver1plain-1628/photos/golubitskoe-estate-winery-series-roze-blend-kaberne-sovinon-rozovoe-suhoe-117.webp,Winery Series. Розе бленд
zolotaya-balka-zb-frizzante-dry-risling-beloe-suhoe-10,data/catalogs/ver1plain-1628/photos/zolotaya-balka-zb-frizzante-dry-risling-beloe-suhoe-10.webp,ZB Frizzante Dry
zolotaya-balka-zb-frizzante-semi-dry-rose-risling-rozovoe-polusuhoe-10,data/catalogs/ver1plain-1628/photos/zolotaya-balka-zb-frizzante-semi-dry-rose-risling-rozovoe-polusuhoe-10.webp,ZB Frizzante Semi-Dry Rose
zolotaya-balka-zb-moscato-semi-sweet-rose-muskat-yantarnyy-rozovoe-polusladkoe-9,data/catalogs/ver1plain-1628/photos/zolotaya-balka-zb-moscato-semi-sweet-rose-muskat-yantarnyy-rozovoe-polusladkoe-9.webp,ZB Moscato Semi-Sweet Rose
zolotaya-balka-zb-spumante-brut-risling-beloe-bryut-125,data/catalogs/ver1plain-1628/photos/zolotaya-balka-zb-spumante-brut-risling-beloe-bryut-125.webp,ZB Spumante Brut
zolotaya-balka-zb-spumante-semi-dry-risling-beloe-polusuhoe-125,data/catalogs/ver1plain-1628/photos/zolotaya-balka-zb-spumante-semi-dry-risling-beloe-polusuhoe-125.webp,ZB Spumante Semi-Dry
zolotaya-balka-zb-wine-riesling-risling-beloe-polusuhoe-115,data/catalogs/ver1plain-1628/photos/zolotaya-balka-zb-wine-riesling-risling-beloe-polusuhoe-115.webp,ZB Wine Riesling
zolotaya-balka-zb-wine-sauvignon-blanc-sovinon-blan-beloe-suhoe-125,data/catalogs/ver1plain-1628/photos/zolotaya-balka-zb-wine-sauvignon-blanc-sovinon-blan-beloe-suhoe-125.webp,ZB Wine Sauvignon Blanc
abrau-dyurso-udelnoe-vedomstvo-imperatorskoe-beloe-polusladkoe,data/catalogs/ver1plain-1628/photos/abrau-dyurso-udelnoe-vedomstvo-imperatorskoe-beloe-polusladkoe.webp,Абрау Дюрсо Удельное Ведомство Императорское белое полусладкое
abrau-dyurso-abrau-kupazh-krasnyy-polsusladkoe-kaberne-sovinon-krasnoe-polusladkoe-11,data/catalogs/ver1plain-1628/photos/abrau-dyurso-abrau-kupazh-krasnyy-polsusladkoe-kaberne-sovinon-krasnoe-polusladkoe-11.webp,Абрау Купаж красный полсусладкое
abrau-dyurso-abrau-kupazh-svetlyy-suhoe-shardone-beloe-125,data/catalogs/ver1plain-1628/photos/abrau-dyurso-abrau-kupazh-svetlyy-suhoe-shardone-beloe-125.webp,Абрау Купаж светлый сухое
abrau-dyurso-abrau-kupazh-tyomnyy-suhoe-kaberne-sovinon-krasnoe-13,data/catalogs/ver1plain-1628/photos/abrau-dyurso-abrau-kupazh-tyomnyy-suhoe-kaberne-sovinon-krasnoe-13.webp,Абрау Купаж тёмный сухое
abrau-dyurso-abrau-dyurso-pino-nuar-krasnoe-suhoe-13,data/catalogs/ver1plain-1628/photos/abrau-dyurso-abrau-dyurso-pino-nuar-krasnoe-suhoe-13.webp,Абрау-Дюрсо Пино Нуар
sober-bash-avrora-2024-krasnostop-zolotovskiy-rozovoe-suhoe-14,data/catalogs/ver1plain-1628/photos/sober-bash-avrora-2024-krasnostop-zolotovskiy-rozovoe-suhoe-14.webp,Аврора 2024
valeriy-zaharin-avtorskoe-vino-ot-valeriya-zaharina-aleatiko-rozovoe-suhoe-115,data/catalogs/ver1plain-1628/photos/valeriy-zaharin-avtorskoe-vino-ot-valeriya-zaharina-aleatiko-rozovoe-suhoe-115.webp,Авторское вино от Валерия Захарьина. Алеатико
valeriy-zaharin-avtorskoe-vino-ot-valeriya-zaharina-bastardo-bastardo-magarachskiy-krasnoe-suhoe-12,data/catalogs/ver1plain-1628/photos/valeriy-zaharin-avtorskoe-vino-ot-valeriya-zaharina-bastardo-bastardo-magarachskiy-krasnoe-suhoe-12.webp,Авторское вино от Валерия Захарьина. Бастардо
valeriy-zaharin-avtorskoe-vino-ot-valeriya-zaharina-krasnoe-pino-nuar-suhoe-125,data/catalogs/ver1plain-1628/photos/valeriy-zaharin-avtorskoe-vino-ot-valeriya-zaharina-krasnoe-pino-nuar-suhoe-125.webp,Авторское вино от Валерия Захарьина. Красное
massandra-avtorskoe-murvedr-krasnoe-suhoe-14,data/catalogs/ver1plain-1628/photos/massandra-avtorskoe-murvedr-krasnoe-suhoe-14.webp,Авторское Мурведр
avtorskoe-risling,data/catalogs/ver1plain-1628/photos/avtorskoe-risling.webp,Авторское Рислинг
zimovets-avtohton-tsimlyanskiy-chernyy-krasnoe-suhoe-135,data/catalogs/ver1plain-1628/photos/zimovets-avtohton-tsimlyanskiy-chernyy-krasnoe-suhoe-135.webp,Автохтон
valeriy-zaharin-avtohtonnoe-vino-kryma-ot-valeriya-zaharina-aleatiko-kefesiya-rozovoe-suhoe-11,data/catalogs/ver1plain-1628/photos/valeriy-zaharin-avtohtonnoe-vino-kryma-ot-valeriya-zaharina-aleatiko-kefesiya-rozovoe-suhoe-11.webp,Автохтонное вино Крыма от Валерия Захарьина. Алеатико – Кефесия
valeriy-zaharin-avtohtonnoe-vino-kryma-ot-valeriya-zaharina-bastardo-kefesiya-bastardo-magarachskiy-krasnoe-suhoe-115,data/catalogs/ver1plain-1628/photos/valeriy-zaharin-avtohtonnoe-vino-kryma-ot-valeriya-zaharina-bastardo-kefesiya-bastardo-magarachskiy-krasnoe-suhoe-115.webp,Автохтонное вино Крыма от Валерия Захарьина. Бастардо – Кефесия
valeriy-zaharin-avtohtonnoe-vino-kryma-ot-valeriya-zaharina-kefesiya-rezerv-krasnoe-suhoe-13,data/catalogs/ver1plain-1628/photos/valeriy-zaharin-avtohtonnoe-vino-kryma-ot-valeriya-zaharina-kefesiya-rezerv-krasnoe-suhoe-13.webp,Автохтонное вино Крыма от Валерия Захарьина. Кефесия Резерв
valeriy-zaharin-avtohtonnoe-vino-kryma-ot-valeriya-zaharina-kokur-sary-pandas-kokur-belyy-beloe-suhoe-115,data/catalogs/ver1plain-1628/photos/valeriy-zaharin-avtohtonnoe-vino-kryma-ot-valeriya-zaharina-kokur-sary-pandas-kokur-belyy-beloe-suhoe-115.webp,Автохтонное вино Крыма от Валерия Захарьина. Кокур – Сары Пандас
valeriy-zaharin-avtohtonnoe-vino-kryma-avtorskiy-kupazh-bastardo-saperavi-kefesiya-bastardo-magarachskiy-krasnoe-suhoe-12,data/catalogs/ver1plain-1628/photos/valeriy-zaharin-avtohtonnoe-vino-kryma-avtorskiy-kupazh-bastardo-saperavi-kefesiya-bastardo-magarachskiy-krasnoe-suhoe-12.webp,Автохтонное вино Крыма. Авторский Купаж. Бастардо – Саперави – Кефесия
valeriy-zaharin-avtohtonnoe-vino-kryma-sary-pandas-rezerv-beloe-suhoe-115,data/catalogs/ver1plain-1628/photos/valeriy-zaharin-avtohtonnoe-vino-kryma-sary-pandas-rezerv-beloe-suhoe-115.webp,Автохтонное вино Крыма. Сары Пандас Резерв
vinodelnya-krinitsa-azyur-vione-beloe-suhoe-12,data/catalogs/ver1plain-1628/photos/vinodelnya-krinitsa-azyur-vione-beloe-suhoe-12.webp,Азюр
vinodelnya-krinitsa-azyur-risling-beloe-suhoe-127,data/catalogs/ver1plain-1628/photos/vinodelnya-krinitsa-azyur-risling-beloe-suhoe-127.webp,Азюр
valeriy-zaharin-aleatiko-kefesiya-avtohtonnoe-vino-kryma-ot-valeriya-zaharina-rozovoe-suhoe-125,data/catalogs/ver1plain-1628/photos/valeriy-zaharin-aleatiko-kefesiya-avtohtonnoe-vino-kryma-ot-valeriya-zaharina-rozovoe-suhoe-125.webp,Алеатико - Кефесия. Автохтонное вино Крыма от Валерия Захарьина
abrau-dyurso-aleksandr-ii-magnum-shardone-beloe-bryut-125,data/catalogs/ver1plain-1628/photos/abrau-dyurso-aleksandr-ii-magnum-shardone-beloe-bryut-125.webp,Александр II Magnum
chateau-andre-aligote-beloe-suhoe-13,data/catalogs/ver1plain-1628/photos/chateau-andre-aligote-beloe-suhoe-13.webp,Алиготе
vaynkraft-aligote-beloe-suhoe-125,data/catalogs/ver1plain-1628/photos/vaynkraft-aligote-beloe-suhoe-125.webp,Алиготе
belbek-aligote-beloe-suhoe-125,data/catalogs/ver1plain-1628/photos/belbek-aligote-beloe-suhoe-125.webp,Алиготе
vinodelnya-uzunov-aligote-beloe-suhoe-127,data/catalogs/ver1plain-1628/photos/vinodelnya-uzunov-aligote-beloe-suhoe-127.webp,Алиготе
vinabani-aligote-beloe-suhoe-12,data/catalogs/ver1plain-1628/photos/vinabani-aligote-beloe-suhoe-12.webp,Алиготе
shato-pino-aligote-rkatsiteli-beloe-suhoe-12,data/catalogs/ver1plain-1628/photos/shato-pino-aligote-rkatsiteli-beloe-suhoe-12.webp,Алиготе - Ркацители белое сухое
shato-pino-aligote-rkatsiteli-suhoe-beloe-12,data/catalogs/ver1plain-1628/photos/shato-pino-aligote-rkatsiteli-suhoe-beloe-12.webp,Алиготе - Ркацители сухое белое
vinodelnya-myshako-aligote-vione-kyuve-beloe-polusladkoe-125,data/catalogs/ver1plain-1628/photos/vinodelnya-myshako-aligote-vione-kyuve-beloe-polusladkoe-125.webp,Алиготе – Вионье. Кюве
vinodelnya-78-aligote-otbornoe-beloe-suhoe-12,data/catalogs/ver1plain-1628/photos/vinodelnya-78-aligote-otbornoe-beloe-suhoe-12.webp,Алиготе Отборное
valeriy-zaharin-aligote-avtorskoe-valeriy-zaharin-beloe-bryut-115,data/catalogs/ver1plain-1628/photos/valeriy-zaharin-aligote-avtorskoe-valeriy-zaharin-beloe-bryut-115.webp,Алиготе. Авторское. Валерий Захарьин
valeriy-zaharin-aligote-burlyuk-beloe-bryut-115,data/catalogs/ver1plain-1628/photos/valeriy-zaharin-aligote-burlyuk-beloe-bryut-115.webp,Алиготе. Бурлюк
valeriy-zaharin-aligote-burlyuk-beloe-suhoe-13,data/catalogs/ver1plain-1628/photos/valeriy-zaharin-aligote-burlyuk-beloe-suhoe-13.webp,Алиготе. Бурлюк
valeriy-zaharin-aligote-valeriy-zaharin-beloe-suhoe-13,data/catalogs/ver1plain-1628/photos/valeriy-zaharin-aligote-valeriy-zaharin-beloe-suhoe-13.webp,Алиготе. Валерий Захарьин
domaine-de-la-vivandiere-alkomishka-malbek-krasnoe-suhoe-123,data/catalogs/ver1plain-1628/photos/domaine-de-la-vivandiere-alkomishka-malbek-krasnoe-suhoe-123.webp,Алкомишка
alma-valley-alma-graviti-pino-nuar-merlo-kaberne-sovinon-krasnoe-suhoe-14,data/catalogs/ver1plain-1628/photos/alma-valley-alma-graviti-pino-nuar-merlo-kaberne-sovinon-krasnoe-suhoe-14.webp,Альма Гравити. Пино Нуар - Мерло - Каберне Совиньон
vinodelnya-krinitsa-arena-sira-krasnoe-suhoe-13,data/catalogs/ver1plain-1628/photos/vinodelnya-krinitsa-arena-sira-krasnoe-suhoe-13.webp,Арена
gavras-areni-krasnoe-suhoe-13,data/catalogs/ver1plain-1628/photos/gavras-areni-krasnoe-suhoe-13.webp,Арени
dva-serdtsa-arinarnoa-kaberne-sovinon-krasnoe-suhoe-135,data/catalogs/ver1plain-1628/photos/dva-serdtsa-arinarnoa-kaberne-sovinon-krasnoe-suhoe-135.webp,Аринарноа - Каберне Совиньон
kuban-vino-aristov-8-byanko-shardone-beloe-suhoe-8,data/catalogs/ver1plain-1628/photos/kuban-vino-aristov-8-byanko-shardone-beloe-suhoe-8.webp,Аристов 8 Бьянко
kuban-vino-aristov-8-byanko-07-shardone-beloe-suhoe-8,data/catalogs/ver1plain-1628/photos/kuban-vino-aristov-8-byanko-07-shardone-beloe-suhoe-8.webp,Аристов 8 Бьянко 0.7
kuban-vino-aristov-8-roze-merlo-rozovoe-suhoe-8,data/catalogs/ver1plain-1628/photos/kuban-vino-aristov-8-roze-merlo-rozovoe-suhoe-8.webp,Аристов 8 Розе
kuban-vino-aristov-8-roze-07-merlo-rozovoe-suhoe-8,data/catalogs/ver1plain-1628/photos/kuban-vino-aristov-8-roze-07-merlo-rozovoe-suhoe-8.webp,Аристов 8 Розе 0.7
kuban-vino-aristov-amata-byanko-shardone-beloe-suhoe-125,data/catalogs/ver1plain-1628/photos/kuban-vino-aristov-amata-byanko-shardone-beloe-suhoe-125.webp,Аристов Амата Бьянко
kuban-vino-aristov-amata-roze-kaberne-sovinon-rozovoe-suhoe-13,data/catalogs/ver1plain-1628/photos/kuban-vino-aristov-amata-roze-kaberne-sovinon-rozovoe-suhoe-13.webp,Аристов Амата Розе
kuban-vino-aristov-amata-rosso-kaberne-sovinon-krasnoe-suhoe-145,data/catalogs/ver1plain-1628/photos/kuban-vino-aristov-amata-rosso-kaberne-sovinon-krasnoe-suhoe-145.webp,Аристов Амата Россо
kuban-vino-aristov-anima-michela-2023-sandzhoveze-krasnoe-suhoe-115,data/catalogs/ver1plain-1628/photos/kuban-vino-aristov-anima-michela-2023-sandzhoveze-krasnoe-suhoe-115.webp,Аристов Анима Мичела 2023
kuban-vino-aristov-anima-pino-gridzhio-beloe-suhoe-12,data/catalogs/ver1plain-1628/photos/kuban-vino-aristov-anima-pino-gridzhio-beloe-suhoe-12.webp,Аристов Анима Пино Гриджио
kuban-vino-aristov-anima-pino-gridzhio-blash-rozovoe-suhoe-125,data/catalogs/ver1plain-1628/photos/kuban-vino-aristov-anima-pino-gridzhio-blash-rozovoe-suhoe-125.webp,Аристов Анима Пино Гриджио Блаш
kuban-vino-aristov-anima-pino-nero-sandzhoveze-pino-nuar-krasnoe-suhoe-125,data/catalogs/ver1plain-1628/photos/kuban-vino-aristov-anima-pino-nero-sandzhoveze-pino-nuar-krasnoe-suhoe-125.webp,Аристов Анима Пино Неро Санджовезе
kuban-vino-aristov-byanko-shardone-beloe-suhoe-13,data/catalogs/ver1plain-1628/photos/kuban-vino-aristov-byanko-shardone-beloe-suhoe-13.webp,Аристов Бьянко
kuban-vino-aristov-byanko-polusladkoe-shardone-beloe-13,data/catalogs/ver1plain-1628/photos/kuban-vino-aristov-byanko-polusladkoe-shardone-beloe-13.webp,Аристов Бьянко Полусладкое
kuban-vino-aristov-verde-muskat-beloe-polusuhoe-11,data/catalogs/ver1plain-1628/photos/kuban-vino-aristov-verde-muskat-beloe-polusuhoe-11.webp,Аристов Верде
kuban-vino-aristov-kaberne-sovinon-krasnoe-suhoe-13,data/catalogs/ver1plain-1628/photos/kuban-vino-aristov-kaberne-sovinon-krasnoe-suhoe-13.webp,Аристов Каберне Совиньон
kuban-vino-aristov-risling-beloe-suhoe-115,data/catalogs/ver1plain-1628/photos/kuban-vino-aristov-risling-beloe-suhoe-115.webp,Аристов Рислинг
kuban-vino-aristov-rosso-polusladkoe-saperavi-krasnoe-13,data/catalogs/ver1plain-1628/photos/kuban-vino-aristov-rosso-polusladkoe-saperavi-krasnoe-13.webp,Аристов Россо Полусладкое
kuban-vino-aristov-sandzhoveze-krasnoe-suhoe-13,data/catalogs/ver1plain-1628/photos/kuban-vino-aristov-sandzhoveze-krasnoe-suhoe-13.webp,Аристов Санджовезе
kuban-vino-aristov-tsvaygelt-320-rozovoe-suhoe-125,data/catalogs/ver1plain-1628/photos/kuban-vino-aristov-tsvaygelt-320-rozovoe-suhoe-125.webp,Аристов Цвайгельт 320
kuban-vino-aristov-shardone-318-beloe-suhoe-115,data/catalogs/ver1plain-1628/photos/kuban-vino-aristov-shardone-318-beloe-suhoe-115.webp,Аристов Шардоне 318
kuban-vino-aristov-kyuve-aleksandr-blanc-de-blancs-36-shardone-beloe-ekstra-bryut-12,data/catalogs/ver1plain-1628/photos/kuban-vino-aristov-kyuve-aleksandr-blanc-de-blancs-36-shardone-beloe-ekstra-bryut-12.webp,Аристов. Кюве Александр Blanc de Blancs 36
kuban-vino-aristov-kyuve-aleksandr-rose-de-pinot-pino-nuar-rozovoe-ekstra-bryut-12,data/catalogs/ver1plain-1628/photos/kuban-vino-aristov-kyuve-aleksandr-rose-de-pinot-pino-nuar-rozovoe-ekstra-bryut-12.webp,Аристов. Кюве Александр Rose de Pinot
kuban-vino-aristov-kyuve-aleksandr-millezimato-shardone-beloe-ekstra-bryut-12,data/catalogs/ver1plain-1628/photos/kuban-vino-aristov-kyuve-aleksandr-millezimato-shardone-beloe-ekstra-bryut-12.webp,Аристов. Кюве Александр. Миллезимато
vinodelnya-krinitsa-aroma-pti-mansen-beloe-sladkoe-137,data/catalogs/ver1plain-1628/photos/vinodelnya-krinitsa-aroma-pti-mansen-beloe-sladkoe-137.webp,Арома
vina-arpachina-arpachino-aligote-ekstra-bryut-beloe-115,data/catalogs/ver1plain-1628/photos/vina-arpachina-arpachino-aligote-ekstra-bryut-beloe-115.webp,Арпачино. Алиготе экстра брют
vina-arpachina-arpachino-inohodets-puhlyakovskiy-beloe-ekstra-bryut-125,data/catalogs/ver1plain-1628/photos/vina-arpachina-arpachino-inohodets-puhlyakovskiy-beloe-ekstra-bryut-125.webp,Арпачино. Иноходец
vina-arpachina-arpachino-inohodets-sibirkovyy-beloe-ekstra-bryut-125,data/catalogs/ver1plain-1628/photos/vina-arpachina-arpachino-inohodets-sibirkovyy-beloe-ekstra-bryut-125.webp,Арпачино. Иноходец
vina-arpachina-arpachino-inohodets-kumshatskiy-beloe-ekstra-bryut-125,data/catalogs/ver1plain-1628/photos/vina-arpachina-arpachino-inohodets-kumshatskiy-beloe-ekstra-bryut-125.webp,Арпачино. Иноходец
vina-arpachina-arpachino-inohodets-aligote-beloe-ekstra-bryut-125,data/catalogs/ver1plain-1628/photos/vina-arpachina-arpachino-inohodets-aligote-beloe-ekstra-bryut-125.webp,Арпачино. Иноходец
vina-arpachina-arpachino-tsimlyanskiy-chernyy-rozovoe-ekstra-bryut-13,data/catalogs/ver1plain-1628/photos/vina-arpachina-arpachino-tsimlyanskiy-chernyy-rozovoe-ekstra-bryut-13.webp,Арпачино. Цимлянский Черный
stn-winery-arhitektor-sira-krasnoe-suhoe-12,data/catalogs/ver1plain-1628/photos/stn-winery-arhitektor-sira-krasnoe-suhoe-12.webp,Архитектор. Сира
denisov-winery-assamblyazh-rubin-golodrigi-rozovoe-suhoe-12,data/catalogs/ver1plain-1628/photos/denisov-winery-assamblyazh-rubin-golodrigi-rozovoe-suhoe-12.webp,Ассамбляж
vinodelnya-marko-assamblyazh-kaberne-sovinon-krasnoe-suhoe-14,data/catalogs/ver1plain-1628/photos/vinodelnya-marko-assamblyazh-kaberne-sovinon-krasnoe-suhoe-14.webp,Ассамбляж
zmv-koktebel-atmosfera-aligote-rkatsiteli-shardone-beloe-suhoe-11,data/catalogs/ver1plain-1628/photos/zmv-koktebel-atmosfera-aligote-rkatsiteli-shardone-beloe-suhoe-11.webp,"Атмосфера - Алиготе, Ркацители, Шардоне"
zmv-koktebel-atmosfera-kaberne-sovinon-kaberne-fran-merlo-bastardo-magarachskiy-krasnoe-suhoe-13,data/catalogs/ver1plain-1628/photos/zmv-koktebel-atmosfera-kaberne-sovinon-kaberne-fran-merlo-bastardo-magarachskiy-krasnoe-suhoe-13.webp,"Атмосфера - Каберне Совиньон, Каберне Фран, Мерло, Бастардо Магарачский"
zmv-koktebel-atmosfera-kaberne-sovinon-merlo-pino-chernyy-krasnoe-polusladkoe-13,data/catalogs/ver1plain-1628/photos/zmv-koktebel-atmosfera-kaberne-sovinon-merlo-pino-chernyy-krasnoe-polusladkoe-13.webp,"Атмосфера - Каберне Совиньон, Мерло, Пино Черный"
zmv-koktebel-atmosfera-rkatsiteli-aligote-kokur-muskat-belyy-shardone-beloe-polusladkoe-11,data/catalogs/ver1plain-1628/photos/zmv-koktebel-atmosfera-rkatsiteli-aligote-kokur-muskat-belyy-shardone-beloe-polusladkoe-11.webp,"Атмосфера - Ркацители, Алиготе, Кокур, Мускат Белый, Шардоне"
zmv-koktebel-atmosfera-shardone-merlo-rkatsiteli-muskat-rozovyy-muskat-gamburgskiy-rozovoe-polusuhoe-12,data/catalogs/ver1plain-1628/photos/zmv-koktebel-atmosfera-shardone-merlo-rkatsiteli-muskat-rozovyy-muskat-gamburgskiy-rozovoe-polusuhoe-12.webp,"Атмосфера - Шардоне, Мерло, Ркацители, Мускат Розовый, Мускат Гамбургский"
sober-bash-afa-kaberne-sovinon-krasnoe-suhoe-125,data/catalogs/ver1plain-1628/photos/sober-bash-afa-kaberne-sovinon-krasnoe-suhoe-125.webp,Афа
valeriy-zaharin-bakkal-su-aligote-beloe-suhoe-115,data/catalogs/ver1plain-1628/photos/valeriy-zaharin-bakkal-su-aligote-beloe-suhoe-115.webp,Баккал Су Алиготе
valeriy-zaharin-bakkal-su-kaberne-kaberne-sovinon-krasnoe-suhoe-125,data/catalogs/ver1plain-1628/photos/valeriy-zaharin-bakkal-su-kaberne-kaberne-sovinon-krasnoe-suhoe-125.webp,Баккал Су Каберне
valeriy-zaharin-bakkal-su-saperavi-bastardo-kaberne-sovinon-krasnoe-polusladkoe-11,data/catalogs/ver1plain-1628/photos/valeriy-zaharin-bakkal-su-saperavi-bastardo-kaberne-sovinon-krasnoe-polusladkoe-11.webp,Баккал Су Саперави - Бастардо - Каберне Совиньон
valeriy-zaharin-bakkal-su-muskat-ottonel-beloe-polusladkoe-115,data/catalogs/ver1plain-1628/photos/valeriy-zaharin-bakkal-su-muskat-ottonel-beloe-polusladkoe-115.webp,Баккал Су. Мускат Оттонель
valeriy-zaharin-bakkal-su-saperavi-kaberne-sovinon-krasnoe-suhoe-12,data/catalogs/ver1plain-1628/photos/valeriy-zaharin-bakkal-su-saperavi-kaberne-sovinon-krasnoe-suhoe-12.webp,Баккал Су. Саперави – Каберне Совиньон
balaklava-muskat-beloe-polusladkoe,data/catalogs/ver1plain-1628/photos/balaklava-muskat-beloe-polusladkoe.webp,Балаклава Мускат белое полусладкое
barhat,data/catalogs/ver1plain-1628/photos/barhat.webp,Бархат
massandra-bastardo-bastardo-magarachskiy-krasnoe-sladkoe-16,data/catalogs/ver1plain-1628/photos/massandra-bastardo-bastardo-magarachskiy-krasnoe-sladkoe-16.webp,Бастардо
zmv-koktebel-bastardo-krasnoe-suhoe-14,data/catalogs/ver1plain-1628/photos/zmv-koktebel-bastardo-krasnoe-suhoe-14.webp,Бастардо
valeriy-zaharin-bastardo-kefesiya-avtohtonnoe-vino-kryma-bastardo-magarachskiy-krasnoe-suhoe-115,data/catalogs/ver1plain-1628/photos/valeriy-zaharin-bastardo-kefesiya-avtohtonnoe-vino-kryma-bastardo-magarachskiy-krasnoe-suhoe-115.webp,Бастардо - Кефесия. Автохтонное вино Крыма
levokumskoe-beloe-rkatsiteli-suhoe-10,data/catalogs/ver1plain-1628/photos/levokumskoe-beloe-rkatsiteli-suhoe-10.webp,Белое
belbek-beloe-suhoe-kaberne-sovinon-krasnoe-14,data/catalogs/ver1plain-1628/photos/belbek-beloe-suhoe-kaberne-sovinon-krasnoe-14.webp,Белое сухое
belbek-belbek-kaberne-fran-krasnoe-suhoe-13,data/catalogs/ver1plain-1628/photos/belbek-belbek-kaberne-fran-krasnoe-suhoe-13.webp,Бельбек Каберне Фран
belbek-belbek-meritazh-kaberne-sovinon-krasnoe-suhoe-135,data/catalogs/ver1plain-1628/photos/belbek-belbek-meritazh-kaberne-sovinon-krasnoe-suhoe-135.webp,Бельбек Меритаж
belbek-belbek-merlo-krasnoe-suhoe-129,data/catalogs/ver1plain-1628/photos/belbek-belbek-merlo-krasnoe-suhoe-129.webp,Бельбек Мерло
belbek-belbek-muskat-beloe-suhoe-128,data/catalogs/ver1plain-1628/photos/belbek-belbek-muskat-beloe-suhoe-128.webp,Бельбек Мускат
belbek-belbek-pino-nuar-krasnoe-suhoe-13,data/catalogs/ver1plain-1628/photos/belbek-belbek-pino-nuar-krasnoe-suhoe-13.webp,Бельбек Пино Нуар
belbek-belbek-pti-verdo-krasnoe-suhoe-121,data/catalogs/ver1plain-1628/photos/belbek-belbek-pti-verdo-krasnoe-suhoe-121.webp,Бельбек Пти Вердо
belbek-belbek-risling-beloe-suhoe-128,data/catalogs/ver1plain-1628/photos/belbek-belbek-risling-beloe-suhoe-128.webp,Бельбек Рислинг
belbek-belbek-risling-rezerv-beloe-suhoe-13,data/catalogs/ver1plain-1628/photos/belbek-belbek-risling-rezerv-beloe-suhoe-13.webp,Бельбек Рислинг Резерв
belbek-belbek-rkatsiteli-barrik-beloe-suhoe-13,data/catalogs/ver1plain-1628/photos/belbek-belbek-rkatsiteli-barrik-beloe-suhoe-13.webp,Бельбек Ркацители Баррик
belbek-belbek-roze-pino-nuar-rozovoe-suhoe-129,data/catalogs/ver1plain-1628/photos/belbek-belbek-roze-pino-nuar-rozovoe-suhoe-129.webp,Бельбек Розе
belbek-belbek-sandzhoveze-krasnoe-suhoe-138,data/catalogs/ver1plain-1628/photos/belbek-belbek-sandzhoveze-krasnoe-suhoe-138.webp,Бельбек Санджовезе
belbek-belbek-saperavi-rezerv-krasnoe-suhoe-14,data/catalogs/ver1plain-1628/photos/belbek-belbek-saperavi-rezerv-krasnoe-suhoe-14.webp,Бельбек Саперави Резерв
belbek-belbek-sira-krasnoe-suhoe-132,data/catalogs/ver1plain-1628/photos/belbek-belbek-sira-krasnoe-suhoe-132.webp,Бельбек Сира
belbek-belbek-fiolent-muskat-beloe-polusladkoe-125,data/catalogs/ver1plain-1628/photos/belbek-belbek-fiolent-muskat-beloe-polusladkoe-125.webp,Бельбек Фиолент Мускат
chateau-de-talu-blan-semilon-beloe-suhoe-127,data/catalogs/ver1plain-1628/photos/chateau-de-talu-blan-semilon-beloe-suhoe-127.webp,Блан
blan-de-blan,data/catalogs/ver1plain-1628/photos/blan-de-blan.webp,Блан де Блан
shato-pino-blan-de-blan-shardone-beloe-ekstra-bryut-12,data/catalogs/ver1plain-1628/photos/shato-pino-blan-de-blan-shardone-beloe-ekstra-bryut-12.webp,Блан Де Блан
zmv-koktebel-blan-aligote-beloe-suhoe-12,data/catalogs/ver1plain-1628/photos/zmv-koktebel-blan-aligote-beloe-suhoe-12.webp,"Блан, Алиготе"
vaynkraft-blan-pino-nuar-beloe-suhoe-12,data/catalogs/ver1plain-1628/photos/vaynkraft-blan-pino-nuar-beloe-suhoe-12.webp,Блан. Пино Нуар
domaine-lipko-blaufrankish-krasnoe-suhoe-126,data/catalogs/ver1plain-1628/photos/domaine-lipko-blaufrankish-krasnoe-suhoe-126.webp,Блауфранкиш
shato-ay-danil-bomond-aligote-beloe-suhoe-13,data/catalogs/ver1plain-1628/photos/shato-ay-danil-bomond-aligote-beloe-suhoe-13.webp,Бомонд
stn-winery-bratstvo-kochergi-pino-nuar-krasnoe-suhoe-12,data/catalogs/ver1plain-1628/photos/stn-winery-bratstvo-kochergi-pino-nuar-krasnoe-suhoe-12.webp,Братство Кочерги. Пино Нуар
rem-akchurin-bryut-roze-pino-nuar-rozovoe-129,data/catalogs/ver1plain-1628/photos/rem-akchurin-bryut-roze-pino-nuar-rozovoe-129.webp,Брют розе
gunko-winery-bryut-roze-pino-nuar-rozovoe-12,data/catalogs/ver1plain-1628/photos/gunko-winery-bryut-roze-pino-nuar-rozovoe-12.webp,Брют розе
usadba-aleksandrovskaya-bubnovyy-valet-kaberne-sovinon-krasnoe-polusladkoe-13,data/catalogs/ver1plain-1628/photos/usadba-aleksandrovskaya-bubnovyy-valet-kaberne-sovinon-krasnoe-polusladkoe-13.webp,Бубновый Валет
vinodelnya-uzunov-bunt-tsitronnyy-magaracha-beloe-suhoe-132,data/catalogs/ver1plain-1628/photos/vinodelnya-uzunov-bunt-tsitronnyy-magaracha-beloe-suhoe-132.webp,Бунт
shato-ay-danil-byanko-da-sole-muskat-belyy-beloe-polusladkoe-13,data/catalogs/ver1plain-1628/photos/shato-ay-danil-byanko-da-sole-muskat-belyy-beloe-polusladkoe-13.webp,Бьянко да Соле
vinodelnya-byurne-vione-beloe-suhoe-135,data/catalogs/ver1plain-1628/photos/vinodelnya-byurne-vione-beloe-suhoe-135.webp,БЮРНЬЕ.ВИОНЬЕ сухое белое
vinodelnya-byurne-kaberne-sovinon-krasnoe-suhoe-135,data/catalogs/ver1plain-1628/photos/vinodelnya-byurne-kaberne-sovinon-krasnoe-suhoe-135.webp,БЮРНЬЕ.КАБЕРНЕ СОВИНЬОН сухое красное
vinodelnya-byurne-kaberne-fran-krasnoe-suhoe-135,data/catalogs/ver1plain-1628/photos/vinodelnya-byurne-kaberne-fran-krasnoe-suhoe-135.webp,БЮРНЬЕ.КАБЕРНЕ ФРАН сухое красное
vinodelnya-byurne-krasnostop-krasnoe-suhoe-145,data/catalogs/ver1plain-1628/photos/vinodelnya-byurne-krasnostop-krasnoe-suhoe-145.webp,БЮРНЬЕ.КРАСНОСТОП сухое красное
vinodelnya-byurne-merlo-krasnoe-suhoe-14,data/catalogs/ver1plain-1628/photos/vinodelnya-byurne-merlo-krasnoe-suhoe-14.webp,БЮРНЬЕ.МЕРЛО сухое красное
vinodelnya-byurne-byurne-pino-blan-beloe-suhoe-14,data/catalogs/ver1plain-1628/photos/vinodelnya-byurne-byurne-pino-blan-beloe-suhoe-14.webp,БЮРНЬЕ.ПИНО БЛАН сухое белое
vinodelnya-byurne-saperavi-krasnoe-suhoe-135,data/catalogs/ver1plain-1628/photos/vinodelnya-byurne-saperavi-krasnoe-suhoe-135.webp,БЮРНЬЕ.САПЕРАВИ сухое красное
vinodelnya-byurne-sira-krasnoe-suhoe-135,data/catalogs/ver1plain-1628/photos/vinodelnya-byurne-sira-krasnoe-suhoe-135.webp,БЮРНЬЕ.СИРА сухое красное
le-k2-v-glubine-shardone-beloe-suhoe-13,data/catalogs/ver1plain-1628/photos/le-k2-v-glubine-shardone-beloe-suhoe-13.webp,В Глубине
le-k2-v-tumane-sovinon-blan-beloe-suhoe-127,data/catalogs/ver1plain-1628/photos/le-k2-v-tumane-sovinon-blan-beloe-suhoe-127.webp,В тумане
le-k2-v-tumane-sovinon-blan-beloe-suhoe-13,data/catalogs/ver1plain-1628/photos/le-k2-v-tumane-sovinon-blan-beloe-suhoe-13.webp,В Тумане
wein-und-wasser-vayn-taym-sira-krym-krasnoe-suhoe-13,data/catalogs/ver1plain-1628/photos/wein-und-wasser-vayn-taym-sira-krym-krasnoe-suhoe-13.webp,Вайн Тайм Сира Крым
wein-und-wasser-vayn-taym-sovinon-blan-krym-beloe-suhoe-12,data/catalogs/ver1plain-1628/photos/wein-und-wasser-vayn-taym-sovinon-blan-krym-beloe-suhoe-12.webp,Вайн Тайм Совиньон Блан Крым
le-k2-vassal-risling-reynskiy-beloe-suhoe-14,data/catalogs/ver1plain-1628/photos/le-k2-vassal-risling-reynskiy-beloe-suhoe-14.webp,Вассал
le-k2-vassal-risling-beloe-suhoe-14,data/catalogs/ver1plain-1628/photos/le-k2-vassal-risling-beloe-suhoe-14.webp,Вассал
vinodelnya-vedernikov-vedernikov-gubernatorskoe-golubok-krasnoe-suhoe-115,data/catalogs/ver1plain-1628/photos/vinodelnya-vedernikov-vedernikov-gubernatorskoe-golubok-krasnoe-suhoe-115.webp,Ведерниковъ Губернаторское «Голубок»
vinodelnya-vedernikov-vedernikov-gubernatorskoe-rezerv-kaberne-sovinon-krasnoe-suhoe-14,data/catalogs/ver1plain-1628/photos/vinodelnya-vedernikov-vedernikov-gubernatorskoe-rezerv-kaberne-sovinon-krasnoe-suhoe-14.webp,Ведерниковъ Губернаторское Резерв
vinodelnya-vedernikov-vedernikov-dolina-dona-beloe-suhoe-aligote-12,data/catalogs/ver1plain-1628/photos/vinodelnya-vedernikov-vedernikov-dolina-dona-beloe-suhoe-aligote-12.webp,Ведерниковъ Долина Дона Белое Сухое
vinodelnya-vedernikov-vedernikov-dolina-dona-krasnoe-suhoe-kaberne-sovinon-125,data/catalogs/ver1plain-1628/photos/vinodelnya-vedernikov-vedernikov-dolina-dona-krasnoe-suhoe-kaberne-sovinon-125.webp,Ведерниковъ Долина Дона Красное Сухое
vinodelnya-vedernikov-vedernikov-kaberne-sovinon-krasnoe-suhoe-145,data/catalogs/ver1plain-1628/photos/vinodelnya-vedernikov-vedernikov-kaberne-sovinon-krasnoe-suhoe-145.webp,Ведерниковъ Каберне Совиньон
vinodelnya-vedernikov-vedernikov-krasnostop-zolotovskiy-krasnoe-suhoe-145,data/catalogs/ver1plain-1628/photos/vinodelnya-vedernikov-vedernikov-krasnostop-zolotovskiy-krasnoe-suhoe-145.webp,Ведерниковъ Красностоп Золотовский
vinodelnya-vedernikov-vedernikov-krasnostop-zolotovskiy-magnum-krasnoe-suhoe-145,data/catalogs/ver1plain-1628/photos/vinodelnya-vedernikov-vedernikov-krasnostop-zolotovskiy-magnum-krasnoe-suhoe-145.webp,Ведерниковъ Красностоп Золотовский (магнум)
vinodelnya-vedernikov-vedernikov-pet-nat-golubok-krasnyy-bryut-krasnoe-suhoe-13,data/catalogs/ver1plain-1628/photos/vinodelnya-vedernikov-vedernikov-pet-nat-golubok-krasnyy-bryut-krasnoe-suhoe-13.webp,Ведерниковъ Пет-Нат «Голубок» Красный Брют
vinodelnya-vedernikov-vedernikov-pet-nat-platovskiy-aligote-bryut-beloe-suhoe-10,data/catalogs/ver1plain-1628/photos/vinodelnya-vedernikov-vedernikov-pet-nat-platovskiy-aligote-bryut-beloe-suhoe-10.webp,Ведерниковъ Пет-Нат «Платовский-Алиготе» Брют
vinodelnya-vedernikov-vedernikov-puhlyakovskiy-beloe-suhoe-12,data/catalogs/ver1plain-1628/photos/vinodelnya-vedernikov-vedernikov-puhlyakovskiy-beloe-suhoe-12.webp,Ведерниковъ Пухляковский
vinodelnya-vedernikov-vedernikov-tsimlyanskiy-chyornyy-bryut-tsimlyanskiy-chernyy-beloe-12,data/catalogs/ver1plain-1628/photos/vinodelnya-vedernikov-vedernikov-tsimlyanskiy-chyornyy-bryut-tsimlyanskiy-chernyy-beloe-12.webp,Ведерниковъ Цимлянский Чёрный Брют
vinodelnya-vedernikov-vedernikov-tsimlyanskiy-chyornyy-bryut-roze-tsimlyanskiy-chernyy-rozovoe-12,data/catalogs/ver1plain-1628/photos/vinodelnya-vedernikov-vedernikov-tsimlyanskiy-chyornyy-bryut-roze-tsimlyanskiy-chernyy-rozovoe-12.webp,Ведерниковъ Цимлянский Чёрный Брют Розе
vinodelnya-vedernikov-vedernikov-tsimlyanskiy-chyornyy-bryut-roze-2-tsimlyanskiy-chernyy-rozovoe-12,data/catalogs/ver1plain-1628/photos/vinodelnya-vedernikov-vedernikov-tsimlyanskiy-chyornyy-bryut-roze-2-tsimlyanskiy-chernyy-rozovoe-12.webp,Ведерниковъ Цимлянский Чёрный Брют Розе 2
vinodelnya-marchenko-vermilon-kaberne-azos-krasnoe-suhoe-14,data/catalogs/ver1plain-1628/photos/vinodelnya-marchenko-vermilon-kaberne-azos-krasnoe-suhoe-14.webp,Вермильон
massandra-vino-avtorskoe-pino-gri-beloe-suhoe-12,data/catalogs/ver1plain-1628/photos/massandra-vino-avtorskoe-pino-gri-beloe-suhoe-12.webp,Вино Авторское Пино Гри
vinodelnya-vedernikov-vinodelnya-vedernikov-pet-nat-roze-tsimlyanskiy-chernyy-rozovoe-suhoe-12,data/catalogs/ver1plain-1628/photos/vinodelnya-vedernikov-vinodelnya-vedernikov-pet-nat-roze-tsimlyanskiy-chernyy-rozovoe-suhoe-12.webp,Винодельня Ведерниковъ Пет-Нат Розе
vinodelnya-vedernikov-vinodelnya-vedernikov-tsimlyanskiy-chernyy-sibirkovyy-ekstra-bryut-beloe-13,data/catalogs/ver1plain-1628/photos/vinodelnya-vedernikov-vinodelnya-vedernikov-tsimlyanskiy-chernyy-sibirkovyy-ekstra-bryut-beloe-13.webp,Винодельня Ведерниковъ Цимлянский Черный-Сибирьковый Экстра Брют
vintazh-premium,data/catalogs/ver1plain-1628/photos/vintazh-premium.webp,Винтаж. Премиум
andryus-yutsis-vione-beloe-suhoe-112,data/catalogs/ver1plain-1628/photos/andryus-yutsis-vione-beloe-suhoe-112.webp,Вионье
vinodelnya-marko-vione-beloe-suhoe-12,data/catalogs/ver1plain-1628/photos/vinodelnya-marko-vione-beloe-suhoe-12.webp,Вионье
vinodelnya-krinitsa-vione-beloe-suhoe-133,data/catalogs/ver1plain-1628/photos/vinodelnya-krinitsa-vione-beloe-suhoe-133.webp,Вионье
esse-vione-beloe-suhoe-13,data/catalogs/ver1plain-1628/photos/esse-vione-beloe-suhoe-13.webp,Вионье
usadba-mezyb-vione-beloe-suhoe-118,data/catalogs/ver1plain-1628/photos/usadba-mezyb-vione-beloe-suhoe-118.webp,Вионье
dva-serdtsa-vione-beloe-suhoe-125,data/catalogs/ver1plain-1628/photos/dva-serdtsa-vione-beloe-suhoe-125.webp,Вионье
loco-cimbali-vione-beloe-suhoe-14,data/catalogs/ver1plain-1628/photos/loco-cimbali-vione-beloe-suhoe-14.webp,Вионье
chateau-cachalot-vione-beloe-suhoe-112,data/catalogs/ver1plain-1628/photos/chateau-cachalot-vione-beloe-suhoe-112.webp,Вионье
vinodelnya-zhakov-vostorg-beloe-suhoe-116,data/catalogs/ver1plain-1628/photos/vinodelnya-zhakov-vostorg-beloe-suhoe-116.webp,Восторг
kuban-vino-vysokiy-bereg-grafit-roze-kaberne-sovinon-rozovoe-suhoe-12,data/catalogs/ver1plain-1628/photos/kuban-vino-vysokiy-bereg-grafit-roze-kaberne-sovinon-rozovoe-suhoe-12.webp,Высокий Берег Графит Розе
kuban-vino-vysokiy-bereg-merlo-krasnoe-suhoe-135,data/catalogs/ver1plain-1628/photos/kuban-vino-vysokiy-bereg-merlo-krasnoe-suhoe-135.webp,Высокий Берег Мерло
kuban-vino-vysokiy-bereg-myuller-turgau-beloe-suhoe-13,data/catalogs/ver1plain-1628/photos/kuban-vino-vysokiy-bereg-myuller-turgau-beloe-suhoe-13.webp,Высокий Берег Мюллер-Тургау
vysokij-bereg-czvajgelt,data/catalogs/ver1plain-1628/photos/vysokij-bereg-czvajgelt.webp,Высокий Берег Цвайгельт
esse-gevyurtstraminer-beloe-suhoe-12,data/catalogs/ver1plain-1628/photos/esse-gevyurtstraminer-beloe-suhoe-12.webp,Гевюрцтраминер
uppa-winery-gevyurtstraminer-muskat-beloe-suhoe-14,data/catalogs/ver1plain-1628/photos/uppa-winery-gevyurtstraminer-muskat-beloe-suhoe-14.webp,Гевюрцтраминер - Мускат
vinodelnya-myshako-gevyurtstraminer-mode-petnat-beloe-bryut-118,data/catalogs/ver1plain-1628/photos/vinodelnya-myshako-gevyurtstraminer-mode-petnat-beloe-bryut-118.webp,Гевюрцтраминер Mode Петнат
vinodelnya-myshako-gevyurtstraminer-kyuve-bryut-beloe-123,data/catalogs/ver1plain-1628/photos/vinodelnya-myshako-gevyurtstraminer-kyuve-bryut-beloe-123.webp,Гевюрцтраминер Кюве брют
vinodelnya-raevskoe-genezis-beloe-risling-suhoe-123,data/catalogs/ver1plain-1628/photos/vinodelnya-raevskoe-genezis-beloe-risling-suhoe-123.webp,Генезис белое
vinodelnya-raevskoe-genezis-krasnoe-kaberne-sovinon-suhoe-13,data/catalogs/ver1plain-1628/photos/vinodelnya-raevskoe-genezis-krasnoe-kaberne-sovinon-suhoe-13.webp,Генезис Красное
vinodelnya-raevskoe-genezis-rozovoe-tempranilo-suhoe-117,data/catalogs/ver1plain-1628/photos/vinodelnya-raevskoe-genezis-rozovoe-tempranilo-suhoe-117.webp,Генезис розовое
imenie-sikory-gerts-kaberne-sovinon-krasnoe-suhoe-14,data/catalogs/ver1plain-1628/photos/imenie-sikory-gerts-kaberne-sovinon-krasnoe-suhoe-14.webp,Герцъ
imenie-sikory-gerts-sikory-kaberne-sovinon-krasnoe-suhoe-14,data/catalogs/ver1plain-1628/photos/imenie-sikory-gerts-sikory-kaberne-sovinon-krasnoe-suhoe-14.webp,Герцъ Сикоры
vinodelnya-marchenko-gechei-zamatosh-beloe-suhoe-135,data/catalogs/ver1plain-1628/photos/vinodelnya-marchenko-gechei-zamatosh-beloe-suhoe-135.webp,Гечеи Заматош
vinodelnya-uzunov-glad-shardone-beloe-ekstra-bryut-127,data/catalogs/ver1plain-1628/photos/vinodelnya-uzunov-glad-shardone-beloe-ekstra-bryut-127.webp,Гладь
soyuz-vino-gloriya-de-luna-byanko-sekko-shardone-beloe-suhoe-11,data/catalogs/ver1plain-1628/photos/soyuz-vino-gloriya-de-luna-byanko-sekko-shardone-beloe-suhoe-11.webp,Глория де Луна Бьянко Секко
soyuz-vino-gloriya-de-luna-byanko-semidolche-shardone-beloe-polusladkoe-11,data/catalogs/ver1plain-1628/photos/soyuz-vino-gloriya-de-luna-byanko-semidolche-shardone-beloe-polusladkoe-11.webp,Глория де Луна Бьянко Семидольче
soyuz-vino-gloriya-de-luna-rosso-sekko-kaberne-sovinon-krasnoe-suhoe-11,data/catalogs/ver1plain-1628/photos/soyuz-vino-gloriya-de-luna-rosso-sekko-kaberne-sovinon-krasnoe-suhoe-11.webp,Глория де Луна Россо Секко
soyuz-vino-gloriya-de-luna-rosso-semidolche-kaberne-sovinon-krasnoe-polusladkoe-11,data/catalogs/ver1plain-1628/photos/soyuz-vino-gloriya-de-luna-rosso-semidolche-kaberne-sovinon-krasnoe-polusladkoe-11.webp,Глория де Луна Россо Семидольче
vinodelnya-raevskoe-glou-krasnoe-merlo-suhoe-14,data/catalogs/ver1plain-1628/photos/vinodelnya-raevskoe-glou-krasnoe-merlo-suhoe-14.webp,Глоу красное
vinodelnya-batrak-glyu-glyu-podarok-magaracha-krasnoe-suhoe-12,data/catalogs/ver1plain-1628/photos/vinodelnya-batrak-glyu-glyu-podarok-magaracha-krasnoe-suhoe-12.webp,Глю-Глю
shato-pino-gravitatsiya-kaberne-sovinon-merlo-krasnoe-suhoe-135,data/catalogs/ver1plain-1628/photos/shato-pino-gravitatsiya-kaberne-sovinon-merlo-krasnoe-suhoe-135.webp,Гравитация. Каберне Совиньон - Мерло
alma-valley-graviti-pino-blan-beloe-suhoe-135,data/catalogs/ver1plain-1628/photos/alma-valley-graviti-pino-blan-beloe-suhoe-135.webp,Гравити
alma-valley-graviti-kaberne-sovinon-krasnoe-suhoe-15,data/catalogs/ver1plain-1628/photos/alma-valley-graviti-kaberne-sovinon-krasnoe-suhoe-15.webp,Гравити
zmv-koktebel-grand-kupazh-kaberne-sovinon-krasnoe-suhoe-13,data/catalogs/ver1plain-1628/photos/zmv-koktebel-grand-kupazh-kaberne-sovinon-krasnoe-suhoe-13.webp,Гранд Купаж
grand-kyuve,data/catalogs/ver1plain-1628/photos/grand-kyuve.webp,Гранд Кюве
sober-bash-grani-kumshatskiy-kumshatskiy-belyy-beloe-suhoe-11,data/catalogs/ver1plain-1628/photos/sober-bash-grani-kumshatskiy-kumshatskiy-belyy-beloe-suhoe-11.webp,Грани. Кумшацкий
sober-bash-grani-muskat-muskat-dzhialo-beloe-suhoe-12,data/catalogs/ver1plain-1628/photos/sober-bash-grani-muskat-muskat-dzhialo-beloe-suhoe-12.webp,Грани. Мускат
sober-bash-grani-plechistik-krasnoe-suhoe-12,data/catalogs/ver1plain-1628/photos/sober-bash-grani-plechistik-krasnoe-suhoe-12.webp,Грани. Плечистик
derbent-vino-graf-vorontsov-beloe-polusladkoe-sovinon-blan-105-125,data/catalogs/ver1plain-1628/photos/derbent-vino-graf-vorontsov-beloe-polusladkoe-sovinon-blan-105-125.webp,Граф Воронцов. Белое полусладкое
derbent-vino-graf-vorontsov-bryut-beloe-sovinon-blan-105-125,data/catalogs/ver1plain-1628/photos/derbent-vino-graf-vorontsov-bryut-beloe-sovinon-blan-105-125.webp,Граф Воронцов. Брют белое
derbent-vino-graf-vorontsov-bryut-rozovoe-pervenets-magaracha-105-125,data/catalogs/ver1plain-1628/photos/derbent-vino-graf-vorontsov-bryut-rozovoe-pervenets-magaracha-105-125.webp,Граф Воронцов. Брют розовое
chateau-andre-gryuner-beloe-suhoe-13,data/catalogs/ver1plain-1628/photos/chateau-andre-gryuner-beloe-suhoe-13.webp,Грюнер
vinodelnya-vedernikov-gubernatorskiy-rezerv-beloe-risling-suhoe-12,data/catalogs/ver1plain-1628/photos/vinodelnya-vedernikov-gubernatorskiy-rezerv-beloe-risling-suhoe-12.webp,Губернаторский Резерв. Белое
vinodelnya-vedernikov-gubernatorskiy-rezerv-krasnoe-kaberne-sovinon-suhoe-14,data/catalogs/ver1plain-1628/photos/vinodelnya-vedernikov-gubernatorskiy-rezerv-krasnoe-kaberne-sovinon-suhoe-14.webp,Губернаторский Резерв. Красное
vinodelnya-vedernikov-gubernatorskoe-golubok-krasnoe-suhoe-11,data/catalogs/ver1plain-1628/photos/vinodelnya-vedernikov-gubernatorskoe-golubok-krasnoe-suhoe-11.webp,Губернаторское. Голубок
vinodelnya-vedernikov-gubernatorskoe-kaberne-krasnostop-zolotovskiy-krasnoe-suhoe-12,data/catalogs/ver1plain-1628/photos/vinodelnya-vedernikov-gubernatorskoe-kaberne-krasnostop-zolotovskiy-krasnoe-suhoe-12.webp,Губернаторское. Каберне
vinodelnya-vedernikov-gubernatorskoe-risling-beloe-suhoe-12,data/catalogs/ver1plain-1628/photos/vinodelnya-vedernikov-gubernatorskoe-risling-beloe-suhoe-12.webp,Губернаторское. Рислинг
vinodelnya-vedernikov-gubernatorskoe-rkatsiteli-beloe-suhoe-13,data/catalogs/ver1plain-1628/photos/vinodelnya-vedernikov-gubernatorskoe-rkatsiteli-beloe-suhoe-13.webp,Губернаторское. Ркацители
vinodelnya-vedernikov-gubernatorskoe-rozovoe-tsimlyanskiy-chernyy-suhoe-11,data/catalogs/ver1plain-1628/photos/vinodelnya-vedernikov-gubernatorskoe-rozovoe-tsimlyanskiy-chernyy-suhoe-11.webp,Губернаторское. Розовое
sober-bash-dve-doliny-auri-mtsvane-kahetinskiy-beloe-suhoe-125,data/catalogs/ver1plain-1628/photos/sober-bash-dve-doliny-auri-mtsvane-kahetinskiy-beloe-suhoe-125.webp,Две долины. Аури
sober-bash-dve-doliny-kaberne-fran-2023-krasnoe-polusuhoe-14,data/catalogs/ver1plain-1628/photos/sober-bash-dve-doliny-kaberne-fran-2023-krasnoe-polusuhoe-14.webp,Две долины. Каберне Фран 2023
sober-bash-dve-doliny-liuri-2023-dostoynyy-rozovoe-suhoe-13,data/catalogs/ver1plain-1628/photos/sober-bash-dve-doliny-liuri-2023-dostoynyy-rozovoe-suhoe-13.webp,Две долины. Лиури 2023
sober-bash-dve-doliny-myuller-turgau-2023-beloe-suhoe-117,data/catalogs/ver1plain-1628/photos/sober-bash-dve-doliny-myuller-turgau-2023-beloe-suhoe-117.webp,Две долины. Мюллер Тургау 2023
sober-bash-dve-doliny-saperavi-kachich-krasnoe-polusuhoe-15,data/catalogs/ver1plain-1628/photos/sober-bash-dve-doliny-saperavi-kachich-krasnoe-polusuhoe-15.webp,Две долины. Саперави-Качич
sober-bash-dve-doliny-tsimlyanskiy-2023-tsimlyanskiy-chernyy-krasnoe-suhoe-13,data/catalogs/ver1plain-1628/photos/sober-bash-dve-doliny-tsimlyanskiy-2023-tsimlyanskiy-chernyy-krasnoe-suhoe-13.webp,Две долины. Цимлянский 2023
fanagoriya-dekanter-chardonnay-2020-shardone-beloe-suhoe-135,data/catalogs/ver1plain-1628/photos/fanagoriya-dekanter-chardonnay-2020-shardone-beloe-suhoe-135.webp,Декантер Chardonnay 2020
fanagoriya-dekanter-riesling-2020-risling-reynskiy-beloe-suhoe-13,data/catalogs/ver1plain-1628/photos/fanagoriya-dekanter-riesling-2020-risling-reynskiy-beloe-suhoe-13.webp,Декантер Riesling 2020
fanagoriya-dekanter-kaberne-sovinon-2018-krasnoe-suhoe-14,data/catalogs/ver1plain-1628/photos/fanagoriya-dekanter-kaberne-sovinon-2018-krasnoe-suhoe-14.webp,Декантер. Каберне Совиньон 2018
fanagoriya-dekanter-kaberne-fran-2019-krasnoe-suhoe-13,data/catalogs/ver1plain-1628/photos/fanagoriya-dekanter-kaberne-fran-2019-krasnoe-suhoe-13.webp,Декантер. Каберне Фран 2019
fanagoriya-dekanter-merlo-2018-krasnoe-suhoe-14,data/catalogs/ver1plain-1628/photos/fanagoriya-dekanter-merlo-2018-krasnoe-suhoe-14.webp,Декантер. Мерло 2018
fanagoriya-dekanter-pino-nuar-2020-krasnoe-suhoe-135,data/catalogs/ver1plain-1628/photos/fanagoriya-dekanter-pino-nuar-2020-krasnoe-suhoe-135.webp,Декантер. Пино нуар 2020
fanagoriya-dekanter-rkatsiteli-2019-beloe-suhoe-135,data/catalogs/ver1plain-1628/photos/fanagoriya-dekanter-rkatsiteli-2019-beloe-suhoe-135.webp,Декантер. Ркацители 2019
fanagoriya-dekanter-saperavi-2017-krasnoe-suhoe-135,data/catalogs/ver1plain-1628/photos/fanagoriya-dekanter-saperavi-2017-krasnoe-suhoe-135.webp,Декантер. Саперави 2017
fanagoriya-dekanter-formula-q-kaberne-sovinon-krasnoe-suhoe-135,data/catalogs/ver1plain-1628/photos/fanagoriya-dekanter-formula-q-kaberne-sovinon-krasnoe-suhoe-135.webp,Декантер. Формула Q
derbent-vino-di-kaspiko-merlo-krasnoe-polusladkoe-11,data/catalogs/ver1plain-1628/photos/derbent-vino-di-kaspiko-merlo-krasnoe-polusladkoe-11.webp,Ди Каспико
derbent-vino-di-kaspiko-rkatsiteli-beloe-polusladkoe-11,data/catalogs/ver1plain-1628/photos/derbent-vino-di-kaspiko-rkatsiteli-beloe-polusladkoe-11.webp,Ди Каспико
derbent-vino-di-kaspiko-shardone-beloe-bryut-105-125,data/catalogs/ver1plain-1628/photos/derbent-vino-di-kaspiko-shardone-beloe-bryut-105-125.webp,Ди Каспико
derbent-vino-di-kaspiko-shardone-beloe-polusladkoe-105-125,data/catalogs/ver1plain-1628/photos/derbent-vino-di-kaspiko-shardone-beloe-polusladkoe-105-125.webp,Ди Каспико
derbent-vino-di-kaspiko-kaberne-sovinon-krasnoe-suhoe-135,data/catalogs/ver1plain-1628/photos/derbent-vino-di-kaspiko-kaberne-sovinon-krasnoe-suhoe-135.webp,Ди Каспико Каберне Совиньон
derbent-vino-di-kaspiko-merlo-krasnoe-suhoe-13,data/catalogs/ver1plain-1628/photos/derbent-vino-di-kaspiko-merlo-krasnoe-suhoe-13.webp,Ди Каспико Мерло
derbent-vino-di-kaspiko-risling-beloe-suhoe-12,data/catalogs/ver1plain-1628/photos/derbent-vino-di-kaspiko-risling-beloe-suhoe-12.webp,Ди Каспико Рислинг
derbent-vino-di-kaspiko-rkatsiteli-beloe-suhoe-12,data/catalogs/ver1plain-1628/photos/derbent-vino-di-kaspiko-rkatsiteli-beloe-suhoe-12.webp,Ди Каспико Ркацители
derbent-vino-di-kaspiko-roze-shardone-rozovoe-suhoe-12,data/catalogs/ver1plain-1628/photos/derbent-vino-di-kaspiko-roze-shardone-rozovoe-suhoe-12.webp,Ди Каспико Розе
derbent-vino-di-kaspiko-saperavi-krasnoe-suhoe-13,data/catalogs/ver1plain-1628/photos/derbent-vino-di-kaspiko-saperavi-krasnoe-suhoe-13.webp,Ди Каспико Саперави
derbent-vino-di-kaspiko-sovinon-sovinon-blan-beloe-suhoe-12,data/catalogs/ver1plain-1628/photos/derbent-vino-di-kaspiko-sovinon-sovinon-blan-beloe-suhoe-12.webp,Ди Каспико Совиньон
derbent-vino-di-kaspiko-fiori-di-mare-verde-avgustin-rozovoe-polusuhoe-10,data/catalogs/ver1plain-1628/photos/derbent-vino-di-kaspiko-fiori-di-mare-verde-avgustin-rozovoe-polusuhoe-10.webp,Ди Каспико Фиори ди Маре Верде
derbent-vino-di-kaspiko-shardone-beloe-suhoe-125,data/catalogs/ver1plain-1628/photos/derbent-vino-di-kaspiko-shardone-beloe-suhoe-125.webp,Ди Каспико Шардоне
vinodelnya-marko-dikiy-sovinon-sovinon-blan-beloe-suhoe-12,data/catalogs/ver1plain-1628/photos/vinodelnya-marko-dikiy-sovinon-sovinon-blan-beloe-suhoe-12.webp,Дикий Совиньон
shato-pino-dichkaberne-fran-krasnoe-suhoe-14,data/catalogs/ver1plain-1628/photos/shato-pino-dichkaberne-fran-krasnoe-suhoe-14.webp,Дичь.Каберне Фран
valeriy-zaharin-dom-zaharinyh-beloe-sary-pandas-suhoe-115,data/catalogs/ver1plain-1628/photos/valeriy-zaharin-dom-zaharinyh-beloe-sary-pandas-suhoe-115.webp,Дом Захарьиных белое
valeriy-zaharin-dom-zaharinyh-krasnoe-kaberne-sovinon-suhoe-125,data/catalogs/ver1plain-1628/photos/valeriy-zaharin-dom-zaharinyh-krasnoe-kaberne-sovinon-suhoe-125.webp,Дом Захарьиных красное
sober-bash-dostoynyy-krasnoe-suhoe-14,data/catalogs/ver1plain-1628/photos/sober-bash-dostoynyy-krasnoe-suhoe-14.webp,Достойный
cloudy-winery-dubrovskiy-bordeaux-blend-kaberne-fran-krasnoe-suhoe-14,data/catalogs/ver1plain-1628/photos/cloudy-winery-dubrovskiy-bordeaux-blend-kaberne-fran-krasnoe-suhoe-14.webp,Дубровский. Bordeaux Blend
cloudy-winery-dubrovskiy-orange-rkatsiteli-beloe-suhoe-125,data/catalogs/ver1plain-1628/photos/cloudy-winery-dubrovskiy-orange-rkatsiteli-beloe-suhoe-125.webp,Дубровский. Orange
skalistyy-bereg-dyhanie-voln-shardone-beloe-suhoe-121,data/catalogs/ver1plain-1628/photos/skalistyy-bereg-dyhanie-voln-shardone-beloe-suhoe-121.webp,Дыхание волн
derbent-vino-desono-kaberne-fran-krasnoe-suhoe-125,data/catalogs/ver1plain-1628/photos/derbent-vino-desono-kaberne-fran-krasnoe-suhoe-125.webp,Дэсоно Каберне Фран
derbent-vino-desono-risling-beloe-suhoe-125,data/catalogs/ver1plain-1628/photos/derbent-vino-desono-risling-beloe-suhoe-125.webp,Дэсоно Рислинг
derbent-vino-desono-risling-ekstra-bryut-beloe-105-125,data/catalogs/ver1plain-1628/photos/derbent-vino-desono-risling-ekstra-bryut-beloe-105-125.webp,Дэсоно Рислинг экстра брют
derbent-vino-desono-rkatsiteli-oranzh-beloe-suhoe-125,data/catalogs/ver1plain-1628/photos/derbent-vino-desono-rkatsiteli-oranzh-beloe-suhoe-125.webp,Дэсоно Ркацители оранж
derbent-vino-desono-saperavi-krasnoe-suhoe-125,data/catalogs/ver1plain-1628/photos/derbent-vino-desono-saperavi-krasnoe-suhoe-125.webp,Дэсоно Саперави
derbent-vino-desono-saperavi-roze-rozovoe-suhoe-125,data/catalogs/ver1plain-1628/photos/derbent-vino-desono-saperavi-roze-rozovoe-suhoe-125.webp,Дэсоно Саперави розе
derbent-vino-desono-shardone-beloe-suhoe-125,data/catalogs/ver1plain-1628/photos/derbent-vino-desono-shardone-beloe-suhoe-125.webp,Дэсоно Шардоне
zhemchuzhnaya-9-merlo-kaberne-sovinon,data/catalogs/ver1plain-1628/photos/zhemchuzhnaya-9-merlo-kaberne-sovinon.webp,"Жемчужная 9 Мерло, Каберне Совиньон"
belbek-zakat-merlo-sira-krasnoe-suhoe-132,data/catalogs/ver1plain-1628/photos/belbek-zakat-merlo-sira-krasnoe-suhoe-132.webp,Закат. Мерло Сира
soyuz-vino-zelyonaya-dolina-kaberne-sovinon-krasnoe-suhoe-12,data/catalogs/ver1plain-1628/photos/soyuz-vino-zelyonaya-dolina-kaberne-sovinon-krasnoe-suhoe-12.webp,Зелёная Долина Каберне Совиньон
soyuz-vino-zelyonaya-dolina-kaberne-merlo-kaberne-sovinon-krasnoe-polusladkoe-12,data/catalogs/ver1plain-1628/photos/soyuz-vino-zelyonaya-dolina-kaberne-merlo-kaberne-sovinon-krasnoe-polusladkoe-12.webp,Зелёная Долина Каберне-Мерло
soyuz-vino-zelyonaya-dolina-kaberne-merlo-v-banke-kaberne-sovinon-krasnoe-polusladkoe-12,data/catalogs/ver1plain-1628/photos/soyuz-vino-zelyonaya-dolina-kaberne-merlo-v-banke-kaberne-sovinon-krasnoe-polusladkoe-12.webp,Зелёная Долина Каберне-Мерло в банке
soyuz-vino-zelyonaya-dolina-pino-blan-v-banke-beloe-polusladkoe-115,data/catalogs/ver1plain-1628/photos/soyuz-vino-zelyonaya-dolina-pino-blan-v-banke-beloe-polusladkoe-115.webp,Зелёная Долина Пино Блан в банке
soyuz-vino-zelyonaya-dolina-pino-nuar-krasnoe-suhoe-12,data/catalogs/ver1plain-1628/photos/soyuz-vino-zelyonaya-dolina-pino-nuar-krasnoe-suhoe-12.webp,Зелёная Долина Пино Нуар
soyuz-vino-zelyonaya-dolina-pino-nuar-v-banke-krasnoe-suhoe-12,data/catalogs/ver1plain-1628/photos/soyuz-vino-zelyonaya-dolina-pino-nuar-v-banke-krasnoe-suhoe-12.webp,Зелёная Долина Пино Нуар в банке
soyuz-vino-zelyonaya-dolina-sovinon-blan-polusladkoe-beloe-12,data/catalogs/ver1plain-1628/photos/soyuz-vino-zelyonaya-dolina-sovinon-blan-polusladkoe-beloe-12.webp,Зелёная Долина Совиньон Блан Полусладкое
soyuz-vino-zelyonaya-dolina-sovinon-blan-suhoe-beloe-12,data/catalogs/ver1plain-1628/photos/soyuz-vino-zelyonaya-dolina-sovinon-blan-suhoe-beloe-12.webp,Зелёная Долина Совиньон Блан Сухое
soyuz-vino-zelyonaya-dolina-shardone-beloe-suhoe-12,data/catalogs/ver1plain-1628/photos/soyuz-vino-zelyonaya-dolina-shardone-beloe-suhoe-12.webp,Зелёная Долина Шардоне
soyuz-vino-zelyonaya-dolina-shardone-v-banke-beloe-suhoe-12,data/catalogs/ver1plain-1628/photos/soyuz-vino-zelyonaya-dolina-shardone-v-banke-beloe-suhoe-12.webp,Зелёная Долина Шардоне в банке
fanagoriya-zelyonoe-vino-risling-tsitronnyy-magaracha-beloe-polusuhoe-11,data/catalogs/ver1plain-1628/photos/fanagoriya-zelyonoe-vino-risling-tsitronnyy-magaracha-beloe-polusuhoe-11.webp,Зелёное вино. Рислинг - Цитронный Магарача
fanagoriya-zelyonoe-vino-risling-tsitronnyy-magaracha-merlo-rozovoe-polusuhoe-11,data/catalogs/ver1plain-1628/photos/fanagoriya-zelyonoe-vino-risling-tsitronnyy-magaracha-merlo-rozovoe-polusuhoe-11.webp,Зелёное вино. Рислинг - Цитронный Магарача - Мерло
vinodelnya-myshako-zinfandel-mode-krasnoe-suhoe-148,data/catalogs/ver1plain-1628/photos/vinodelnya-myshako-zinfandel-mode-krasnoe-suhoe-148.webp,Зинфандель Mode
vinodelnya-myshako-zinfandel-mode-petnat-rozovoe-polusuhoe-12,data/catalogs/ver1plain-1628/photos/vinodelnya-myshako-zinfandel-mode-petnat-rozovoe-polusuhoe-12.webp,Зинфандель Mode Петнат
zolotaya-balka-igristoe-krasnoe-polusladkoe,data/catalogs/ver1plain-1628/photos/zolotaya-balka-igristoe-krasnoe-polusladkoe.webp,Золотая Балка игристое красное полусладкое
novyy-svet-dom-shampanskih-vin-igristoe-vino-vyderzhannoe-bryut-krasnoe-novyy-svet-kaberne-sovinon-135,data/catalogs/ver1plain-1628/photos/novyy-svet-dom-shampanskih-vin-igristoe-vino-vyderzhannoe-bryut-krasnoe-novyy-svet-kaberne-sovinon-135.webp,Игристое вино выдержанное брют красное «Новый Свет. Каберне Совиньон»
novyy-svet-dom-shampanskih-vin-igristoe-vino-vyderzhannoe-bryut-rozovoe-novyy-svet-pino-nuar-125,data/catalogs/ver1plain-1628/photos/novyy-svet-dom-shampanskih-vin-igristoe-vino-vyderzhannoe-bryut-rozovoe-novyy-svet-pino-nuar-125.webp,Игристое вино выдержанное брют розовое «Новый Свет. Пино Нуар»
novyy-svet-dom-shampanskih-vin-igristoe-vino-vyderzhannoe-bryut-rozovoe-novyy-svet-pino-fran-135,data/catalogs/ver1plain-1628/photos/novyy-svet-dom-shampanskih-vin-igristoe-vino-vyderzhannoe-bryut-rozovoe-novyy-svet-pino-fran-135.webp,Игристое вино выдержанное брют розовое «Новый Свет. Пино Фран»
novyy-svet-dom-shampanskih-vin-igristoe-vino-vyderzhannoe-polusladkoe-krasnoe-novyy-svet-kaberne-sovinon-12,data/catalogs/ver1plain-1628/photos/novyy-svet-dom-shampanskih-vin-igristoe-vino-vyderzhannoe-polusladkoe-krasnoe-novyy-svet-kaberne-sovinon-12.webp,Игристое вино выдержанное полусладкое красное «Новый Свет. Каберне Совиньон»
novyy-svet-dom-shampanskih-vin-igristoe-vino-vyderzhannoe-polusladkoe-rozovoe-novyy-svet-pino-fran-135,data/catalogs/ver1plain-1628/photos/novyy-svet-dom-shampanskih-vin-igristoe-vino-vyderzhannoe-polusladkoe-rozovoe-novyy-svet-pino-fran-135.webp,Игристое вино выдержанное полусладкое розовое «Новый Свет. Пино Фран»
igristoe-krasnoe-sladkoe-czimlyanskoe,data/catalogs/ver1plain-1628/photos/igristoe-krasnoe-sladkoe-czimlyanskoe.webp,Игристое красное сладкое Цимлянское
soyuz-vino-izola-del-sole-beloe-v-banke-shardone-suhoe-11,data/catalogs/ver1plain-1628/photos/soyuz-vino-izola-del-sole-beloe-v-banke-shardone-suhoe-11.webp,Изола дель Соле Белое в банке
soyuz-vino-izola-del-sole-roze-v-banke-krasnostop-rozovoe-suhoe-11,data/catalogs/ver1plain-1628/photos/soyuz-vino-izola-del-sole-roze-v-banke-krasnostop-rozovoe-suhoe-11.webp,Изола дель Соле Розе в банке
abrau-dyurso-imperatorskoe-bryut-shardone-beloe-12,data/catalogs/ver1plain-1628/photos/abrau-dyurso-imperatorskoe-bryut-shardone-beloe-12.webp,Императорское брют
abrau-dyurso-imperatorskoe-polusladkoe-shardone-beloe-12,data/catalogs/ver1plain-1628/photos/abrau-dyurso-imperatorskoe-polusladkoe-shardone-beloe-12.webp,Императорское полусладкое
abrau-dyurso-imperatorskoe-polusuhoe-shardone-beloe-12,data/catalogs/ver1plain-1628/photos/abrau-dyurso-imperatorskoe-polusuhoe-shardone-beloe-12.webp,Императорское полусухое
abrau-dyurso-imperial-brut-lart-nouveau-shardone-beloe-bryut-105,data/catalogs/ver1plain-1628/photos/abrau-dyurso-imperial-brut-lart-nouveau-shardone-beloe-bryut-105.webp,Империал Brut L'Art Nouveau
abrau-dyurso-imperial-brut-rose-pino-nuar-rozovoe-bryut-12,data/catalogs/ver1plain-1628/photos/abrau-dyurso-imperial-brut-rose-pino-nuar-rozovoe-bryut-12.webp,Империал Brut Rose
abrau-dyurso-imperial-kyuve-pino-nuar-rozovoe-bryut-125,data/catalogs/ver1plain-1628/photos/abrau-dyurso-imperial-kyuve-pino-nuar-rozovoe-bryut-125.webp,Империал Кюве
abrau-dyurso-imperial-brut-vintage-shardone-beloe-bryut-12,data/catalogs/ver1plain-1628/photos/abrau-dyurso-imperial-brut-vintage-shardone-beloe-bryut-12.webp,Империал. Brut Vintage
inkermanskiy-zmv-inkerman-bryut-rkatsiteli-beloe-12,data/catalogs/ver1plain-1628/photos/inkermanskiy-zmv-inkerman-bryut-rkatsiteli-beloe-12.webp,Инкерман Брют
inkermanskiy-zmv-inkerman-muskat-polusladkoe-beloe-13,data/catalogs/ver1plain-1628/photos/inkermanskiy-zmv-inkerman-muskat-polusladkoe-beloe-13.webp,Инкерман Мускат полусладкое
inkermanskiy-zmv-inkerman-pino-blan-zero-dozazh-beloe-ekstra-bryut-12,data/catalogs/ver1plain-1628/photos/inkermanskiy-zmv-inkerman-pino-blan-zero-dozazh-beloe-ekstra-bryut-12.webp,Инкерман Пино Блан Зеро Дозаж
inkermanskiy-zmv-inkerman-polusladkoe-rkatsiteli-beloe-13,data/catalogs/ver1plain-1628/photos/inkermanskiy-zmv-inkerman-polusladkoe-rkatsiteli-beloe-13.webp,Инкерман полусладкое
inkermanskiy-zmv-inkerman-roze-zero-dozazh-kokur-rozovoe-ekstra-bryut-12,data/catalogs/ver1plain-1628/photos/inkermanskiy-zmv-inkerman-roze-zero-dozazh-kokur-rozovoe-ekstra-bryut-12.webp,Инкерман Розе Зеро Дозаж
inkermanskiy-zmv-inkerman-rozovoe-polusladkoe-rkatsiteli-12,data/catalogs/ver1plain-1628/photos/inkermanskiy-zmv-inkerman-rozovoe-polusladkoe-rkatsiteli-12.webp,Инкерман Розовое полусладкое
semeynaya-vinodelnya-mihaila-kolesnikova-ispanets-kaberne-sovinon-krasnoe-suhoe-148,data/catalogs/ver1plain-1628/photos/semeynaya-vinodelnya-mihaila-kolesnikova-ispanets-kaberne-sovinon-krasnoe-suhoe-148.webp,Испанец
vinodelnya-berdyaeva-kaberne-kaberne-sovinon-krasnoe-suhoe-138,data/catalogs/ver1plain-1628/photos/vinodelnya-berdyaeva-kaberne-kaberne-sovinon-krasnoe-suhoe-138.webp,Каберне
kuban-vino-kaberne-de-tamane-kaberne-sovinon-krasnoe-suhoe-125,data/catalogs/ver1plain-1628/photos/kuban-vino-kaberne-de-tamane-kaberne-sovinon-krasnoe-suhoe-125.webp,Каберне де Тамань
vinodelnya-batrak-kaberne-kortis-krasnoe-suhoe-12,data/catalogs/ver1plain-1628/photos/vinodelnya-batrak-kaberne-kortis-krasnoe-suhoe-12.webp,Каберне Кортис
vinodelnya-myshako-kaberne-myshako-grand-rezerv-kaberne-sovinon-krasnoe-suhoe-125,data/catalogs/ver1plain-1628/photos/vinodelnya-myshako-kaberne-myshako-grand-rezerv-kaberne-sovinon-krasnoe-suhoe-125.webp,Каберне Мысхако Гранд Резерв
esse-kaberne-otbornoe-kaberne-sovinon-krasnoe-suhoe-12,data/catalogs/ver1plain-1628/photos/esse-kaberne-otbornoe-kaberne-sovinon-krasnoe-suhoe-12.webp,Каберне Отборное
loco-cimbali-kaberne-sovinon-krasnoe-suhoe-146,data/catalogs/ver1plain-1628/photos/loco-cimbali-kaberne-sovinon-krasnoe-suhoe-146.webp,Каберне Совиньон
villa-sofiya-kaberne-sovinon-krasnoe-suhoe-133,data/catalogs/ver1plain-1628/photos/villa-sofiya-kaberne-sovinon-krasnoe-suhoe-133.webp,Каберне Совиньон
esse-kaberne-sovinon-krasnoe-suhoe-14,data/catalogs/ver1plain-1628/photos/esse-kaberne-sovinon-krasnoe-suhoe-14.webp,Каберне Совиньон
abrau-dyurso-kaberne-sovinon-krasnoe-suhoe-125,data/catalogs/ver1plain-1628/photos/abrau-dyurso-kaberne-sovinon-krasnoe-suhoe-125.webp,Каберне Совиньон
mons-albus-kaberne-sovinon-krasnoe-suhoe-14,data/catalogs/ver1plain-1628/photos/mons-albus-kaberne-sovinon-krasnoe-suhoe-14.webp,Каберне Совиньон
vinodelnya-batrak-kaberne-sovinon-krasnoe-suhoe-14,data/catalogs/ver1plain-1628/photos/vinodelnya-batrak-kaberne-sovinon-krasnoe-suhoe-14.webp,Каберне Совиньон
vinodelnya-berdyaeva-kaberne-sovinon-krasnoe-suhoe-145,data/catalogs/ver1plain-1628/photos/vinodelnya-berdyaeva-kaberne-sovinon-krasnoe-suhoe-145.webp,Каберне Совиньон
golubitskoe-estate-kaberne-sovinon-krasnoe-suhoe-137,data/catalogs/ver1plain-1628/photos/golubitskoe-estate-kaberne-sovinon-krasnoe-suhoe-137.webp,Каберне Совиньон
vinodelnya-vedernikov-kaberne-sovinon-krasnoe-suhoe-14,data/catalogs/ver1plain-1628/photos/vinodelnya-vedernikov-kaberne-sovinon-krasnoe-suhoe-14.webp,Каберне Совиньон
chateau-andre-kaberne-sovinon-krasnoe-suhoe-13,data/catalogs/ver1plain-1628/photos/chateau-andre-kaberne-sovinon-krasnoe-suhoe-13.webp,Каберне Совиньон
vinodelnya-myshako-kaberne-sovinon-krasnoe-suhoe-138,data/catalogs/ver1plain-1628/photos/vinodelnya-myshako-kaberne-sovinon-krasnoe-suhoe-138.webp,Каберне Совиньон
shato-pino-kaberne-sovinon-krasnoe-suhoe-14,data/catalogs/ver1plain-1628/photos/shato-pino-kaberne-sovinon-krasnoe-suhoe-14.webp,Каберне Совиньон
vinodelnya-marchenko-kaberne-sovinon-krasnoe-suhoe-14,data/catalogs/ver1plain-1628/photos/vinodelnya-marchenko-kaberne-sovinon-krasnoe-suhoe-14.webp,Каберне Совиньон
belbek-kaberne-sovinon-krasnoe-suhoe-138,data/catalogs/ver1plain-1628/photos/belbek-kaberne-sovinon-krasnoe-suhoe-138.webp,Каберне Совиньон
vaynkraft-kaberne-sovinon-krasnoe-suhoe-14,data/catalogs/ver1plain-1628/photos/vaynkraft-kaberne-sovinon-krasnoe-suhoe-14.webp,Каберне Совиньон
vinodelnya-begildeeva-kaberne-sovinon-krasnoe-suhoe-14,data/catalogs/ver1plain-1628/photos/vinodelnya-begildeeva-kaberne-sovinon-krasnoe-suhoe-14.webp,Каберне Совиньон
bogovich-wine-vineyard-kaberne-sovinon-krasnoe-suhoe-125,data/catalogs/ver1plain-1628/photos/bogovich-wine-vineyard-kaberne-sovinon-krasnoe-suhoe-125.webp,Каберне Совиньон
vinodelnya-bratev-melnikovyh-kaberne-sovinon-kaberne-fran-dva-brata-krasnoe-suhoe-145,data/catalogs/ver1plain-1628/photos/vinodelnya-bratev-melnikovyh-kaberne-sovinon-kaberne-fran-dva-brata-krasnoe-suhoe-145.webp,Каберне Совиньон - Каберне Фран. Два Брата
shato-pino-kaberne-sovinon-merlo-krasnoe-suhoe-135,data/catalogs/ver1plain-1628/photos/shato-pino-kaberne-sovinon-merlo-krasnoe-suhoe-135.webp,Каберне Совиньон - Мерло
vinnyy-kooperativ-intuitsiya-kaberne-sovinon-merlo-saperavi-krasnoe-suhoe-128,data/catalogs/ver1plain-1628/photos/vinnyy-kooperativ-intuitsiya-kaberne-sovinon-merlo-saperavi-krasnoe-suhoe-128.webp,Каберне Совиньон - Мерло
domaine-lipko-kaberne-sovinon-merlo-pomeste-trenzina-krasnoe-suhoe-15,data/catalogs/ver1plain-1628/photos/domaine-lipko-kaberne-sovinon-merlo-pomeste-trenzina-krasnoe-suhoe-15.webp,Каберне Совиньон - Мерло. Поместье Трензина
vinodelnya-begildeeva-kaberne-sovinon-merlo-krasnoe-suhoe-14,data/catalogs/ver1plain-1628/photos/vinodelnya-begildeeva-kaberne-sovinon-merlo-krasnoe-suhoe-14.webp,Каберне Совиньон – Мерло
vinodelnya-myshako-kaberne-sovinon-merlo-kyuve-krasnoe-suhoe-142,data/catalogs/ver1plain-1628/photos/vinodelnya-myshako-kaberne-sovinon-merlo-kyuve-krasnoe-suhoe-142.webp,Каберне Совиньон – Мерло. Кюве
usadba-perovskih-kaberne-sovinon-merlo-1890-krasnoe-suhoe-13,data/catalogs/ver1plain-1628/photos/usadba-perovskih-kaberne-sovinon-merlo-1890-krasnoe-suhoe-13.webp,Каберне Совиньон & Мерло 1890
golubitskoe-estate-kaberne-sovinon-noble-selection-krasnoe-suhoe-133,data/catalogs/ver1plain-1628/photos/golubitskoe-estate-kaberne-sovinon-noble-selection-krasnoe-suhoe-133.webp,Каберне Совиньон Noble Selection
villa-urkusta-kaberne-sovinon-blan-de-nuar-beloe-suhoe-13,data/catalogs/ver1plain-1628/photos/villa-urkusta-kaberne-sovinon-blan-de-nuar-beloe-suhoe-13.webp,Каберне совиньон Блан де Нуар
artvin-kaberne-sovinon-grand-rezerv-krasnoe-suhoe-13,data/catalogs/ver1plain-1628/photos/artvin-kaberne-sovinon-grand-rezerv-krasnoe-suhoe-13.webp,Каберне Совиньон Гранд Резерв
villa-urkusta-kaberne-sovinon-klaret-rozovoe-polusuhoe-15,data/catalogs/ver1plain-1628/photos/villa-urkusta-kaberne-sovinon-klaret-rozovoe-polusuhoe-15.webp,Каберне совиньон Кларет
golubitskoe-estate-kaberne-sovinon-rezerv-krasnoe-suhoe-125,data/catalogs/ver1plain-1628/photos/golubitskoe-estate-kaberne-sovinon-rezerv-krasnoe-suhoe-125.webp,Каберне Совиньон Резерв
alma-valley-kaberne-sovinon-rezerv-krasnoe-suhoe-15,data/catalogs/ver1plain-1628/photos/alma-valley-kaberne-sovinon-rezerv-krasnoe-suhoe-15.webp,Каберне Совиньон Резерв
chateau-de-talu-kaberne-sovinon-rezerv-krasnoe-suhoe-14,data/catalogs/ver1plain-1628/photos/chateau-de-talu-kaberne-sovinon-rezerv-krasnoe-suhoe-14.webp,Каберне Совиньон Резерв
usadba-markoth-kaberne-sovinon-rezerv-krasnoe-suhoe-13,data/catalogs/ver1plain-1628/photos/usadba-markoth-kaberne-sovinon-rezerv-krasnoe-suhoe-13.webp,Каберне Совиньон Резерв
pomeste-golubitskoe-kaberne-sovinon-rezerv-krasnoe-suhoe-143,data/catalogs/ver1plain-1628/photos/pomeste-golubitskoe-kaberne-sovinon-rezerv-krasnoe-suhoe-143.webp,Каберне Совиньон Резерв
villa-urkusta-kaberne-sovinon-rezerva-krasnoe-suhoe-15,data/catalogs/ver1plain-1628/photos/villa-urkusta-kaberne-sovinon-rezerva-krasnoe-suhoe-15.webp,Каберне совиньон Резерва
villa-urkusta-kaberne-sovinon-roze-de-sene-rozovoe-suhoe-13,data/catalogs/ver1plain-1628/photos/villa-urkusta-kaberne-sovinon-roze-de-sene-rozovoe-suhoe-13.webp,Каберне совиньон Розе де Сенье
jd_winery_kaberne_souvignon,data/catalogs/ver1plain-1628/photos/jd_winery_kaberne_souvignon.webp,Каберне Совиньон тихое
villa-di-alma-kaberne-sovinon-ekstra-bryut-rozovoe-125,data/catalogs/ver1plain-1628/photos/villa-di-alma-kaberne-sovinon-ekstra-bryut-rozovoe-125.webp,Каберне Совиньон экстра брют
vinodelnya-myshako-kaberne-sovinon-black-out-krasnoe-polusuhoe-16,data/catalogs/ver1plain-1628/photos/vinodelnya-myshako-kaberne-sovinon-black-out-krasnoe-polusuhoe-16.webp,Каберне Совиньон. Black Out
imenie-sikory-kaberne-sovinon-semeynyy-rezerv-krasnoe-suhoe-14,data/catalogs/ver1plain-1628/photos/imenie-sikory-kaberne-sovinon-semeynyy-rezerv-krasnoe-suhoe-14.webp,Каберне Совиньон. Семейный Резерв
vinodelnya-berdyaeva-kaberne-fran-krasnoe-suhoe-115,data/catalogs/ver1plain-1628/photos/vinodelnya-berdyaeva-kaberne-fran-krasnoe-suhoe-115.webp,Каберне Фран
bakla-vines-kaberne-fran-krasnoe-suhoe-143,data/catalogs/ver1plain-1628/photos/bakla-vines-kaberne-fran-krasnoe-suhoe-143.webp,Каберне Фран
belbek-kaberne-fran-krasnoe-suhoe-134,data/catalogs/ver1plain-1628/photos/belbek-kaberne-fran-krasnoe-suhoe-134.webp,Каберне Фран
bogovich-wine-vineyard-kaberne-fran-krasnoe-suhoe-135,data/catalogs/ver1plain-1628/photos/bogovich-wine-vineyard-kaberne-fran-krasnoe-suhoe-135.webp,Каберне Фран
sober-bash-kaberne-fran-krasnoe-suhoe-127,data/catalogs/ver1plain-1628/photos/sober-bash-kaberne-fran-krasnoe-suhoe-127.webp,Каберне Фран
kaberne-fran,data/catalogs/ver1plain-1628/photos/kaberne-fran.webp,Каберне Фран
sober-bash-kaberne-fran-rozovoe-suhoe-12,data/catalogs/ver1plain-1628/photos/sober-bash-kaberne-fran-rozovoe-suhoe-12.webp,Каберне Фран
radiowine-kaberne-fran-krasnoe-suhoe-14,data/catalogs/ver1plain-1628/photos/radiowine-kaberne-fran-krasnoe-suhoe-14.webp,Каберне Фран
dva-serdtsa-kaberne-fran-krasnoe-suhoe-14,data/catalogs/ver1plain-1628/photos/dva-serdtsa-kaberne-fran-krasnoe-suhoe-14.webp,Каберне Фран
donskoe-vinodelcheskoe-hozyaystvo-elbuzd-kaberne-fran-krasnoe-suhoe-13,data/catalogs/ver1plain-1628/photos/donskoe-vinodelcheskoe-hozyaystvo-elbuzd-kaberne-fran-krasnoe-suhoe-13.webp,Каберне Фран
viktor-stashko-kaberne-fran-krasnoe-suhoe-145,data/catalogs/ver1plain-1628/photos/viktor-stashko-kaberne-fran-krasnoe-suhoe-145.webp,Каберне Фран
esse-kaberne-fran-krasnoe-suhoe-13,data/catalogs/ver1plain-1628/photos/esse-kaberne-fran-krasnoe-suhoe-13.webp,Каберне Фран
alma-valley-kaberne-fran-krasnoe-suhoe-145,data/catalogs/ver1plain-1628/photos/alma-valley-kaberne-fran-krasnoe-suhoe-145.webp,Каберне Фран
vinodelnya-myshako-kaberne-fran-krasnoe-suhoe-142,data/catalogs/ver1plain-1628/photos/vinodelnya-myshako-kaberne-fran-krasnoe-suhoe-142.webp,Каберне Фран
ferrum-winery-kaberne-fran-krasnoe-suhoe-12,data/catalogs/ver1plain-1628/photos/ferrum-winery-kaberne-fran-krasnoe-suhoe-12.webp,Каберне Фран
sober-bash-kaberne-fran-krasnoe-suhoe-13,data/catalogs/ver1plain-1628/photos/sober-bash-kaberne-fran-krasnoe-suhoe-13.webp,Каберне Фран
chateau-andre-kaberne-fran-krasnoe-suhoe-14,data/catalogs/ver1plain-1628/photos/chateau-andre-kaberne-fran-krasnoe-suhoe-14.webp,Каберне Фран
shato-pino-kaberne-fran-kaberne-sovinon-krasnoe-suhoe-135,data/catalogs/ver1plain-1628/photos/shato-pino-kaberne-fran-kaberne-sovinon-krasnoe-suhoe-135.webp,Каберне Фран - Каберне Совиньон
semeynaya-vinodelnya-mihaila-kolesnikova-kaberne-fran-merlo-krasnostop-krasnoe-suhoe-148,data/catalogs/ver1plain-1628/photos/semeynaya-vinodelnya-mihaila-kolesnikova-kaberne-fran-merlo-krasnostop-krasnoe-suhoe-148.webp,Каберне Фран - Мерло - Красностоп
usadba-perovskih-kaberne-fran-1890-krasnoe-suhoe-13,data/catalogs/ver1plain-1628/photos/usadba-perovskih-kaberne-fran-1890-krasnoe-suhoe-13.webp,Каберне Фран 1890
gunko-winery-kaberne-fran-gunko-winery-krasnoe-suhoe-135,data/catalogs/ver1plain-1628/photos/gunko-winery-kaberne-fran-gunko-winery-krasnoe-suhoe-135.webp,Каберне Фран Gunko Winery
vinodelnya-myshako-kaberne-fran-avtorskaya-tehnologiya-krasnoe-suhoe-142,data/catalogs/ver1plain-1628/photos/vinodelnya-myshako-kaberne-fran-avtorskaya-tehnologiya-krasnoe-suhoe-142.webp,Каберне Фран авторская технология
alma-valley-kaberne-fran-rezerv-krasnoe-suhoe-15,data/catalogs/ver1plain-1628/photos/alma-valley-kaberne-fran-rezerv-krasnoe-suhoe-15.webp,Каберне Фран Резерв
chateau-de-talu-kaberne-fran-rezerv-krasnoe-suhoe-13,data/catalogs/ver1plain-1628/photos/chateau-de-talu-kaberne-fran-rezerv-krasnoe-suhoe-13.webp,Каберне Фран Резерв
imenie-sikory-kaberne-fran-roze-rozovoe-suhoe-13,data/catalogs/ver1plain-1628/photos/imenie-sikory-kaberne-fran-roze-rozovoe-suhoe-13.webp,Каберне Фран розе
imenie-sikory-kaberne-fran-sikory-rozovoe-suhoe-13,data/catalogs/ver1plain-1628/photos/imenie-sikory-kaberne-fran-sikory-rozovoe-suhoe-13.webp,Каберне Фран Сикоры
valeriy-zaharin-kaberne-fran-burlyuk-krasnoe-suhoe-13,data/catalogs/ver1plain-1628/photos/valeriy-zaharin-kaberne-fran-burlyuk-krasnoe-suhoe-13.webp,Каберне Фран. Бурлюк
derbent-vino-kavkazian-merlo-krasnoe-polusladkoe-105-125,data/catalogs/ver1plain-1628/photos/derbent-vino-kavkazian-merlo-krasnoe-polusladkoe-105-125.webp,Кавказиан
derbent-vino-kavkazian-dzharauli-moldova-krasnoe-polusladkoe-11,data/catalogs/ver1plain-1628/photos/derbent-vino-kavkazian-dzharauli-moldova-krasnoe-polusladkoe-11.webp,Кавказиан Джараули
derbent-vino-kavkazian-rkatsiteli-beloe-suhoe-12,data/catalogs/ver1plain-1628/photos/derbent-vino-kavkazian-rkatsiteli-beloe-suhoe-12.webp,Кавказиан Ркацители
derbent-vino-kavkazian-saperavi-krasnoe-suhoe-105-125,data/catalogs/ver1plain-1628/photos/derbent-vino-kavkazian-saperavi-krasnoe-suhoe-105-125.webp,Кавказиан Саперави
zmv-koktebel-kagor-vysshego-kachestva-kaberne-sovinon-krasnoe-sladkoe-16,data/catalogs/ver1plain-1628/photos/zmv-koktebel-kagor-vysshego-kachestva-kaberne-sovinon-krasnoe-sladkoe-16.webp,Кагор Высшего Качества
massandra-kagor-gurzuf-saperavi-krasnoe-sladkoe-16,data/catalogs/ver1plain-1628/photos/massandra-kagor-gurzuf-saperavi-krasnoe-sladkoe-16.webp,Кагор Гурзуф
massandra-kagor-yuzhnoberezhnyy-saperavi-krasnoe-sladkoe-16,data/catalogs/ver1plain-1628/photos/massandra-kagor-yuzhnoberezhnyy-saperavi-krasnoe-sladkoe-16.webp,Кагор Южнобережный
dacha-serdyuka-kazache-krasnostop-zolotovskiy-krasnoe-suhoe-135,data/catalogs/ver1plain-1628/photos/dacha-serdyuka-kazache-krasnostop-zolotovskiy-krasnoe-suhoe-135.webp,Казачье
le-k2-kamenolomnya-sira-krasnoe-suhoe-145,data/catalogs/ver1plain-1628/photos/le-k2-kamenolomnya-sira-krasnoe-suhoe-145.webp,Каменоломня
bakla-vines-kangun-beloe-suhoe-12,data/catalogs/ver1plain-1628/photos/bakla-vines-kangun-beloe-suhoe-12.webp,Кангун
bakla-vines-kangun-ps-beloe-suhoe-128,data/catalogs/ver1plain-1628/photos/bakla-vines-kangun-ps-beloe-suhoe-128.webp,Кангун P.S.
bakla-vines-kangun-oranzh-beloe-suhoe-119,data/catalogs/ver1plain-1628/photos/bakla-vines-kangun-oranzh-beloe-suhoe-119.webp,Кангун Оранж
soyuz-vino-kanonicheskie-traditsii-krasnoe-polusladkoe-kaberne-sovinon-115,data/catalogs/ver1plain-1628/photos/soyuz-vino-kanonicheskie-traditsii-krasnoe-polusladkoe-kaberne-sovinon-115.webp,Канонические Традиции Красное Полусладкое
soyuz-vino-kanonicheskie-traditsii-krasnoe-sladkoe-kaberne-sovinon-115,data/catalogs/ver1plain-1628/photos/soyuz-vino-kanonicheskie-traditsii-krasnoe-sladkoe-kaberne-sovinon-115.webp,Канонические Традиции Красное Сладкое
shato-ay-danil-kapriz-muskat-belyy-beloe-suhoe-135,data/catalogs/ver1plain-1628/photos/shato-ay-danil-kapriz-muskat-belyy-beloe-suhoe-135.webp,Каприз
vinodelnya-zhakov-karbon-saperavi-krasnoe-suhoe-126,data/catalogs/ver1plain-1628/photos/vinodelnya-zhakov-karbon-saperavi-krasnoe-suhoe-126.webp,Карбон
soyuz-vino-kartuli-supris-saperavi-krasnoe-polusladkoe-11,data/catalogs/ver1plain-1628/photos/soyuz-vino-kartuli-supris-saperavi-krasnoe-polusladkoe-11.webp,Картули Суприс Саперави
soyuz-vino-kartuli-supris-saperavi-suhoe-krasnoe-11,data/catalogs/ver1plain-1628/photos/soyuz-vino-kartuli-supris-saperavi-suhoe-krasnoe-11.webp,Картули Суприс Саперави Сухое
soyuz-vino-kartuli-supris-shereuli-saperavi-krasnoe-polusladkoe-11,data/catalogs/ver1plain-1628/photos/soyuz-vino-kartuli-supris-shereuli-saperavi-krasnoe-polusladkoe-11.webp,Картули Суприс Шереули
valeriy-zaharin-kefesiya-valeriy-zaharin-krasnoe-suhoe-12,data/catalogs/ver1plain-1628/photos/valeriy-zaharin-kefesiya-valeriy-zaharin-krasnoe-suhoe-12.webp,Кефесия. Валерий Захарьин
vinodelnya-konstantina-dzitoeva-kion-kaberne-sovinon-krasnoe-suhoe-145,data/catalogs/ver1plain-1628/photos/vinodelnya-konstantina-dzitoeva-kion-kaberne-sovinon-krasnoe-suhoe-145.webp,Кион
vinodelnya-batrak-klaret-podarok-magaracha-rozovoe-suhoe-12,data/catalogs/ver1plain-1628/photos/vinodelnya-batrak-klaret-podarok-magaracha-rozovoe-suhoe-12.webp,Кларет
bogovich-wine-vineyard-klaret-pino-nuar-krasnoe-suhoe-119,data/catalogs/ver1plain-1628/photos/bogovich-wine-vineyard-klaret-pino-nuar-krasnoe-suhoe-119.webp,Кларет
bogovich-wine-vineyard-klassika-pino-nuar-krasnoe-suhoe-125,data/catalogs/ver1plain-1628/photos/bogovich-wine-vineyard-klassika-pino-nuar-krasnoe-suhoe-125.webp,Классика. Пино Нуар
chateau-de-talu-klere-sira-rozovoe-suhoe-136,data/catalogs/ver1plain-1628/photos/chateau-de-talu-klere-sira-rozovoe-suhoe-136.webp,Клере
yaiyla-winery-kokur-kokur-belyy-beloe-suhoe-13,data/catalogs/ver1plain-1628/photos/yaiyla-winery-kokur-kokur-belyy-beloe-suhoe-13.webp,Кокур
winepark-kokur-kokur-belyy-beloe-suhoe-13,data/catalogs/ver1plain-1628/photos/winepark-kokur-kokur-belyy-beloe-suhoe-13.webp,Кокур
dva-serdtsa-kokur-beloe-suhoe-125,data/catalogs/ver1plain-1628/photos/dva-serdtsa-kokur-beloe-suhoe-125.webp,Кокур
belbek-kokur-kokur-belyy-beloe-suhoe-13,data/catalogs/ver1plain-1628/photos/belbek-kokur-kokur-belyy-beloe-suhoe-13.webp,Кокур
uppa-winery-kokur-kokur-belyy-beloe-suhoe-12,data/catalogs/ver1plain-1628/photos/uppa-winery-kokur-kokur-belyy-beloe-suhoe-12.webp,Кокур
alma-valley-kokur-beloe-suhoe-14,data/catalogs/ver1plain-1628/photos/alma-valley-kokur-beloe-suhoe-14.webp,Кокур
vinnyy-fort-adagum-kokur-belyy-beloe-suhoe-12,data/catalogs/ver1plain-1628/photos/vinnyy-fort-adagum-kokur-belyy-beloe-suhoe-12.webp,Кокур белый
inkermanskiy-zmv-kokur-belyy-ekstra-bryut-beloe-135,data/catalogs/ver1plain-1628/photos/inkermanskiy-zmv-kokur-belyy-ekstra-bryut-beloe-135.webp,Кокур Белый экстра брют
zmv-koktebel-kokur-bryut-beloe-11,data/catalogs/ver1plain-1628/photos/zmv-koktebel-kokur-bryut-beloe-11.webp,Кокур брют
massandra-kokur-desertnyy-surozh-beloe-sladkoe-16,data/catalogs/ver1plain-1628/photos/massandra-kokur-desertnyy-surozh-beloe-sladkoe-16.webp,Кокур десертный Сурож
valeriy-zaharin-kokur-klassika-kokur-belyy-beloe-bryut-115,data/catalogs/ver1plain-1628/photos/valeriy-zaharin-kokur-klassika-kokur-belyy-beloe-bryut-115.webp,Кокур Классика
valeriy-zaharin-kokur-valeriy-zaharin-kokur-belyy-beloe-polusladkoe-125,data/catalogs/ver1plain-1628/photos/valeriy-zaharin-kokur-valeriy-zaharin-kokur-belyy-beloe-polusladkoe-125.webp,Кокур. Валерий Захарьин
vinodelnya-zhakov-kokurkod-beloe-suhoe-118,data/catalogs/ver1plain-1628/photos/vinodelnya-zhakov-kokurkod-beloe-suhoe-118.webp,Кокуркод
shato-pino-koldun-belyy-shardone-beloe-suhoe-12,data/catalogs/ver1plain-1628/photos/shato-pino-koldun-belyy-shardone-beloe-suhoe-12.webp,Колдун Белый
shato-pino-koldun-krasnyy-merlo-krasnoe-suhoe-14,data/catalogs/ver1plain-1628/photos/shato-pino-koldun-krasnyy-merlo-krasnoe-suhoe-14.webp,Колдун Красный
shato-pino-koldun-rezerv-kaberne-sovinon-krasnoe-suhoe-14,data/catalogs/ver1plain-1628/photos/shato-pino-koldun-rezerv-kaberne-sovinon-krasnoe-suhoe-14.webp,Колдун Резерв
vinodelnya-krinitsa-kollin-sira-krasnoe-suhoe-13,data/catalogs/ver1plain-1628/photos/vinodelnya-krinitsa-kollin-sira-krasnoe-suhoe-13.webp,Коллин
alma-valley-kolombar-beloe-polusuhoe-135,data/catalogs/ver1plain-1628/photos/alma-valley-kolombar-beloe-polusuhoe-135.webp,Коломбар
soyuz-vino-konfessa-pino-gridzhio-beloe-polusladkoe-11,data/catalogs/ver1plain-1628/photos/soyuz-vino-konfessa-pino-gridzhio-beloe-polusladkoe-11.webp,Конфесса Пино Гриджио
soyuz-vino-konfessa-sandzhoveze-krasnoe-suhoe-11,data/catalogs/ver1plain-1628/photos/soyuz-vino-konfessa-sandzhoveze-krasnoe-suhoe-11.webp,Конфесса Санджовезе
soyuz-vino-konfessa-sandzhoveze-polusladkoe-krasnoe-11,data/catalogs/ver1plain-1628/photos/soyuz-vino-konfessa-sandzhoveze-polusladkoe-krasnoe-11.webp,Конфесса Санджовезе Полусладкое
sober-bash-korvina-krasnostop-zolotovskiy-krasnoe-suhoe-14,data/catalogs/ver1plain-1628/photos/sober-bash-korvina-krasnostop-zolotovskiy-krasnoe-suhoe-14.webp,Корвина
vinodelnya-uzunov-krasa-kaberne-sovinon-krasnoe-suhoe-125,data/catalogs/ver1plain-1628/photos/vinodelnya-uzunov-krasa-kaberne-sovinon-krasnoe-suhoe-125.webp,Краса
sober-bash-krasnostop-krasnostop-zolotovskiy-krasnoe-suhoe-14,data/catalogs/ver1plain-1628/photos/sober-bash-krasnostop-krasnostop-zolotovskiy-krasnoe-suhoe-14.webp,Красностоп
nesterov-winery-krasnostop-rubin-klere-krasnostop-zolotovskiy-rozovoe-suhoe-11,data/catalogs/ver1plain-1628/photos/nesterov-winery-krasnostop-rubin-klere-krasnostop-zolotovskiy-rozovoe-suhoe-11.webp,Красностоп - Рубин клэрэ
sober-bash-krasnostop-amfora-krasnostop-zolotovskiy-krasnoe-suhoe-13,data/catalogs/ver1plain-1628/photos/sober-bash-krasnostop-amfora-krasnostop-zolotovskiy-krasnoe-suhoe-13.webp,Красностоп Амфора
kuban-vino-krasnostop-de-tamane-krasnostop-anapskiy-krasnoe-suhoe-13,data/catalogs/ver1plain-1628/photos/kuban-vino-krasnostop-de-tamane-krasnostop-anapskiy-krasnoe-suhoe-13.webp,Красностоп де Тамань
vinodelnya-vedernikov-krasnostop-zolotovskiy-krasnoe-suhoe-13,data/catalogs/ver1plain-1628/photos/vinodelnya-vedernikov-krasnostop-zolotovskiy-krasnoe-suhoe-13.webp,Красностоп Золотовский
vinodelnya-molchanova-krasnostop-zolotovskiy-krasnoe-suhoe-13,data/catalogs/ver1plain-1628/photos/vinodelnya-molchanova-krasnostop-zolotovskiy-krasnoe-suhoe-13.webp,Красностоп Золотовский
vinodelnya-marchenko-krasnostop-zolotovskiy-krasnoe-suhoe-14,data/catalogs/ver1plain-1628/photos/vinodelnya-marchenko-krasnostop-zolotovskiy-krasnoe-suhoe-14.webp,Красностоп Золотовский
vinodelnya-molchanova-krasnostop-zolotovskiy-krasnoe-suhoe-135,data/catalogs/ver1plain-1628/photos/vinodelnya-molchanova-krasnostop-zolotovskiy-krasnoe-suhoe-135.webp,Красностоп Золотовский
nesterov-winery-krasnostop-zolotovskiy-krasnoe-suhoe-12,data/catalogs/ver1plain-1628/photos/nesterov-winery-krasnostop-zolotovskiy-krasnoe-suhoe-12.webp,Красностоп Золотовский
vinodelnya-vedernikov-krasnostop-zolotovskiy-rezerv-krasnoe-suhoe-15,data/catalogs/ver1plain-1628/photos/vinodelnya-vedernikov-krasnostop-zolotovskiy-rezerv-krasnoe-suhoe-15.webp,Красностоп Золотовский Резерв
vinodelnya-vedernikov-krasnostop-zolotovskiy-roze-rozovoe-suhoe-12,data/catalogs/ver1plain-1628/photos/vinodelnya-vedernikov-krasnostop-zolotovskiy-roze-rozovoe-suhoe-12.webp,Красностоп Золотовский розе
imenie-sikory-krasnostop-zolotovskiy-na-terrasah-rozovoe-suhoe-13,data/catalogs/ver1plain-1628/photos/imenie-sikory-krasnostop-zolotovskiy-na-terrasah-rozovoe-suhoe-13.webp,Красностоп Золотовский. На террасах
imenie-sikory-krasnostop-zolotovskiy-na-terrasah-krasnoe-suhoe-14,data/catalogs/ver1plain-1628/photos/imenie-sikory-krasnostop-zolotovskiy-na-terrasah-krasnoe-suhoe-14.webp,Красностоп Золотовский. На террасах
imenie-sikory-krasnostop-zolotovskiy-pozdniy-sbor-rozovoe-sladkoe-13,data/catalogs/ver1plain-1628/photos/imenie-sikory-krasnostop-zolotovskiy-pozdniy-sbor-rozovoe-sladkoe-13.webp,Красностоп Золотовский. Поздний сбор
chateau-de-talu-krasnostop-rezerv-krasnostop-anapskiy-krasnoe-suhoe-137,data/catalogs/ver1plain-1628/photos/chateau-de-talu-krasnostop-rezerv-krasnostop-anapskiy-krasnoe-suhoe-137.webp,Красностоп Резерв
domaine-de-la-vivandiere-krasnostop-roze-rozovoe-suhoe-134,data/catalogs/ver1plain-1628/photos/domaine-de-la-vivandiere-krasnostop-roze-rozovoe-suhoe-134.webp,Красностоп розе
gunko-winery-krasnye-gliny-kaberne-fran-krasnoe-suhoe-14,data/catalogs/ver1plain-1628/photos/gunko-winery-krasnye-gliny-kaberne-fran-krasnoe-suhoe-14.webp,Красные Глины
cloudy-winery-krash-cabernet-sauvignon-kaberne-sovinon-krasnoe-suhoe-14,data/catalogs/ver1plain-1628/photos/cloudy-winery-krash-cabernet-sauvignon-kaberne-sovinon-krasnoe-suhoe-14.webp,Краш. Cabernet Sauvignon
cloudy-winery-krash-super-bryut-shardone-beloe-ekstra-bryut-85,data/catalogs/ver1plain-1628/photos/cloudy-winery-krash-super-bryut-shardone-beloe-ekstra-bryut-85.webp,Краш. Супер Брют
tsimlyanskie-vina-krepost-sarkel-krasnostop-zolotovskiy-krasnoe-suhoe-145,data/catalogs/ver1plain-1628/photos/tsimlyanskie-vina-krepost-sarkel-krasnostop-zolotovskiy-krasnoe-suhoe-145.webp,Крепость Саркел. Красностоп Золотовский
soyuz-vino-kubanskoe-traditsionnoe-beloe-polusladkoe-belye-sorta-vinograda-11,data/catalogs/ver1plain-1628/photos/soyuz-vino-kubanskoe-traditsionnoe-beloe-polusladkoe-belye-sorta-vinograda-11.webp,Кубанское Традиционное Белое Полусладкое
soyuz-vino-kubanskoe-traditsionnoe-beloe-polusladkoe-07-belye-sorta-vinograda-11,data/catalogs/ver1plain-1628/photos/soyuz-vino-kubanskoe-traditsionnoe-beloe-polusladkoe-07-belye-sorta-vinograda-11.webp,Кубанское Традиционное Белое Полусладкое 0.7
soyuz-vino-kubanskoe-traditsionnoe-beloe-suhoe-belye-sorta-vinograda-11,data/catalogs/ver1plain-1628/photos/soyuz-vino-kubanskoe-traditsionnoe-beloe-suhoe-belye-sorta-vinograda-11.webp,Кубанское Традиционное Белое Сухое
soyuz-vino-kubanskoe-traditsionnoe-beloe-suhoe-07-belye-sorta-vinograda-11,data/catalogs/ver1plain-1628/photos/soyuz-vino-kubanskoe-traditsionnoe-beloe-suhoe-07-belye-sorta-vinograda-11.webp,Кубанское Традиционное Белое Сухое 0.7
soyuz-vino-kubanskoe-traditsionnoe-krasnoe-polusladkoe-krasnye-sorta-vinograda-11,data/catalogs/ver1plain-1628/photos/soyuz-vino-kubanskoe-traditsionnoe-krasnoe-polusladkoe-krasnye-sorta-vinograda-11.webp,Кубанское Традиционное Красное Полусладкое
soyuz-vino-kubanskoe-traditsionnoe-krasnoe-polusladkoe-07-krasnye-sorta-vinograda-11,data/catalogs/ver1plain-1628/photos/soyuz-vino-kubanskoe-traditsionnoe-krasnoe-polusladkoe-07-krasnye-sorta-vinograda-11.webp,Кубанское Традиционное Красное Полусладкое 0.7
soyuz-vino-kubanskoe-traditsionnoe-krasnoe-suhoe-krasnye-sorta-vinograda-11,data/catalogs/ver1plain-1628/photos/soyuz-vino-kubanskoe-traditsionnoe-krasnoe-suhoe-krasnye-sorta-vinograda-11.webp,Кубанское Традиционное Красное Сухое
soyuz-vino-kubanskoe-traditsionnoe-krasnoe-suhoe-07-krasnye-sorta-vinograda-11,data/catalogs/ver1plain-1628/photos/soyuz-vino-kubanskoe-traditsionnoe-krasnoe-suhoe-07-krasnye-sorta-vinograda-11.webp,Кубанское Традиционное Красное Сухое 0.7
sober-bash-kumshatskiy-kumshatskiy-belyy-beloe-suhoe-11,data/catalogs/ver1plain-1628/photos/sober-bash-kumshatskiy-kumshatskiy-belyy-beloe-suhoe-11.webp,Кумшацкий
chateau-de-talu-kupazh-132-kaberne-sovinon-krasnoe-suhoe-146,data/catalogs/ver1plain-1628/photos/chateau-de-talu-kupazh-132-kaberne-sovinon-krasnoe-suhoe-146.webp,Купаж 132
loco-cimbali-kuprin-bastardo-magarachskiy-krasnoe-suhoe-138,data/catalogs/ver1plain-1628/photos/loco-cimbali-kuprin-bastardo-magarachskiy-krasnoe-suhoe-138.webp,Куприн
winepark-kuchuk-isar-kaberne-sovinon-krasnoe-suhoe-135,data/catalogs/ver1plain-1628/photos/winepark-kuchuk-isar-kaberne-sovinon-krasnoe-suhoe-135.webp,Кучук-Исар
cock-test-belle-kyuve-1-blanc-de-blancs-shardone-beloe-ekstra-bryut-12,data/catalogs/ver1plain-1628/photos/cock-test-belle-kyuve-1-blanc-de-blancs-shardone-beloe-ekstra-bryut-12.webp,Кюве №1. Blanc de Blancs
cock-test-belle-kyuve-2-blan-de-nuar-pino-mene-beloe-ekstra-bryut-12,data/catalogs/ver1plain-1628/photos/cock-test-belle-kyuve-2-blan-de-nuar-pino-mene-beloe-ekstra-bryut-12.webp,Кюве №2 Блан Де Нуар
cock-test-belle-kyuve-5-roze-shardone-rozovoe-ekstra-bryut-12,data/catalogs/ver1plain-1628/photos/cock-test-belle-kyuve-5-roze-shardone-rozovoe-ekstra-bryut-12.webp,Кюве №5. Розе
usadba-markoth-kyuve-blan-shardone-beloe-suhoe-12,data/catalogs/ver1plain-1628/photos/usadba-markoth-kyuve-blan-shardone-beloe-suhoe-12.webp,Кюве Блан
chateau-le-grand-vostock-kyuve-karsov-rezerv-shardone-beloe-suhoe-14,data/catalogs/ver1plain-1628/photos/chateau-le-grand-vostock-kyuve-karsov-rezerv-shardone-beloe-suhoe-14.webp,Кюве Карсов Резерв
soyuz-vino-lavetti-beloe-polusladkoe-belye-sorta-vinograda-11,data/catalogs/ver1plain-1628/photos/soyuz-vino-lavetti-beloe-polusladkoe-belye-sorta-vinograda-11.webp,Лаветти Белое Полусладкое
soyuz-vino-lavetti-beloe-suhoe-belye-sorta-vinograda-11,data/catalogs/ver1plain-1628/photos/soyuz-vino-lavetti-beloe-suhoe-belye-sorta-vinograda-11.webp,Лаветти Белое Сухое
soyuz-vino-lavetti-krasnoe-polusladkoe-krasnye-sorta-vinograda-11,data/catalogs/ver1plain-1628/photos/soyuz-vino-lavetti-krasnoe-polusladkoe-krasnye-sorta-vinograda-11.webp,Лаветти Красное Полусладкое
soyuz-vino-lavetti-krasnoe-suhoe-krasnye-sorta-vinograda-11,data/catalogs/ver1plain-1628/photos/soyuz-vino-lavetti-krasnoe-suhoe-krasnye-sorta-vinograda-11.webp,Лаветти Красное Сухое
soyuz-vino-lavetti-rozovoe-polusladkoe-krasnye-sorta-vinograda-11,data/catalogs/ver1plain-1628/photos/soyuz-vino-lavetti-rozovoe-polusladkoe-krasnye-sorta-vinograda-11.webp,Лаветти Розовое Полусладкое
soyuz-vino-lak-dazyur-blan-moellyo-belye-sorta-vinograda-beloe-polusladkoe-11,data/catalogs/ver1plain-1628/photos/soyuz-vino-lak-dazyur-blan-moellyo-belye-sorta-vinograda-beloe-polusladkoe-11.webp,Лак д'Азюр Блан Моэллё
soyuz-vino-lak-dazyur-blan-sek-belye-sorta-vinograda-beloe-suhoe-11,data/catalogs/ver1plain-1628/photos/soyuz-vino-lak-dazyur-blan-sek-belye-sorta-vinograda-beloe-suhoe-11.webp,Лак д'Азюр Блан Сек
soyuz-vino-lak-dazyur-ruzh-moellyo-belye-sorta-vinograda-krasnoe-polusladkoe-11,data/catalogs/ver1plain-1628/photos/soyuz-vino-lak-dazyur-ruzh-moellyo-belye-sorta-vinograda-krasnoe-polusladkoe-11.webp,Лак д'Азюр Руж Моэллё
soyuz-vino-lak-dazyur-ruzh-sek-krasnye-sorta-vinograda-krasnoe-suhoe-11,data/catalogs/ver1plain-1628/photos/soyuz-vino-lak-dazyur-ruzh-sek-krasnye-sorta-vinograda-krasnoe-suhoe-11.webp,Лак д'Азюр Руж Сек
massandra-lakrima-kristi-aleatiko-krasnoe-sladkoe-16,data/catalogs/ver1plain-1628/photos/massandra-lakrima-kristi-aleatiko-krasnoe-sladkoe-16.webp,Лакрима Кристи
gavras-levokumskiy-krasnoe-suhoe-12,data/catalogs/ver1plain-1628/photos/gavras-levokumskiy-krasnoe-suhoe-12.webp,Левокумский
legato-legato-kaberne-fran-krasnoe-suhoe-14,data/catalogs/ver1plain-1628/photos/legato-legato-kaberne-fran-krasnoe-suhoe-14.webp,Легато Каберне Фран
legato-legato-merlo-krasnoe-suhoe-135,data/catalogs/ver1plain-1628/photos/legato-legato-merlo-krasnoe-suhoe-135.webp,Легато Мерло
legato-legato-pino-nuar-krasnoe-suhoe-135,data/catalogs/ver1plain-1628/photos/legato-legato-pino-nuar-krasnoe-suhoe-135.webp,Легато Пино Нуар
legato-legato-saperavi-krasnoe-suhoe-14,data/catalogs/ver1plain-1628/photos/legato-legato-saperavi-krasnoe-suhoe-14.webp,Легато Саперави
legato-legato-shardone-beloe-suhoe-135,data/catalogs/ver1plain-1628/photos/legato-legato-shardone-beloe-suhoe-135.webp,Легато Шардоне
fanagoriya-ledyanoe-vino-muskat-muskat-ottonel-beloe-sladkoe-11,data/catalogs/ver1plain-1628/photos/fanagoriya-ledyanoe-vino-muskat-muskat-ottonel-beloe-sladkoe-11.webp,Ледяное вино. Мускат
soyuz-vino-lenty-izabella-krymskaya-krasnoe-polusladkoe-11,data/catalogs/ver1plain-1628/photos/soyuz-vino-lenty-izabella-krymskaya-krasnoe-polusladkoe-11.webp,Ленты Изабелла Крымская
soyuz-vino-lenty-kaberne-krymskoe-kaberne-sovinon-krasnoe-polusladkoe-11,data/catalogs/ver1plain-1628/photos/soyuz-vino-lenty-kaberne-krymskoe-kaberne-sovinon-krasnoe-polusladkoe-11.webp,Ленты Каберне Крымское
soyuz-vino-lenty-shardone-krymskoe-beloe-polusladkoe-11,data/catalogs/ver1plain-1628/photos/soyuz-vino-lenty-shardone-krymskoe-beloe-polusladkoe-11.webp,Ленты Шардоне Крымское
vinodelnya-zhakov-logovo-saperavi-krasnoe-suhoe-126,data/catalogs/ver1plain-1628/photos/vinodelnya-zhakov-logovo-saperavi-krasnoe-suhoe-126.webp,Логово Саперави
lorio-kaberne-sovinon-i-pino-nuar,data/catalogs/ver1plain-1628/photos/lorio-kaberne-sovinon-i-pino-nuar.webp,ЛОРИО. Каберне Совиньон и Пино Нуар
lorio-pino-nuar,data/catalogs/ver1plain-1628/photos/lorio-pino-nuar.webp,ЛОРИО. Пино Нуар
lorio-rozovoe,data/catalogs/ver1plain-1628/photos/lorio-rozovoe.webp,ЛОРИО. Розовое
lorio-sovinon-blan-i-shardone-1,data/catalogs/ver1plain-1628/photos/lorio-sovinon-blan-i-shardone-1.webp,ЛОРИО. Совиньон Блан и Шардоне
zmv-koktebel-madera-albilo-beloe-sladkoe-19,data/catalogs/ver1plain-1628/photos/zmv-koktebel-madera-albilo-beloe-sladkoe-19.webp,Мадера
chateau-andre-mado-pino-nuar-rozovoe-suhoe-13,data/catalogs/ver1plain-1628/photos/chateau-andre-mado-pino-nuar-rozovoe-suhoe-13.webp,Мадо
gunko-winery-malbek-krasnoe-suhoe-14,data/catalogs/ver1plain-1628/photos/gunko-winery-malbek-krasnoe-suhoe-14.webp,Мальбек
aromatnoe-malbek-rezerv-krasnoe-suhoe-125,data/catalogs/ver1plain-1628/photos/aromatnoe-malbek-rezerv-krasnoe-suhoe-125.webp,Мальбек резерв
cellar-master-malvaziya-beloe-suhoe-13,data/catalogs/ver1plain-1628/photos/cellar-master-malvaziya-beloe-suhoe-13.webp,Мальвазия
esse-mama-marselan-krasnoe-suhoe-135,data/catalogs/ver1plain-1628/photos/esse-mama-marselan-krasnoe-suhoe-135.webp,МаМа
vinodelnya-pokrovskaya-marinka-marinovskiy-rozovoe-suhoe-123,data/catalogs/ver1plain-1628/photos/vinodelnya-pokrovskaya-marinka-marinovskiy-rozovoe-suhoe-123.webp,Маринка
vinodelnya-myshako-marselan-krasnoe-suhoe-144,data/catalogs/ver1plain-1628/photos/vinodelnya-myshako-marselan-krasnoe-suhoe-144.webp,Марселан
vinodelnya-myshako-marselan-krasnoe-suhoe-143,data/catalogs/ver1plain-1628/photos/vinodelnya-myshako-marselan-krasnoe-suhoe-143.webp,Марселан
shato-pino-marselan-merlo-krasnoe-suhoe-13,data/catalogs/ver1plain-1628/photos/shato-pino-marselan-merlo-krasnoe-suhoe-13.webp,Марселан - Мерло
vinodelnya-myshako-marselan-mode-krasnoe-suhoe-145,data/catalogs/ver1plain-1628/photos/vinodelnya-myshako-marselan-mode-krasnoe-suhoe-145.webp,Марселан Mode
vinodelnya-myshako-marselan-mode-appassimento-krasnoe-suhoe-146,data/catalogs/ver1plain-1628/photos/vinodelnya-myshako-marselan-mode-appassimento-krasnoe-suhoe-146.webp,Марселан Mode Appassimento
vinodelnya-myshako-marselan-avtorskaya-tehnologiya-krasnoe-suhoe-144,data/catalogs/ver1plain-1628/photos/vinodelnya-myshako-marselan-avtorskaya-tehnologiya-krasnoe-suhoe-144.webp,Марселан. Авторская технология
massandra-kokur,data/catalogs/ver1plain-1628/photos/massandra-kokur.webp,Массандра Кокур
massandra-muskat,data/catalogs/ver1plain-1628/photos/massandra-muskat.webp,Массандра Мускат
massandra-heres,data/catalogs/ver1plain-1628/photos/massandra-heres.webp,Массандра Херес
massandra-massandra-heres-oreadna-aligote-beloe-suhoe-16,data/catalogs/ver1plain-1628/photos/massandra-massandra-heres-oreadna-aligote-beloe-suhoe-16.webp,Массандра Херес Ореадна
solnechnaya-dolina-meganom-blanc-de-blancs-kokur-beloe-bryut-11,data/catalogs/ver1plain-1628/photos/solnechnaya-dolina-meganom-blanc-de-blancs-kokur-beloe-bryut-11.webp,Меганом Blanc de Blancs
solnechnaya-dolina-meganom-beloe-aligote-suhoe-13,data/catalogs/ver1plain-1628/photos/solnechnaya-dolina-meganom-beloe-aligote-suhoe-13.webp,Меганом белое
solnechnaya-dolina-meganom-kyuve-shardone-beloe-bryut-11,data/catalogs/ver1plain-1628/photos/solnechnaya-dolina-meganom-kyuve-shardone-beloe-bryut-11.webp,Меганом Кюве
usadba-mezyb-mezyb-kaberne-sovinon-krasnoe-suhoe-145,data/catalogs/ver1plain-1628/photos/usadba-mezyb-mezyb-kaberne-sovinon-krasnoe-suhoe-145.webp,Мезыбь Каберне Совиньон
usadba-mezyb-mezyb-merlo-krasnoe-suhoe-145,data/catalogs/ver1plain-1628/photos/usadba-mezyb-mezyb-merlo-krasnoe-suhoe-145.webp,Мезыбь Мерло
usadba-mezyb-mezyb-vione-beloe-suhoe-13,data/catalogs/ver1plain-1628/photos/usadba-mezyb-mezyb-vione-beloe-suhoe-13.webp,Мезыбь. Вионье
usadba-mezyb-mezyb-kaberne-sovinon-kaberne-fran-krasnoe-suhoe-14,data/catalogs/ver1plain-1628/photos/usadba-mezyb-mezyb-kaberne-sovinon-kaberne-fran-krasnoe-suhoe-14.webp,"Мезыбь. Каберне Совиньон, Каберне Фран"
usadba-mezyb-mezyb-kaberne-sovinon-kaberne-fran-vione-rozovoe-suhoe-133,data/catalogs/ver1plain-1628/photos/usadba-mezyb-mezyb-kaberne-sovinon-kaberne-fran-vione-rozovoe-suhoe-133.webp,"Мезыбь. Каберне Совиньон, Каберне фран, Вионье"
skalistyy-bereg-melodiya-leta-krasnostop-zolotovskiy-rozovoe-suhoe-126,data/catalogs/ver1plain-1628/photos/skalistyy-bereg-melodiya-leta-krasnostop-zolotovskiy-rozovoe-suhoe-126.webp,Мелодия лета
belbek-meritazh-kaberne-sovinon-krasnoe-suhoe-136,data/catalogs/ver1plain-1628/photos/belbek-meritazh-kaberne-sovinon-krasnoe-suhoe-136.webp,Меритаж
golubitskoe-estate-merlo-krasnoe-suhoe-135,data/catalogs/ver1plain-1628/photos/golubitskoe-estate-merlo-krasnoe-suhoe-135.webp,Мерло
zmv-koktebel-merlo-krasnoe-suhoe-13,data/catalogs/ver1plain-1628/photos/zmv-koktebel-merlo-krasnoe-suhoe-13.webp,Мерло
alma-valley-merlo-krasnoe-suhoe-13,data/catalogs/ver1plain-1628/photos/alma-valley-merlo-krasnoe-suhoe-13.webp,Мерло
esse-merlo-krasnoe-suhoe-135,data/catalogs/ver1plain-1628/photos/esse-merlo-krasnoe-suhoe-135.webp,Мерло
bogovich-wine-vineyard-merlo-krasnoe-suhoe-14,data/catalogs/ver1plain-1628/photos/bogovich-wine-vineyard-merlo-krasnoe-suhoe-14.webp,Мерло
chateau-andre-merlo-krasnoe-suhoe-14,data/catalogs/ver1plain-1628/photos/chateau-andre-merlo-krasnoe-suhoe-14.webp,Мерло
vinodelnya-begildeeva-merlo-krasnoe-suhoe-14,data/catalogs/ver1plain-1628/photos/vinodelnya-begildeeva-merlo-krasnoe-suhoe-14.webp,Мерло
vinodelnya-batrak-merlo-rozovoe-suhoe-13,data/catalogs/ver1plain-1628/photos/vinodelnya-batrak-merlo-rozovoe-suhoe-13.webp,Мерло
loco-cimbali-merlo-krasnoe-suhoe-138,data/catalogs/ver1plain-1628/photos/loco-cimbali-merlo-krasnoe-suhoe-138.webp,Мерло
stn-winery-merlo-krasnoe-suhoe-14,data/catalogs/ver1plain-1628/photos/stn-winery-merlo-krasnoe-suhoe-14.webp,Мерло
mons-albus-merlo-rozovoe-suhoe-132,data/catalogs/ver1plain-1628/photos/mons-albus-merlo-rozovoe-suhoe-132.webp,Мерло
belbek-merlo-krasnoe-suhoe-13,data/catalogs/ver1plain-1628/photos/belbek-merlo-krasnoe-suhoe-13.webp,Мерло
vinodelnya-marko-merlo-krasnoe-suhoe-14,data/catalogs/ver1plain-1628/photos/vinodelnya-marko-merlo-krasnoe-suhoe-14.webp,Мерло
vinodelnya-marchenko-merlo-krasnoe-suhoe-14,data/catalogs/ver1plain-1628/photos/vinodelnya-marchenko-merlo-krasnoe-suhoe-14.webp,Мерло
donskoe-vinodelcheskoe-hozyaystvo-elbuzd-merlo-krasnoe-suhoe-13,data/catalogs/ver1plain-1628/photos/donskoe-vinodelcheskoe-hozyaystvo-elbuzd-merlo-krasnoe-suhoe-13.webp,Мерло
villa-sofiya-merlo-kaberne-sovinon-krasnoe-suhoe-14,data/catalogs/ver1plain-1628/photos/villa-sofiya-merlo-kaberne-sovinon-krasnoe-suhoe-14.webp,Мерло - Каберне Совиньон
vinodelnya-myshako-merlo-zinfandel-kyuve-rozovoe-suhoe-128,data/catalogs/ver1plain-1628/photos/vinodelnya-myshako-merlo-zinfandel-kyuve-rozovoe-suhoe-128.webp,Мерло – Зинфандель. Кюве
vinodelnya-myshako-merlo-tempranilo-kyuve-krasnoe-polusladkoe-135,data/catalogs/ver1plain-1628/photos/vinodelnya-myshako-merlo-tempranilo-kyuve-krasnoe-polusladkoe-135.webp,Мерло – Темпранильо. Кюве
vinodelnya-myshako-merlo-grand-rezerv-krasnoe-suhoe-142,data/catalogs/ver1plain-1628/photos/vinodelnya-myshako-merlo-grand-rezerv-krasnoe-suhoe-142.webp,Мерло Гранд Резерв
merlo-litavshhuk,data/catalogs/ver1plain-1628/photos/merlo-litavshhuk.webp,Мерло Литавщук
esse-merlo-otbornoe-krasnoe-suhoe-13,data/catalogs/ver1plain-1628/photos/esse-merlo-otbornoe-krasnoe-suhoe-13.webp,Мерло Отборное
usadba-markoth-merlo-rezerv-krasnoe-suhoe-13,data/catalogs/ver1plain-1628/photos/usadba-markoth-merlo-rezerv-krasnoe-suhoe-13.webp,Мерло Резерв
golubitskoe-estate-merlo-rezerv-krasnoe-suhoe-135,data/catalogs/ver1plain-1628/photos/golubitskoe-estate-merlo-rezerv-krasnoe-suhoe-135.webp,Мерло Резерв
chateau-de-talu-merlo-rezerv-krasnoe-suhoe-14,data/catalogs/ver1plain-1628/photos/chateau-de-talu-merlo-rezerv-krasnoe-suhoe-14.webp,Мерло Резерв
alma-valley-merlo-rezerv-krasnoe-suhoe-15,data/catalogs/ver1plain-1628/photos/alma-valley-merlo-rezerv-krasnoe-suhoe-15.webp,Мерло Резерв
alma-valley-merlo-rezerv-krasnoe-suhoe-14,data/catalogs/ver1plain-1628/photos/alma-valley-merlo-rezerv-krasnoe-suhoe-14.webp,Мерло Резерв
dubinin-winery-merlo-roze-rozovoe-suhoe-125,data/catalogs/ver1plain-1628/photos/dubinin-winery-merlo-roze-rozovoe-suhoe-125.webp,Мерло розе
imenie-sikory-merlo-sikory-krasnoe-suhoe-13,data/catalogs/ver1plain-1628/photos/imenie-sikory-merlo-sikory-krasnoe-suhoe-13.webp,Мерло Сикоры
vinodelnya-myshako-merlo-black-out-krasnoe-sladkoe-14,data/catalogs/ver1plain-1628/photos/vinodelnya-myshako-merlo-black-out-krasnoe-sladkoe-14.webp,Мерло. Black Out
imenie-sikory-merlo-semeynyy-rezerv-krasnoe-suhoe-14,data/catalogs/ver1plain-1628/photos/imenie-sikory-merlo-semeynyy-rezerv-krasnoe-suhoe-14.webp,Мерло. Семейный Резерв
vinodelnya-uzunov-mono-kaberne-sovinon-krasnoe-suhoe-139,data/catalogs/ver1plain-1628/photos/vinodelnya-uzunov-mono-kaberne-sovinon-krasnoe-suhoe-139.webp,Моно. Каберне Совиньон
vinodelnya-uzunov-mono-krasnostop-krasnostop-zolotovskiy-krasnoe-suhoe-139,data/catalogs/ver1plain-1628/photos/vinodelnya-uzunov-mono-krasnostop-krasnostop-zolotovskiy-krasnoe-suhoe-139.webp,Моно. Красностоп
vinodelnya-uzunov-mono-saperavi-krasnoe-suhoe-139,data/catalogs/ver1plain-1628/photos/vinodelnya-uzunov-mono-saperavi-krasnoe-suhoe-139.webp,Моно. Саперави
soyuz-vino-mosavali-rkatsiteli-beloe-polusladkoe-11,data/catalogs/ver1plain-1628/photos/soyuz-vino-mosavali-rkatsiteli-beloe-polusladkoe-11.webp,Мосавали Ркацители
soyuz-vino-mosavali-saperavi-suhoe-krasnoe-11,data/catalogs/ver1plain-1628/photos/soyuz-vino-mosavali-saperavi-suhoe-krasnoe-11.webp,Мосавали Саперави Сухое
stn-winery-muskat-beloe-suhoe-115,data/catalogs/ver1plain-1628/photos/stn-winery-muskat-beloe-suhoe-115.webp,Мускат
esse-muskat-muskat-belyy-beloe-suhoe-115,data/catalogs/ver1plain-1628/photos/esse-muskat-muskat-belyy-beloe-suhoe-115.webp,Мускат
belbek-muskat-muskat-belyy-beloe-suhoe-127,data/catalogs/ver1plain-1628/photos/belbek-muskat-muskat-belyy-beloe-suhoe-127.webp,Мускат
dva-serdtsa-muskat-muskat-belyy-beloe-polusuhoe-12,data/catalogs/ver1plain-1628/photos/dva-serdtsa-muskat-muskat-belyy-beloe-polusuhoe-12.webp,Мускат
chateau-de-talu-muskat-beloe-suhoe-13,data/catalogs/ver1plain-1628/photos/chateau-de-talu-muskat-beloe-suhoe-13.webp,Мускат
radiowine-muskat-amber-muskat-ottonel-beloe-suhoe-13,data/catalogs/ver1plain-1628/photos/radiowine-muskat-amber-muskat-ottonel-beloe-suhoe-13.webp,Мускат Амбер
rem-akchurin-muskat-belyy-beloe-suhoe-135,data/catalogs/ver1plain-1628/photos/rem-akchurin-muskat-belyy-beloe-suhoe-135.webp,Мускат Белый
esse-muskat-belyy-beloe-suhoe-135,data/catalogs/ver1plain-1628/photos/esse-muskat-belyy-beloe-suhoe-135.webp,Мускат Белый
massandra-muskat-belyy-krasnogo-kamnya-beloe-sladkoe-13,data/catalogs/ver1plain-1628/photos/massandra-muskat-belyy-krasnogo-kamnya-beloe-sladkoe-13.webp,Мускат белый красного камня
massandra-muskat-belyy-pozdnego-sbora-beloe-sladkoe-10,data/catalogs/ver1plain-1628/photos/massandra-muskat-belyy-pozdnego-sbora-beloe-sladkoe-10.webp,Мускат белый позднего сбора
massandra-muskat-belyy-yuzhnoberezhnyy-beloe-sladkoe-16,data/catalogs/ver1plain-1628/photos/massandra-muskat-belyy-yuzhnoberezhnyy-beloe-sladkoe-16.webp,Мускат Белый Южнобережный
chateau-cachalot-muskat-blan-muskat-belyy-beloe-suhoe-117,data/catalogs/ver1plain-1628/photos/chateau-cachalot-muskat-blan-muskat-belyy-beloe-suhoe-117.webp,Мускат Блан
andryus-yutsis-muskat-blan-vione-beloe-suhoe-117,data/catalogs/ver1plain-1628/photos/andryus-yutsis-muskat-blan-vione-beloe-suhoe-117.webp,"Мускат Блан, Вионье"
zmv-koktebel-muskat-desertnyy-rozovoe-sladkoe-16,data/catalogs/ver1plain-1628/photos/zmv-koktebel-muskat-desertnyy-rozovoe-sladkoe-16.webp,Мускат десертный
esse-muskat-oranzh-muskat-belyy-beloe-suhoe-115,data/catalogs/ver1plain-1628/photos/esse-muskat-oranzh-muskat-belyy-beloe-suhoe-115.webp,Мускат Оранж
rem-akchurin-muskat-oranzh-oranzhevoe-suhoe-115,data/catalogs/ver1plain-1628/photos/rem-akchurin-muskat-oranzh-oranzhevoe-suhoe-115.webp,Мускат Оранж
belbek-muskat-oranzh-muskat-belyy-oranzhevoe-suhoe-125,data/catalogs/ver1plain-1628/photos/belbek-muskat-oranzh-muskat-belyy-oranzhevoe-suhoe-125.webp,Мускат Оранж
bogovich-wine-vineyard-muskat-oranzh-muskat-belyy-beloe-suhoe-125,data/catalogs/ver1plain-1628/photos/bogovich-wine-vineyard-muskat-oranzh-muskat-belyy-beloe-suhoe-125.webp,Мускат Оранж
vinodelnya-78-muskat-otbornyy-muskat-yantarnyy-beloe-suhoe-125,data/catalogs/ver1plain-1628/photos/vinodelnya-78-muskat-otbornyy-muskat-yantarnyy-beloe-suhoe-125.webp,Мускат Отборный
blagolyubov-muskat-ottonel-beloe-suhoe-125,data/catalogs/ver1plain-1628/photos/blagolyubov-muskat-ottonel-beloe-suhoe-125.webp,Мускат Оттонель
jd_winery_muskat_ottonel,data/catalogs/ver1plain-1628/photos/jd_winery_muskat_ottonel.webp,Мускат Оттонель тихое
massandra-muskat-pozdnego-sbora-muskat-belyy-beloe-sladkoe-16,data/catalogs/ver1plain-1628/photos/massandra-muskat-pozdnego-sbora-muskat-belyy-beloe-sladkoe-16.webp,Мускат позднего сбора
vinodelnya-78-muskat-polusladkoe-muskat-ottonel-beloe-115,data/catalogs/ver1plain-1628/photos/vinodelnya-78-muskat-polusladkoe-muskat-ottonel-beloe-115.webp,Мускат полусладкое
massandra-muskat-rozovyy-pozdnego-sbora-rozovoe-sladkoe-10,data/catalogs/ver1plain-1628/photos/massandra-muskat-rozovyy-pozdnego-sbora-rozovoe-sladkoe-10.webp,Мускат розовый позднего сбора
dva-serdtsa-muskat-suhoy-muskat-belyy-beloe-suhoe-12,data/catalogs/ver1plain-1628/photos/dva-serdtsa-muskat-suhoy-muskat-belyy-beloe-suhoe-12.webp,Мускат Сухой
zmv-koktebel-muskat-yantarnyy-desertnyy-beloe-sladkoe-16,data/catalogs/ver1plain-1628/photos/zmv-koktebel-muskat-yantarnyy-desertnyy-beloe-sladkoe-16.webp,Мускат янтарный десертный
vinodelnya-myshako-muskat-avtorskaya-tehnologiya-mono-beloe-suhoe-128,data/catalogs/ver1plain-1628/photos/vinodelnya-myshako-muskat-avtorskaya-tehnologiya-mono-beloe-suhoe-128.webp,Мускат. Авторская технология. Моно
valeriy-zaharin-muskat-valeriy-zaharin-muskat-ottonel-beloe-polusladkoe-12,data/catalogs/ver1plain-1628/photos/valeriy-zaharin-muskat-valeriy-zaharin-muskat-ottonel-beloe-polusladkoe-12.webp,Мускат. Валерий Захарьин
domaine-lipko-muskat-pomeste-trenzina-muskat-belyy-beloe-suhoe-119,data/catalogs/ver1plain-1628/photos/domaine-lipko-muskat-pomeste-trenzina-muskat-belyy-beloe-suhoe-119.webp,Мускат. Поместье Трензина
muskat-premium,data/catalogs/ver1plain-1628/photos/muskat-premium.webp,Мускат. Премиум
massandra-muskatel-belyy-belye-sorta-vinograda-beloe-sladkoe-16,data/catalogs/ver1plain-1628/photos/massandra-muskatel-belyy-belye-sorta-vinograda-beloe-sladkoe-16.webp,Мускатель белый
massandra-muskatel-rozovyy-belye-sorta-vinograda-rozovoe-sladkoe-16,data/catalogs/ver1plain-1628/photos/massandra-muskatel-rozovyy-belye-sorta-vinograda-rozovoe-sladkoe-16.webp,Мускатель розовый
massandra-muskatel-chernyy-krasnye-sorta-vinograda-krasnoe-sladkoe-16,data/catalogs/ver1plain-1628/photos/massandra-muskatel-chernyy-krasnye-sorta-vinograda-krasnoe-sladkoe-16.webp,Мускатель черный
solnechnaya-dolina-muskatnoe-festivalnoe-muskat-belyy-rozovoe-sladkoe-16,data/catalogs/ver1plain-1628/photos/solnechnaya-dolina-muskatnoe-festivalnoe-muskat-belyy-rozovoe-sladkoe-16.webp,Мускатное Фестивальное
vinodelnya-marchenko-mtsvane-mtsvane-kahetinskiy-beloe-suhoe-135,data/catalogs/ver1plain-1628/photos/vinodelnya-marchenko-mtsvane-mtsvane-kahetinskiy-beloe-suhoe-135.webp,Мцване
vinodelnya-myshako-myshako-kyuve-rozovoe-pino-nuar-bryut-123,data/catalogs/ver1plain-1628/photos/vinodelnya-myshako-myshako-kyuve-rozovoe-pino-nuar-bryut-123.webp,Мысхако Кюве Розовое
uppa-winery-nebbiolo-krasnoe-suhoe-14,data/catalogs/ver1plain-1628/photos/uppa-winery-nebbiolo-krasnoe-suhoe-14.webp,Неббиоло
nebo-rossii-glera,data/catalogs/ver1plain-1628/photos/nebo-rossii-glera.webp,Небо России Глера
vinodelnya-zhakov-neoranzh-vostorg-beloe-suhoe-123,data/catalogs/ver1plain-1628/photos/vinodelnya-zhakov-neoranzh-vostorg-beloe-suhoe-123.webp,Неоранж
novyy-svet-dom-shampanskih-vin-novyy-svet-polusladkoe-roze-shardone-rozovoe-115,data/catalogs/ver1plain-1628/photos/novyy-svet-dom-shampanskih-vin-novyy-svet-polusladkoe-roze-shardone-rozovoe-115.webp,Новый Свет полусладкое розе
novyy-svet-dom-shampanskih-vin-novyy-svet-kokur-kokur-belyy-beloe-ekstra-bryut-12,data/catalogs/ver1plain-1628/photos/novyy-svet-dom-shampanskih-vin-novyy-svet-kokur-kokur-belyy-beloe-ekstra-bryut-12.webp,Новый Свет. Кокур
novyy-svet-dom-shampanskih-vin-novyy-svet-kyuve-ekstra-bryut-shardone-beloe-135,data/catalogs/ver1plain-1628/photos/novyy-svet-dom-shampanskih-vin-novyy-svet-kyuve-ekstra-bryut-shardone-beloe-135.webp,Новый Свет. Кюве экстра брют
novyy-svet-dom-shampanskih-vin-novyy-svet-pino-nuar-rozovoe-bryut-13,data/catalogs/ver1plain-1628/photos/novyy-svet-dom-shampanskih-vin-novyy-svet-pino-nuar-rozovoe-bryut-13.webp,Новый Свет. Пино Нуар
vinodelnya-uzunov-nrav-krasnostop-zolotovskiy-krasnoe-suhoe-132,data/catalogs/ver1plain-1628/photos/vinodelnya-uzunov-nrav-krasnostop-zolotovskiy-krasnoe-suhoe-132.webp,Нрав
vinodelnya-uzunov-nrav-rezerv-krasnostop-zolotovskiy-krasnoe-suhoe-139,data/catalogs/ver1plain-1628/photos/vinodelnya-uzunov-nrav-rezerv-krasnostop-zolotovskiy-krasnoe-suhoe-139.webp,Нрав Резерв
artvin-odesskiy-chernyy-rezerv-krasnoe-suhoe-13,data/catalogs/ver1plain-1628/photos/artvin-odesskiy-chernyy-rezerv-krasnoe-suhoe-13.webp,Одесский Черный Резерв
olymp-winery-olimp-avtorskoe-kaberne-sovinon-krasnoe-suhoe-11,data/catalogs/ver1plain-1628/photos/olymp-winery-olimp-avtorskoe-kaberne-sovinon-krasnoe-suhoe-11.webp,Олимп Авторское Каберне Совиньон
loco-cimbali-oranzh-muskat-oranzhevoe-suhoe-127,data/catalogs/ver1plain-1628/photos/loco-cimbali-oranzh-muskat-oranzhevoe-suhoe-127.webp,Оранж
loco-cimbali-oranzh-muskat-belyy-beloe-suhoe-129,data/catalogs/ver1plain-1628/photos/loco-cimbali-oranzh-muskat-belyy-beloe-suhoe-129.webp,Оранж
zmv-koktebel-oranzh-rkatsiteli-beloe-suhoe-125,data/catalogs/ver1plain-1628/photos/zmv-koktebel-oranzh-rkatsiteli-beloe-suhoe-125.webp,"Оранж, Ркацители"
vinodelnya-myshako-oranzhevoe-iz-belogo-gevyurtstraminer-krasnoe-suhoe-142,data/catalogs/ver1plain-1628/photos/vinodelnya-myshako-oranzhevoe-iz-belogo-gevyurtstraminer-krasnoe-suhoe-142.webp,Оранжевое из Белого
andryus-yutsis-organik-risling-beloe-suhoe-115,data/catalogs/ver1plain-1628/photos/andryus-yutsis-organik-risling-beloe-suhoe-115.webp,Органик Рислинг
vinodelnya-raevskoe-parfyum-de-terruar-blansh-vione-beloe-suhoe-12,data/catalogs/ver1plain-1628/photos/vinodelnya-raevskoe-parfyum-de-terruar-blansh-vione-beloe-suhoe-12.webp,Парфюм Де Терруар. Бланш
vinodelnya-raevskoe-parfyum-de-terruar-muskat-muskat-zheltyy-beloe-suhoe-123,data/catalogs/ver1plain-1628/photos/vinodelnya-raevskoe-parfyum-de-terruar-muskat-muskat-zheltyy-beloe-suhoe-123.webp,Парфюм Де Терруар. Мускат
vinodelnya-raevskoe-parfyum-de-terruar-risling-beloe-suhoe-12,data/catalogs/ver1plain-1628/photos/vinodelnya-raevskoe-parfyum-de-terruar-risling-beloe-suhoe-12.webp,Парфюм Де Терруар. Рислинг
vinodelnya-raevskoe-parfyum-de-terruar-roze-tempranilo-rozovoe-suhoe-116,data/catalogs/ver1plain-1628/photos/vinodelnya-raevskoe-parfyum-de-terruar-roze-tempranilo-rozovoe-suhoe-116.webp,Парфюм де Терруар. Розе
vinodelnya-raevskoe-parfyum-de-terruar-ruzh-tempranilo-krasnoe-suhoe-13,data/catalogs/ver1plain-1628/photos/vinodelnya-raevskoe-parfyum-de-terruar-ruzh-tempranilo-krasnoe-suhoe-13.webp,Парфюм де Терруар. Руж
vinodelnya-raevskoe-parfyum-de-terruar-sovinon-blan-beloe-suhoe-121,data/catalogs/ver1plain-1628/photos/vinodelnya-raevskoe-parfyum-de-terruar-sovinon-blan-beloe-suhoe-121.webp,Парфюм Де Терруар. Совиньон Блан
valeriy-zaharin-paterum-bastardo-saperavi-kefesiya-bastardo-magarachskiy-krasnoe-suhoe-12,data/catalogs/ver1plain-1628/photos/valeriy-zaharin-paterum-bastardo-saperavi-kefesiya-bastardo-magarachskiy-krasnoe-suhoe-12.webp,Патерум. Бастардо – Саперави – Кефесия
skalistyy-bereg-pesn-holmov-merlo-krasnoe-suhoe-145,data/catalogs/ver1plain-1628/photos/skalistyy-bereg-pesn-holmov-merlo-krasnoe-suhoe-145.webp,Песнь холмов
alma-valley-petit-arvin-beloe-suhoe-13,data/catalogs/ver1plain-1628/photos/alma-valley-petit-arvin-beloe-suhoe-13.webp,Петит Арвин
golubitskoe-estate-petnat-white-risling-reynskiy-beloe-suhoe-115,data/catalogs/ver1plain-1628/photos/golubitskoe-estate-petnat-white-risling-reynskiy-beloe-suhoe-115.webp,Петнат White
shato-pino-petnat-oranzh-vione-beloe-ekstra-bryut-11,data/catalogs/ver1plain-1628/photos/shato-pino-petnat-oranzh-vione-beloe-ekstra-bryut-11.webp,Петнат Оранж
shato-pino-petnat-pino-gri-beloe-ekstra-bryut-11,data/catalogs/ver1plain-1628/photos/shato-pino-petnat-pino-gri-beloe-ekstra-bryut-11.webp,Петнат Пино Гри
shato-pino-petnat-pino-gri-rozovoe-ekstra-bryut-11,data/catalogs/ver1plain-1628/photos/shato-pino-petnat-pino-gri-rozovoe-ekstra-bryut-11.webp,Петнат Пино Гри
shato-pino-petnat-pino-nuar-rozovoe-ekstra-bryut-11,data/catalogs/ver1plain-1628/photos/shato-pino-petnat-pino-nuar-rozovoe-ekstra-bryut-11.webp,Петнат Пино Нуар
denisov-winery-petnat-risling-beloe-ekstra-bryut-10,data/catalogs/ver1plain-1628/photos/denisov-winery-petnat-risling-beloe-ekstra-bryut-10.webp,Петнат Рислинг
denisov-winery-petnat-rkatsiteli-beloe-ekstra-bryut-107,data/catalogs/ver1plain-1628/photos/denisov-winery-petnat-rkatsiteli-beloe-ekstra-bryut-107.webp,Петнат Ркацители
denisov-winery-petnat-saperavi-severnyy-rozovoe-ekstra-bryut-105,data/catalogs/ver1plain-1628/photos/denisov-winery-petnat-saperavi-severnyy-rozovoe-ekstra-bryut-105.webp,Петнат Саперави Северный
shato-pino-petnat-sovinon-blan-beloe-ekstra-bryut-11,data/catalogs/ver1plain-1628/photos/shato-pino-petnat-sovinon-blan-beloe-ekstra-bryut-11.webp,Петнат Совиньон Блан
denisov-winery-petnat-tsitron-risling-tsitronnyy-magaracha-beloe-ekstra-bryut-102,data/catalogs/ver1plain-1628/photos/denisov-winery-petnat-tsitron-risling-tsitronnyy-magaracha-beloe-ekstra-bryut-102.webp,Петнат Цитрон - Рислинг
alma-valley-pino-blan-beloe-suhoe-14,data/catalogs/ver1plain-1628/photos/alma-valley-pino-blan-beloe-suhoe-14.webp,Пино Блан
loco-cimbali-pino-blan-beloe-suhoe-13,data/catalogs/ver1plain-1628/photos/loco-cimbali-pino-blan-beloe-suhoe-13.webp,Пино Блан
winepark-pino-blan-beloe-suhoe-125,data/catalogs/ver1plain-1628/photos/winepark-pino-blan-beloe-suhoe-125.webp,Пино Блан
alma-valley-pino-blan-rezerv-beloe-suhoe-14,data/catalogs/ver1plain-1628/photos/alma-valley-pino-blan-rezerv-beloe-suhoe-14.webp,Пино Блан Резерв
esse-pino-gri-beloe-suhoe-12,data/catalogs/ver1plain-1628/photos/esse-pino-gri-beloe-suhoe-12.webp,Пино Гри
massandra-pino-gri-beloe-sladkoe-16,data/catalogs/ver1plain-1628/photos/massandra-pino-gri-beloe-sladkoe-16.webp,Пино Гри
sober-bash-pino-gri-beloe-suhoe-11,data/catalogs/ver1plain-1628/photos/sober-bash-pino-gri-beloe-suhoe-11.webp,Пино Гри
esse-pino-gri-beloe-suhoe-135,data/catalogs/ver1plain-1628/photos/esse-pino-gri-beloe-suhoe-135.webp,Пино Гри
alma-valley-pino-gri-beloe-polusuhoe-15,data/catalogs/ver1plain-1628/photos/alma-valley-pino-gri-beloe-polusuhoe-15.webp,Пино Гри
chateau-andre-pino-gri-beloe-suhoe-14,data/catalogs/ver1plain-1628/photos/chateau-andre-pino-gri-beloe-suhoe-14.webp,Пино Гри
esse-pino-gri-blush-rozovoe-suhoe-115,data/catalogs/ver1plain-1628/photos/esse-pino-gri-blush-rozovoe-suhoe-115.webp,Пино Гри Blush
esse-pino-gri-blash-rozovoe-suhoe-125,data/catalogs/ver1plain-1628/photos/esse-pino-gri-blash-rozovoe-suhoe-125.webp,Пино Гри Блаш
zmv-koktebel-pino-gri-desertnoe-beloe-sladkoe-16,data/catalogs/ver1plain-1628/photos/zmv-koktebel-pino-gri-desertnoe-beloe-sladkoe-16.webp,Пино гри десертное
shato-pino-pino-gri-roze-rozovoe-ekstra-bryut-12,data/catalogs/ver1plain-1628/photos/shato-pino-pino-gri-roze-rozovoe-ekstra-bryut-12.webp,Пино Гри розе
vinodelnya-myshako-pino-gridzhio-beloe-polusuhoe-123,data/catalogs/ver1plain-1628/photos/vinodelnya-myshako-pino-gridzhio-beloe-polusuhoe-123.webp,Пино Гриджио
shato-pino-pino-gridzhio-beloe-suhoe-12,data/catalogs/ver1plain-1628/photos/shato-pino-pino-gridzhio-beloe-suhoe-12.webp,Пино Гриджио
loco-cimbali-pino-mene-krasnoe-suhoe-115,data/catalogs/ver1plain-1628/photos/loco-cimbali-pino-mene-krasnoe-suhoe-115.webp,Пино Менье
belbek-pino-mene-krasnoe-suhoe-128,data/catalogs/ver1plain-1628/photos/belbek-pino-mene-krasnoe-suhoe-128.webp,Пино Менье
loco-cimbali-pino-nuar-krasnoe-suhoe-126,data/catalogs/ver1plain-1628/photos/loco-cimbali-pino-nuar-krasnoe-suhoe-126.webp,Пино Нуар
bakla-vines-pino-nuar-krasnoe-suhoe-125,data/catalogs/ver1plain-1628/photos/bakla-vines-pino-nuar-krasnoe-suhoe-125.webp,Пино Нуар
bogovich-wine-vineyard-pino-nuar-krasnoe-suhoe-125,data/catalogs/ver1plain-1628/photos/bogovich-wine-vineyard-pino-nuar-krasnoe-suhoe-125.webp,Пино Нуар
andryus-yutsis-pino-nuar-krasnoe-suhoe-12,data/catalogs/ver1plain-1628/photos/andryus-yutsis-pino-nuar-krasnoe-suhoe-12.webp,Пино Нуар
belbek-pino-nuar-krasnoe-suhoe-133,data/catalogs/ver1plain-1628/photos/belbek-pino-nuar-krasnoe-suhoe-133.webp,Пино Нуар
chateau-andre-pino-nuar-krasnoe-suhoe-14,data/catalogs/ver1plain-1628/photos/chateau-andre-pino-nuar-krasnoe-suhoe-14.webp,Пино Нуар
a-gordienko-m-nikolaev-pino-nuar-krasnoe-suhoe-135,data/catalogs/ver1plain-1628/photos/a-gordienko-m-nikolaev-pino-nuar-krasnoe-suhoe-135.webp,Пино Нуар
denisov-winery-pino-nuar-rozovoe-suhoe-125,data/catalogs/ver1plain-1628/photos/denisov-winery-pino-nuar-rozovoe-suhoe-125.webp,Пино Нуар
chateau-cachalot-pino-nuar-krasnoe-suhoe-12,data/catalogs/ver1plain-1628/photos/chateau-cachalot-pino-nuar-krasnoe-suhoe-12.webp,Пино Нуар
abrau-dyurso-pino-nuar-krasnoe-suhoe-125,data/catalogs/ver1plain-1628/photos/abrau-dyurso-pino-nuar-krasnoe-suhoe-125.webp,Пино Нуар
esse-pino-nuar-krasnoe-suhoe-115,data/catalogs/ver1plain-1628/photos/esse-pino-nuar-krasnoe-suhoe-115.webp,Пино Нуар
belmas-winery-pino-nuar-krasnoe-suhoe-135,data/catalogs/ver1plain-1628/photos/belmas-winery-pino-nuar-krasnoe-suhoe-135.webp,Пино Нуар
stn-winery-pino-nuar-krasnoe-suhoe-12,data/catalogs/ver1plain-1628/photos/stn-winery-pino-nuar-krasnoe-suhoe-12.webp,Пино Нуар
domaine-lipko-pino-nuar-krasnoe-suhoe-12,data/catalogs/ver1plain-1628/photos/domaine-lipko-pino-nuar-krasnoe-suhoe-12.webp,Пино Нуар
alma-valley-pino-nuar-krasnoe-suhoe-13,data/catalogs/ver1plain-1628/photos/alma-valley-pino-nuar-krasnoe-suhoe-13.webp,Пино Нуар
abrau-dyurso-pino-nuar-krasnoe-suhoe-12,data/catalogs/ver1plain-1628/photos/abrau-dyurso-pino-nuar-krasnoe-suhoe-12.webp,Пино Нуар
alma-valley-pino-nuar-beloe-ekstra-bryut-115,data/catalogs/ver1plain-1628/photos/alma-valley-pino-nuar-beloe-ekstra-bryut-115.webp,Пино Нуар
shato-pino-pino-nuar-krasnoe-suhoe-135,data/catalogs/ver1plain-1628/photos/shato-pino-pino-nuar-krasnoe-suhoe-135.webp,Пино Нуар
tempelhof-winery-pino-nuar-krasnoe-suhoe-125,data/catalogs/ver1plain-1628/photos/tempelhof-winery-pino-nuar-krasnoe-suhoe-125.webp,Пино Нуар
nikolaev-i-synovya-pino-nuar-krasnoe-suhoe-125,data/catalogs/ver1plain-1628/photos/nikolaev-i-synovya-pino-nuar-krasnoe-suhoe-125.webp,Пино Нуар
vaynkraft-pino-nuar-krasnoe-suhoe-13,data/catalogs/ver1plain-1628/photos/vaynkraft-pino-nuar-krasnoe-suhoe-13.webp,Пино Нуар
donskoe-vinodelcheskoe-hozyaystvo-elbuzd-pino-nuar-krasnoe-suhoe-13,data/catalogs/ver1plain-1628/photos/donskoe-vinodelcheskoe-hozyaystvo-elbuzd-pino-nuar-krasnoe-suhoe-13.webp,Пино Нуар
vinodelnya-myshako-pino-nuar-karmener-reserve-krasnoe-suhoe-138,data/catalogs/ver1plain-1628/photos/vinodelnya-myshako-pino-nuar-karmener-reserve-krasnoe-suhoe-138.webp,Пино Нуар - Карменер Reserve
shato-pino-pino-nuar-pino-gri-rozovoe-suhoe-115,data/catalogs/ver1plain-1628/photos/shato-pino-pino-nuar-pino-gri-rozovoe-suhoe-115.webp,Пино Нуар - Пино Гри
shato-pino-pino-nuar-saperavi-krasnoe-suhoe-13,data/catalogs/ver1plain-1628/photos/shato-pino-pino-nuar-saperavi-krasnoe-suhoe-13.webp,Пино Нуар - Саперави
denisov-winery-pino-nuar-shardone-ekstra-bryut-beloe-125,data/catalogs/ver1plain-1628/photos/denisov-winery-pino-nuar-shardone-ekstra-bryut-beloe-125.webp,Пино Нуар - Шардоне экстра брют
bogovich-wine-vineyard-pino-nuar-2-krasnoe-suhoe-12,data/catalogs/ver1plain-1628/photos/bogovich-wine-vineyard-pino-nuar-2-krasnoe-suhoe-12.webp,Пино Нуар 2
zmv-koktebel-pino-nuar-bryut-rozovoe-11,data/catalogs/ver1plain-1628/photos/zmv-koktebel-pino-nuar-bryut-rozovoe-11.webp,Пино Нуар брют
dubinin-winery-pino-nuar-bryut-roze-rozovoe-ekstra-bryut-125,data/catalogs/ver1plain-1628/photos/dubinin-winery-pino-nuar-bryut-roze-rozovoe-ekstra-bryut-125.webp,Пино Нуар брют розе
pino-nuar-dzhavaga,data/catalogs/ver1plain-1628/photos/pino-nuar-dzhavaga.webp,Пино Нуар Джавага
le-k2-pino-nuar-pi-krasnoe-suhoe-133,data/catalogs/ver1plain-1628/photos/le-k2-pino-nuar-pi-krasnoe-suhoe-133.webp,Пино нуар Пи
novyy-svet-dom-shampanskih-vin-pino-nuar-polusuhoe-rozovoe-135,data/catalogs/ver1plain-1628/photos/novyy-svet-dom-shampanskih-vin-pino-nuar-polusuhoe-rozovoe-135.webp,Пино Нуар полусухое
belbek-pino-nuar-rezerv-krasnoe-suhoe-135,data/catalogs/ver1plain-1628/photos/belbek-pino-nuar-rezerv-krasnoe-suhoe-135.webp,Пино Нуар Резерв
usadba-perovskih-pino-nuar-rezerv-krasnoe-suhoe-122,data/catalogs/ver1plain-1628/photos/usadba-perovskih-pino-nuar-rezerv-krasnoe-suhoe-122.webp,Пино Нуар Резерв
alma-valley-pino-nuar-rezerv-krasnoe-suhoe-14,data/catalogs/ver1plain-1628/photos/alma-valley-pino-nuar-rezerv-krasnoe-suhoe-14.webp,Пино Нуар Резерв
chateau-le-grand-vostock-pino-nuar-rezerv-krasnoe-suhoe-14,data/catalogs/ver1plain-1628/photos/chateau-le-grand-vostock-pino-nuar-rezerv-krasnoe-suhoe-14.webp,Пино Нуар Резерв
golubitskoe-estate-pino-nuar-rezerv-krasnoe-suhoe-132,data/catalogs/ver1plain-1628/photos/golubitskoe-estate-pino-nuar-rezerv-krasnoe-suhoe-132.webp,Пино Нуар Резерв
shato-pino-pino-nuar-roze-rozovoe-ekstra-bryut-115,data/catalogs/ver1plain-1628/photos/shato-pino-pino-nuar-roze-rozovoe-ekstra-bryut-115.webp,Пино Нуар розе
domaine-de-la-vivandiere-pino-nuar-roze-rozovoe-suhoe-122,data/catalogs/ver1plain-1628/photos/domaine-de-la-vivandiere-pino-nuar-roze-rozovoe-suhoe-122.webp,Пино Нуар розе
vinabani-pino-nuar-roze-rozovoe-suhoe-12,data/catalogs/ver1plain-1628/photos/vinabani-pino-nuar-roze-rozovoe-suhoe-12.webp,Пино Нуар розе
chateau-andre-pino-nuar-roze-rozovoe-suhoe-13,data/catalogs/ver1plain-1628/photos/chateau-andre-pino-nuar-roze-rozovoe-suhoe-13.webp,Пино Нуар розе
belbek-pino-nuar-roze-rozovoe-suhoe-115,data/catalogs/ver1plain-1628/photos/belbek-pino-nuar-roze-rozovoe-suhoe-115.webp,Пино Нуар розе
imenie-sikory-pino-nuar-sikory-krasnoe-suhoe-14,data/catalogs/ver1plain-1628/photos/imenie-sikory-pino-nuar-sikory-krasnoe-suhoe-14.webp,Пино Нуар Сикоры
valeriy-zaharin-pino-nuar-valeriy-zaharin-krasnoe-polusladkoe-105,data/catalogs/ver1plain-1628/photos/valeriy-zaharin-pino-nuar-valeriy-zaharin-krasnoe-polusladkoe-105.webp,Пино Нуар. Валерий Захарьин
pino-nuar-premium,data/catalogs/ver1plain-1628/photos/pino-nuar-premium.webp,Пино Нуар. Премиум
imenie-sikory-pino-nuar-semeynyy-rezerv-krasnoe-suhoe-14,data/catalogs/ver1plain-1628/photos/imenie-sikory-pino-nuar-semeynyy-rezerv-krasnoe-suhoe-14.webp,Пино Нуар. Семейный резерв
vinodelnya-bratev-melnikovyh-pino-dva-brata-pino-gri-rozovoe-suhoe-13,data/catalogs/ver1plain-1628/photos/vinodelnya-bratev-melnikovyh-pino-dva-brata-pino-gri-rozovoe-suhoe-13.webp,Пино. Два Брата
cloudy-winery-plohaya-devochka-pryanyy-traminer-traminer-beloe-suhoe-12,data/catalogs/ver1plain-1628/photos/cloudy-winery-plohaya-devochka-pryanyy-traminer-traminer-beloe-suhoe-12.webp,Плохая девочка. Пряный Traminer
cloudy-winery-plohaya-devochka-pryanyy-blend-byanka-beloe-suhoe-125,data/catalogs/ver1plain-1628/photos/cloudy-winery-plohaya-devochka-pryanyy-blend-byanka-beloe-suhoe-125.webp,Плохая девочка. Пряный Бленд
cloudy-winery-plohaya-devochka-sochnyy-pino-noir-pino-nuar-krasnoe-suhoe-12,data/catalogs/ver1plain-1628/photos/cloudy-winery-plohaya-devochka-sochnyy-pino-noir-pino-nuar-krasnoe-suhoe-12.webp,Плохая девочка. Сочный Pino Noir
v2r-podnyat-parusa-kaberne-sovinon-krasnoe-suhoe-125,data/catalogs/ver1plain-1628/photos/v2r-podnyat-parusa-kaberne-sovinon-krasnoe-suhoe-125.webp,Поднять паруса!
vinodelnya-pokrovskaya-pokrovskoe-krasnoe-kaberne-sovinon-suhoe-14,data/catalogs/ver1plain-1628/photos/vinodelnya-pokrovskaya-pokrovskoe-krasnoe-kaberne-sovinon-suhoe-14.webp,Покровское красное
vinodelnya-pokrovskaya-pokrovskoe-sladkoe-krasnoe-kaberne-sovinon-13,data/catalogs/ver1plain-1628/photos/vinodelnya-pokrovskaya-pokrovskoe-sladkoe-krasnoe-kaberne-sovinon-13.webp,Покровское сладкое красное
dacha-serdyuka-porechnoe-kaberne-sovinon-krasnoe-suhoe-13,data/catalogs/ver1plain-1628/photos/dacha-serdyuka-porechnoe-kaberne-sovinon-krasnoe-suhoe-13.webp,Поречное
zmv-koktebel-portveyn-beloe-kreplyonoe-aligote-sladkoe-17,data/catalogs/ver1plain-1628/photos/zmv-koktebel-portveyn-beloe-kreplyonoe-aligote-sladkoe-17.webp,Портвейн - белое креплёное
zmv-koktebel-portveyn-krasnoe-kreplyonoe-kaberne-sovinon-sladkoe-17,data/catalogs/ver1plain-1628/photos/zmv-koktebel-portveyn-krasnoe-kreplyonoe-kaberne-sovinon-sladkoe-17.webp,Портвейн - красное креплёное
massandra-portveyn-belyy-alushta-belye-sorta-vinograda-beloe-sladkoe-17,data/catalogs/ver1plain-1628/photos/massandra-portveyn-belyy-alushta-belye-sorta-vinograda-beloe-sladkoe-17.webp,Портвейн белый Алушта
massandra-portveyn-belyy-gurzuf-kokur-belyy-beloe-sladkoe-135,data/catalogs/ver1plain-1628/photos/massandra-portveyn-belyy-gurzuf-kokur-belyy-beloe-sladkoe-135.webp,Портвейн Белый Гурзуф
massandra-portveyn-belyy-krymskiy-kokur-beloe-sladkoe-18,data/catalogs/ver1plain-1628/photos/massandra-portveyn-belyy-krymskiy-kokur-beloe-sladkoe-18.webp,Портвейн белый крымский
massandra-portveyn-krasnyy-alushta-krasnye-sorta-vinograda-krasnoe-sladkoe-17,data/catalogs/ver1plain-1628/photos/massandra-portveyn-krasnyy-alushta-krasnye-sorta-vinograda-krasnoe-sladkoe-17.webp,Портвейн красный Алушта
massandra-portveyn-krasnyy-livadiya-kaberne-sovinon-krasnoe-sladkoe-185,data/catalogs/ver1plain-1628/photos/massandra-portveyn-krasnyy-livadiya-kaberne-sovinon-krasnoe-sladkoe-185.webp,Портвейн красный Ливадия
solnechnaya-dolina-porto-solnechnoy-doliny-kokur-belyy-beloe-sladkoe-175,data/catalogs/ver1plain-1628/photos/solnechnaya-dolina-porto-solnechnoy-doliny-kokur-belyy-beloe-sladkoe-175.webp,Порто Солнечной Долины
vinodelnya-vedernikov-pravoberezhnoe-beloe-aligote-suhoe-13,data/catalogs/ver1plain-1628/photos/vinodelnya-vedernikov-pravoberezhnoe-beloe-aligote-suhoe-13.webp,Правобережное белое
vinodelnya-vedernikov-pravoberezhnoe-krasnoe-kaberne-sovinon-suhoe-145,data/catalogs/ver1plain-1628/photos/vinodelnya-vedernikov-pravoberezhnoe-krasnoe-kaberne-sovinon-suhoe-145.webp,Правобережное красное
shato-ay-danil-presto-rezerv-kaberne-sovinon-krasnoe-suhoe-135,data/catalogs/ver1plain-1628/photos/shato-ay-danil-presto-rezerv-kaberne-sovinon-krasnoe-suhoe-135.webp,Престо Резерв
solnechnaya-dolina-privat-kaberne-sovinon-krasnoe-sladkoe-155,data/catalogs/ver1plain-1628/photos/solnechnaya-dolina-privat-kaberne-sovinon-krasnoe-sladkoe-155.webp,Приват
vinodelnya-batrak-prikumskoe-sonnenschein-shardone-beloe-suhoe-12,data/catalogs/ver1plain-1628/photos/vinodelnya-batrak-prikumskoe-sonnenschein-shardone-beloe-suhoe-12.webp,Прикумское Sonnenschein
vinodelnya-batrak-prikumskoe-vitale-kraft-kaberne-sovinon-krasnoe-suhoe-135,data/catalogs/ver1plain-1628/photos/vinodelnya-batrak-prikumskoe-vitale-kraft-kaberne-sovinon-krasnoe-suhoe-135.webp,Прикумское Vitale Kraft
vinodelnya-myshako-primitivo-blaufrankish-reserve-krasnoe-suhoe-142,data/catalogs/ver1plain-1628/photos/vinodelnya-myshako-primitivo-blaufrankish-reserve-krasnoe-suhoe-142.webp,Примитиво - Блауфранкиш Reserve
esse-prirodno-polusladkoe-beloe-risling-125,data/catalogs/ver1plain-1628/photos/esse-prirodno-polusladkoe-beloe-risling-125.webp,Природно Полусладкое белое
esse-prirodno-polusladkoe-krasnoe-merlo-13,data/catalogs/ver1plain-1628/photos/esse-prirodno-polusladkoe-krasnoe-merlo-13.webp,Природно Полусладкое красное
villa-di-alma-pti-verdo-krasnoe-suhoe-125,data/catalogs/ver1plain-1628/photos/villa-di-alma-pti-verdo-krasnoe-suhoe-125.webp,Пти Вердо
domaine-lipko-pti-verdo-krasnoe-suhoe-14,data/catalogs/ver1plain-1628/photos/domaine-lipko-pti-verdo-krasnoe-suhoe-14.webp,Пти Вердо
vinodelnya-uzunov-rash-risling-beloe-suhoe-127,data/catalogs/ver1plain-1628/photos/vinodelnya-uzunov-rash-risling-beloe-suhoe-127.webp,РАШ
vinodelnya-uzunov-rash-rezerv-risling-reynskiy-beloe-suhoe-127,data/catalogs/ver1plain-1628/photos/vinodelnya-uzunov-rash-rezerv-risling-reynskiy-beloe-suhoe-127.webp,РАШ Резерв
rebo,data/catalogs/ver1plain-1628/photos/rebo.webp,Ребо
relikta-relikta-antey-magarachskiy-muskat-belyy-rozovoe-polusuhoe-11,data/catalogs/ver1plain-1628/photos/relikta-relikta-antey-magarachskiy-muskat-belyy-rozovoe-polusuhoe-11.webp,"Реликта Антей Магарачский, Мускат Белый"
relikta-relikta-varvary-antey-magarachskiy-krasnoe-suhoe-13-15,data/catalogs/ver1plain-1628/photos/relikta-relikta-varvary-antey-magarachskiy-krasnoe-suhoe-13-15.webp,Реликта Варвары
relikta-relikta-dekabrskiy-krasnoe-polusladkoe-125,data/catalogs/ver1plain-1628/photos/relikta-relikta-dekabrskiy-krasnoe-polusladkoe-125.webp,Реликта Декабрьский
relikta-relikta-kaberne-sovinon-krasnoe-suhoe-135,data/catalogs/ver1plain-1628/photos/relikta-relikta-kaberne-sovinon-krasnoe-suhoe-135.webp,Реликта Каберне Совиньон
relikta-relikta-merlo-krasnoe-suhoe-135,data/catalogs/ver1plain-1628/photos/relikta-relikta-merlo-krasnoe-suhoe-135.webp,Реликта Мерло
relikta-relikta-merlo-kaberne-sovinon-krasnoe-suhoe-135,data/catalogs/ver1plain-1628/photos/relikta-relikta-merlo-kaberne-sovinon-krasnoe-suhoe-135.webp,"Реликта Мерло, Каберне Совиньон"
relikta-relikta-muskat-beloe-polusuhoe-12,data/catalogs/ver1plain-1628/photos/relikta-relikta-muskat-beloe-polusuhoe-12.webp,Реликта Мускат
relikta-relikta-muskat-belyy-beloe-suhoe-12,data/catalogs/ver1plain-1628/photos/relikta-relikta-muskat-belyy-beloe-suhoe-12.webp,Реликта Мускат Белый
relikta-relikta-pervenets-pervenets-magaracha-beloe-suhoe-12,data/catalogs/ver1plain-1628/photos/relikta-relikta-pervenets-pervenets-magaracha-beloe-suhoe-12.webp,Реликта Первенец
relikta-relikta-pervenets-muskat-pervenets-magaracha-beloe-polusladkoe-125,data/catalogs/ver1plain-1628/photos/relikta-relikta-pervenets-muskat-pervenets-magaracha-beloe-polusladkoe-125.webp,Реликта Первенец Мускат
relikta-relikta-petnat-antey-magarachskiy-rozovoe-ekstra-bryut-11,data/catalogs/ver1plain-1628/photos/relikta-relikta-petnat-antey-magarachskiy-rozovoe-ekstra-bryut-11.webp,Реликта Петнат
relikta-relikta-risling-beloe-suhoe-12,data/catalogs/ver1plain-1628/photos/relikta-relikta-risling-beloe-suhoe-12.webp,Реликта Рислинг
relikta-relikta-sira-krasnoe-suhoe-13,data/catalogs/ver1plain-1628/photos/relikta-relikta-sira-krasnoe-suhoe-13.webp,Реликта Сира
relikta-relikta-sira-kaberne-fran-krasnoe-suhoe-13,data/catalogs/ver1plain-1628/photos/relikta-relikta-sira-kaberne-fran-krasnoe-suhoe-13.webp,"Реликта Сира, Каберне Фран"
relikta-relikta-traminer-beloe-suhoe-11,data/catalogs/ver1plain-1628/photos/relikta-relikta-traminer-beloe-suhoe-11.webp,Реликта Траминер
relikta-relikta-shardone-beloe-suhoe-12,data/catalogs/ver1plain-1628/photos/relikta-relikta-shardone-beloe-suhoe-12.webp,Реликта Шардоне
relikta-relikta-ekstra-bryut-shardone-beloe-105,data/catalogs/ver1plain-1628/photos/relikta-relikta-ekstra-bryut-shardone-beloe-105.webp,Реликта Экстра Брют
rem-akchurin-rem-akchurin-pino-nuar-roze-rozovoe-suhoe-14,data/catalogs/ver1plain-1628/photos/rem-akchurin-rem-akchurin-pino-nuar-roze-rozovoe-suhoe-14.webp,Рем Акчурин Пино Нуар Розе
vinodelnya-raevskoe-renessans-beloe-shardone-suhoe-126,data/catalogs/ver1plain-1628/photos/vinodelnya-raevskoe-renessans-beloe-shardone-suhoe-126.webp,Ренессанс белое
vinodelnya-raevskoe-renessans-belyy-blend-risling-beloe-suhoe-121,data/catalogs/ver1plain-1628/photos/vinodelnya-raevskoe-renessans-belyy-blend-risling-beloe-suhoe-121.webp,Ренессанс Белый бленд
vinodelnya-raevskoe-renessans-blaufrankish-krasnoe-suhoe-128,data/catalogs/ver1plain-1628/photos/vinodelnya-raevskoe-renessans-blaufrankish-krasnoe-suhoe-128.webp,Ренессанс Блауфранкиш
vinodelnya-raevskoe-renessans-vione-beloe-suhoe-122,data/catalogs/ver1plain-1628/photos/vinodelnya-raevskoe-renessans-vione-beloe-suhoe-122.webp,Ренессанс Вионье
vinodelnya-raevskoe-renessans-karmener-krasnoe-suhoe-12,data/catalogs/ver1plain-1628/photos/vinodelnya-raevskoe-renessans-karmener-krasnoe-suhoe-12.webp,Ренессанс Карменер
vinodelnya-raevskoe-renessans-krasnoe-kaberne-sovinon-suhoe-13,data/catalogs/ver1plain-1628/photos/vinodelnya-raevskoe-renessans-krasnoe-kaberne-sovinon-suhoe-13.webp,Ренессанс красное
vinodelnya-raevskoe-renessans-pino-nuar-krasnoe-suhoe-125,data/catalogs/ver1plain-1628/photos/vinodelnya-raevskoe-renessans-pino-nuar-krasnoe-suhoe-125.webp,Ренессанс Пино Нуар
vinodelnya-raevskoe-renessans-pti-verdo-krasnoe-suhoe-145,data/catalogs/ver1plain-1628/photos/vinodelnya-raevskoe-renessans-pti-verdo-krasnoe-suhoe-145.webp,Ренессанс Пти Вердо
vinodelnya-raevskoe-renessans-rozovoe-tempranilo-suhoe-12,data/catalogs/ver1plain-1628/photos/vinodelnya-raevskoe-renessans-rozovoe-tempranilo-suhoe-12.webp,Ренессанс Розовое
vinodelnya-raevskoe-renessans-tempranilo-krasnoe-suhoe-135,data/catalogs/ver1plain-1628/photos/vinodelnya-raevskoe-renessans-tempranilo-krasnoe-suhoe-135.webp,Ренессанс Темпранильо
vinodelnya-raevskoe-renessans-shardone-beloe-suhoe-128,data/catalogs/ver1plain-1628/photos/vinodelnya-raevskoe-renessans-shardone-beloe-suhoe-128.webp,Ренессанс Шардоне
vinodelnya-raevskoe-renessans-shardone-beloe-suhoe-127,data/catalogs/ver1plain-1628/photos/vinodelnya-raevskoe-renessans-shardone-beloe-suhoe-127.webp,Ренессанс Шардоне
vinodelnya-krinitsa-rivazh-kaberne-sovinon-krasnoe-suhoe-13,data/catalogs/ver1plain-1628/photos/vinodelnya-krinitsa-rivazh-kaberne-sovinon-krasnoe-suhoe-13.webp,Риваж
alma-valley-rislaner-beloe-polusladkoe-125,data/catalogs/ver1plain-1628/photos/alma-valley-rislaner-beloe-polusladkoe-125.webp,Рисланер
winepark-risling-beloe-suhoe-125,data/catalogs/ver1plain-1628/photos/winepark-risling-beloe-suhoe-125.webp,Рислинг
andryus-yutsis-risling-beloe-suhoe-12,data/catalogs/ver1plain-1628/photos/andryus-yutsis-risling-beloe-suhoe-12.webp,Рислинг
bakla-vines-risling-beloe-polusuhoe-125,data/catalogs/ver1plain-1628/photos/bakla-vines-risling-beloe-polusuhoe-125.webp,Рислинг
esse-risling-beloe-suhoe-115,data/catalogs/ver1plain-1628/photos/esse-risling-beloe-suhoe-115.webp,Рислинг
chateau-andre-risling-beloe-suhoe-13,data/catalogs/ver1plain-1628/photos/chateau-andre-risling-beloe-suhoe-13.webp,Рислинг
belbek-risling-risling-reynskiy-beloe-suhoe-12,data/catalogs/ver1plain-1628/photos/belbek-risling-risling-reynskiy-beloe-suhoe-12.webp,Рислинг
vinodelnya-myshako-risling-beloe-suhoe-123,data/catalogs/ver1plain-1628/photos/vinodelnya-myshako-risling-beloe-suhoe-123.webp,Рислинг
gunko-winery-risling-beloe-suhoe-135,data/catalogs/ver1plain-1628/photos/gunko-winery-risling-beloe-suhoe-135.webp,Рислинг
chateau-cachalot-risling-beloe-suhoe-115,data/catalogs/ver1plain-1628/photos/chateau-cachalot-risling-beloe-suhoe-115.webp,Рислинг
golubitskoe-estate-risling-beloe-suhoe-125,data/catalogs/ver1plain-1628/photos/golubitskoe-estate-risling-beloe-suhoe-125.webp,Рислинг
domaine-de-la-vivandiere-risling-beloe-suhoe-122,data/catalogs/ver1plain-1628/photos/domaine-de-la-vivandiere-risling-beloe-suhoe-122.webp,Рислинг
villa-sofiya-risling-beloe-suhoe-12,data/catalogs/ver1plain-1628/photos/villa-sofiya-risling-beloe-suhoe-12.webp,Рислинг
domaine-lipko-risling-beloe-polusuhoe-124,data/catalogs/ver1plain-1628/photos/domaine-lipko-risling-beloe-polusuhoe-124.webp,Рислинг
dubinin-winery-risling-beloe-suhoe-12,data/catalogs/ver1plain-1628/photos/dubinin-winery-risling-beloe-suhoe-12.webp,Рислинг
loco-cimbali-risling-beloe-suhoe-125,data/catalogs/ver1plain-1628/photos/loco-cimbali-risling-beloe-suhoe-125.webp,Рислинг
denisov-winery-risling-beloe-suhoe-115,data/catalogs/ver1plain-1628/photos/denisov-winery-risling-beloe-suhoe-115.webp,Рислинг
vinodelnya-krinitsa-risling-beloe-suhoe-13,data/catalogs/ver1plain-1628/photos/vinodelnya-krinitsa-risling-beloe-suhoe-13.webp,Рислинг
vinodelnya-marko-risling-beloe-suhoe-12,data/catalogs/ver1plain-1628/photos/vinodelnya-marko-risling-beloe-suhoe-12.webp,Рислинг
abrau-dyurso-risling-beloe-suhoe-12,data/catalogs/ver1plain-1628/photos/abrau-dyurso-risling-beloe-suhoe-12.webp,Рислинг
rem-akchurin-risling-beloe-suhoe-125,data/catalogs/ver1plain-1628/photos/rem-akchurin-risling-beloe-suhoe-125.webp,Рислинг
vinodelnya-berdyaeva-risling-beloe-polusuhoe-108,data/catalogs/ver1plain-1628/photos/vinodelnya-berdyaeva-risling-beloe-polusuhoe-108.webp,Рислинг
vinodelnya-berdyaeva-risling-risling-reynskiy-beloe-suhoe-121,data/catalogs/ver1plain-1628/photos/vinodelnya-berdyaeva-risling-risling-reynskiy-beloe-suhoe-121.webp,Рислинг
v2r-risling-risling-reynskiy-beloe-suhoe-122,data/catalogs/ver1plain-1628/photos/v2r-risling-risling-reynskiy-beloe-suhoe-122.webp,Рислинг
belmas-winery-risling-beloe-suhoe-135,data/catalogs/ver1plain-1628/photos/belmas-winery-risling-beloe-suhoe-135.webp,Рислинг
loco-cimbali-risling-risling-reynskiy-beloe-suhoe-13,data/catalogs/ver1plain-1628/photos/loco-cimbali-risling-risling-reynskiy-beloe-suhoe-13.webp,Рислинг
vaynkraft-risling-beloe-suhoe-123,data/catalogs/ver1plain-1628/photos/vaynkraft-risling-beloe-suhoe-123.webp,Рислинг
rem-akchurin-risling-beloe-polusuhoe-12,data/catalogs/ver1plain-1628/photos/rem-akchurin-risling-beloe-polusuhoe-12.webp,Рислинг
abrau-dyurso-risling-beloe-suhoe-13,data/catalogs/ver1plain-1628/photos/abrau-dyurso-risling-beloe-suhoe-13.webp,Рислинг
alma-valley-risling-beloe-polusuhoe-125,data/catalogs/ver1plain-1628/photos/alma-valley-risling-beloe-polusuhoe-125.webp,Рислинг
donskoe-vinodelcheskoe-hozyaystvo-elbuzd-risling-beloe-suhoe-12,data/catalogs/ver1plain-1628/photos/donskoe-vinodelcheskoe-hozyaystvo-elbuzd-risling-beloe-suhoe-12.webp,Рислинг
tempelhof-winery-risling-risling-reynskiy-beloe-suhoe-115,data/catalogs/ver1plain-1628/photos/tempelhof-winery-risling-risling-reynskiy-beloe-suhoe-115.webp,Рислинг
villa-sofiya-risling-beloe-suhoe-131,data/catalogs/ver1plain-1628/photos/villa-sofiya-risling-beloe-suhoe-131.webp,Рислинг
sober-bash-risling-risling-reynskiy-beloe-suhoe-12,data/catalogs/ver1plain-1628/photos/sober-bash-risling-risling-reynskiy-beloe-suhoe-12.webp,Рислинг
vinodelnya-myshako-risling-mode-kabinett-beloe-polusuhoe-126,data/catalogs/ver1plain-1628/photos/vinodelnya-myshako-risling-mode-kabinett-beloe-polusuhoe-126.webp,Рислинг Mode Kabinett
vinodelnya-myshako-risling-kyuve-bryut-beloe-126,data/catalogs/ver1plain-1628/photos/vinodelnya-myshako-risling-kyuve-bryut-beloe-126.webp,Рислинг Кюве брют
golubitskoe-estate-risling-oranzh-risling-reynskiy-oranzhevoe-suhoe-13,data/catalogs/ver1plain-1628/photos/golubitskoe-estate-risling-oranzh-risling-reynskiy-oranzhevoe-suhoe-13.webp,Рислинг Оранж
jd_winery_risling_orange,data/catalogs/ver1plain-1628/photos/jd_winery_risling_orange.webp,Рислинг Оранж тихое
gunko-winery-risling-rezerv-beloe-suhoe-135,data/catalogs/ver1plain-1628/photos/gunko-winery-risling-rezerv-beloe-suhoe-135.webp,Рислинг резерв
nesterov-winery-risling-reynskiy-beloe-suhoe-12,data/catalogs/ver1plain-1628/photos/nesterov-winery-risling-reynskiy-beloe-suhoe-12.webp,Рислинг Рейнский
imenie-sikory-risling-sikory-beloe-suhoe-13,data/catalogs/ver1plain-1628/photos/imenie-sikory-risling-sikory-beloe-suhoe-13.webp,Рислинг Сикоры
risling-2024,data/catalogs/ver1plain-1628/photos/risling-2024.webp,"Рислинг, 2024"
vinodelnya-myshako-risling-blanc-out-beloe-suhoe-145,data/catalogs/ver1plain-1628/photos/vinodelnya-myshako-risling-blanc-out-beloe-suhoe-145.webp,Рислинг. Blanc Out
valeriy-zaharin-risling-valeriy-zaharin-risling-reynskiy-beloe-polusladkoe-125,data/catalogs/ver1plain-1628/photos/valeriy-zaharin-risling-valeriy-zaharin-risling-reynskiy-beloe-polusladkoe-125.webp,Рислинг. Валерий Захарьин
imenie-sikory-risling-pozdniy-sbor-beloe-sladkoe-13,data/catalogs/ver1plain-1628/photos/imenie-sikory-risling-pozdniy-sbor-beloe-sladkoe-13.webp,Рислинг. Поздний сбор
belbek-risling-pozdniy-sbor-risling-reynskiy-beloe-sladkoe-117,data/catalogs/ver1plain-1628/photos/belbek-risling-pozdniy-sbor-risling-reynskiy-beloe-sladkoe-117.webp,Рислинг. Поздний Сбор
vinodelnya-pokrovskaya-risling-pokrovskoe-risling-reynskiy-beloe-suhoe-13,data/catalogs/ver1plain-1628/photos/vinodelnya-pokrovskaya-risling-pokrovskoe-risling-reynskiy-beloe-suhoe-13.webp,Рислинг. Покровское
imenie-sikory-risling-semeynyy-rezerv-beloe-suhoe-13,data/catalogs/ver1plain-1628/photos/imenie-sikory-risling-semeynyy-rezerv-beloe-suhoe-13.webp,Рислинг. Семейный резерв
imenie-sikory-risling-semeynyy-rezerv-risling-reynskiy-beloe-suhoe-13,data/catalogs/ver1plain-1628/photos/imenie-sikory-risling-semeynyy-rezerv-risling-reynskiy-beloe-suhoe-13.webp,Рислинг. Семейный Резерв
sober-bash-rkatsiteli-beloe-suhoe-14,data/catalogs/ver1plain-1628/photos/sober-bash-rkatsiteli-beloe-suhoe-14.webp,Ркацители
zmv-koktebel-rkatsiteli-beloe-sladkoe-135,data/catalogs/ver1plain-1628/photos/zmv-koktebel-rkatsiteli-beloe-sladkoe-135.webp,Ркацители
esse-rkatsiteli-beloe-suhoe-125,data/catalogs/ver1plain-1628/photos/esse-rkatsiteli-beloe-suhoe-125.webp,Ркацители
vinodelnya-marchenko-rkatsiteli-beloe-suhoe-135,data/catalogs/ver1plain-1628/photos/vinodelnya-marchenko-rkatsiteli-beloe-suhoe-135.webp,Ркацители
loco-cimbali-rkatsiteli-oranzhevoe-suhoe-13,data/catalogs/ver1plain-1628/photos/loco-cimbali-rkatsiteli-oranzhevoe-suhoe-13.webp,Ркацители
mons-albus-rkatsiteli-beloe-suhoe-124,data/catalogs/ver1plain-1628/photos/mons-albus-rkatsiteli-beloe-suhoe-124.webp,Ркацители
vinodelnya-vedernikov-rkatsiteli-beloe-suhoe-13,data/catalogs/ver1plain-1628/photos/vinodelnya-vedernikov-rkatsiteli-beloe-suhoe-13.webp,Ркацители
belbek-rkatsiteli-beloe-suhoe-13,data/catalogs/ver1plain-1628/photos/belbek-rkatsiteli-beloe-suhoe-13.webp,Ркацители
denisov-winery-rkatsiteli-beloe-suhoe-112,data/catalogs/ver1plain-1628/photos/denisov-winery-rkatsiteli-beloe-suhoe-112.webp,Ркацители
levokumskoe-rkatsiteli-beloe-suhoe-10,data/catalogs/ver1plain-1628/photos/levokumskoe-rkatsiteli-beloe-suhoe-10.webp,Ркацители
usadba-perovskih-rkatsiteli-beloe-suhoe-13,data/catalogs/ver1plain-1628/photos/usadba-perovskih-rkatsiteli-beloe-suhoe-13.webp,Ркацители
vinodelnya-pokrovskaya-rkatsiteli-shardone-pokrovskoe-beloe-suhoe-13,data/catalogs/ver1plain-1628/photos/vinodelnya-pokrovskaya-rkatsiteli-shardone-pokrovskoe-beloe-suhoe-13.webp,Ркацители - Шардоне. Покровское
sober-bash-rkatsiteli-amfora-beloe-suhoe-135,data/catalogs/ver1plain-1628/photos/sober-bash-rkatsiteli-amfora-beloe-suhoe-135.webp,Ркацители Амфора
belbek-rkatsiteli-barrik-beloe-suhoe-13,data/catalogs/ver1plain-1628/photos/belbek-rkatsiteli-barrik-beloe-suhoe-13.webp,Ркацители Баррик
zmv-koktebel-rkatsiteli-desertnoe-beloe-sladkoe-16,data/catalogs/ver1plain-1628/photos/zmv-koktebel-rkatsiteli-desertnoe-beloe-sladkoe-16.webp,Ркацители десертное
vaynkraft-rkatsiteli-oranzh-oranzhevoe-suhoe-12,data/catalogs/ver1plain-1628/photos/vaynkraft-rkatsiteli-oranzh-oranzhevoe-suhoe-12.webp,Ркацители Оранж
esse-rkatsiteli-oranzh-beloe-suhoe-12,data/catalogs/ver1plain-1628/photos/esse-rkatsiteli-oranzh-beloe-suhoe-12.webp,Ркацители Оранж
bogovich-wine-vineyard-rkatsiteli-oranzh-beloe-suhoe-125,data/catalogs/ver1plain-1628/photos/bogovich-wine-vineyard-rkatsiteli-oranzh-beloe-suhoe-125.webp,Ркацители Оранж
esse-rkatsiteli-syur-li-beloe-suhoe-125,data/catalogs/ver1plain-1628/photos/esse-rkatsiteli-syur-li-beloe-suhoe-125.webp,Ркацители Сюр Ли
vinodelnya-zhakov-rkatsiteli-eskeyp-krasnoe-suhoe-119,data/catalogs/ver1plain-1628/photos/vinodelnya-zhakov-rkatsiteli-eskeyp-krasnoe-suhoe-119.webp,Ркацители Эскейп
v2r-roze-kaberne-sovinon-rozovoe-polusuhoe-13,data/catalogs/ver1plain-1628/photos/v2r-roze-kaberne-sovinon-rozovoe-polusuhoe-13.webp,Розе
gunko-winery-roze-kaberne-fran-rozovoe-suhoe-135,data/catalogs/ver1plain-1628/photos/gunko-winery-roze-kaberne-fran-rozovoe-suhoe-135.webp,Розе
chateau-de-talu-roze-kaberne-sovinon-rozovoe-suhoe-14,data/catalogs/ver1plain-1628/photos/chateau-de-talu-roze-kaberne-sovinon-rozovoe-suhoe-14.webp,Розе
esse-roze-kaberne-sovinon-rozovoe-suhoe-135,data/catalogs/ver1plain-1628/photos/esse-roze-kaberne-sovinon-rozovoe-suhoe-135.webp,Розе
roze,data/catalogs/ver1plain-1628/photos/roze.webp,Розе
dubinin-winery-roze-kaberne-fran-rozovoe-suhoe-13,data/catalogs/ver1plain-1628/photos/dubinin-winery-roze-kaberne-fran-rozovoe-suhoe-13.webp,Розе
domaine-lipko-roze-sira-rozovoe-suhoe-135,data/catalogs/ver1plain-1628/photos/domaine-lipko-roze-sira-rozovoe-suhoe-135.webp,Розе Сира
belbek-roze-sira-rozovoe-suhoe-125,data/catalogs/ver1plain-1628/photos/belbek-roze-sira-rozovoe-suhoe-125.webp,Розе Сира
vinodelnya-uzunov-roze-ekstra-bryut-kaberne-sovinon-rozovoe-127,data/catalogs/ver1plain-1628/photos/vinodelnya-uzunov-roze-ekstra-bryut-kaberne-sovinon-rozovoe-127.webp,Розе экстра брют
zmv-koktebel-roze-merlo-rozovoe-suhoe-12,data/catalogs/ver1plain-1628/photos/zmv-koktebel-roze-merlo-rozovoe-suhoe-12.webp,"Розе, Мерло"
roze-premium,data/catalogs/ver1plain-1628/photos/roze-premium.webp,Розе. Премиум
vinodelnya-zhakov-rozeo-saperavi-rozovoe-suhoe-115,data/catalogs/ver1plain-1628/photos/vinodelnya-zhakov-rozeo-saperavi-rozovoe-suhoe-115.webp,Розео
vinodelnya-pokrovskaya-rozovoe-marinovskiy-suhoe-135,data/catalogs/ver1plain-1628/photos/vinodelnya-pokrovskaya-rozovoe-marinovskiy-suhoe-135.webp,Розовое
dva-serdtsa-rozovoe-kaberne-sovinon-suhoe-13,data/catalogs/ver1plain-1628/photos/dva-serdtsa-rozovoe-kaberne-sovinon-suhoe-13.webp,Розовое
rozovoe-polusladkoe,data/catalogs/ver1plain-1628/photos/rozovoe-polusladkoe.webp,Розовое полусладкое
novyy-svet-dom-shampanskih-vin-rossiyskoe-shampanskoe-vyderzhannoe-bryut-beloe-novyy-svet-shardone-125,data/catalogs/ver1plain-1628/photos/novyy-svet-dom-shampanskih-vin-rossiyskoe-shampanskoe-vyderzhannoe-bryut-beloe-novyy-svet-shardone-125.webp,Российское шампанское выдержанное брют белое «Новый Свет»
novyy-svet-dom-shampanskih-vin-rossiyskoe-shampanskoe-vyderzhannoe-bryut-rozovoe-novyy-svet-kaberne-kaberne-sovinon-11,data/catalogs/ver1plain-1628/photos/novyy-svet-dom-shampanskih-vin-rossiyskoe-shampanskoe-vyderzhannoe-bryut-rozovoe-novyy-svet-kaberne-kaberne-sovinon-11.webp,Российское шампанское выдержанное брют розовое «Новый Свет. Каберне»
novyy-svet-dom-shampanskih-vin-rossiyskoe-shampanskoe-vyderzhannoe-polusladkoe-rozovoe-novyy-svet-shardone-125,data/catalogs/ver1plain-1628/photos/novyy-svet-dom-shampanskih-vin-rossiyskoe-shampanskoe-vyderzhannoe-polusladkoe-rozovoe-novyy-svet-shardone-125.webp,Российское шампанское выдержанное полусладкое розовое «Новый Свет»
novyy-svet-dom-shampanskih-vin-rossiyskoe-shampanskoe-vyderzhannoe-ekstra-bryut-beloe-novyy-svet-aligote-13,data/catalogs/ver1plain-1628/photos/novyy-svet-dom-shampanskih-vin-rossiyskoe-shampanskoe-vyderzhannoe-ekstra-bryut-beloe-novyy-svet-aligote-13.webp,Российское шампанское выдержанное экстра брют белое «Новый Свет. Алиготе»
novyy-svet-dom-shampanskih-vin-rossiyskoe-shampanskoe-vyderzhannoe-ekstra-bryut-beloe-novyy-svet-kokur-11,data/catalogs/ver1plain-1628/photos/novyy-svet-dom-shampanskih-vin-rossiyskoe-shampanskoe-vyderzhannoe-ekstra-bryut-beloe-novyy-svet-kokur-11.webp,Российское шампанское выдержанное экстра брют белое «Новый Свет. Кокур»
novyy-svet-dom-shampanskih-vin-rossiyskoe-shampanskoe-kollektsionnoe-bryut-beloe-novyy-svet-zolotoy-risling-suhoe-13,data/catalogs/ver1plain-1628/photos/novyy-svet-dom-shampanskih-vin-rossiyskoe-shampanskoe-kollektsionnoe-bryut-beloe-novyy-svet-zolotoy-risling-suhoe-13.webp,Российское шампанское коллекционное брют белое «Новый Свет. Золотой Рислинг»
novyy-svet-dom-shampanskih-vin-rossiyskoe-shampanskoe-kollektsionnoe-bryut-beloe-novyy-svet-kyuve-de-prestizh-pino-gri-millezim-rozovoe-125,data/catalogs/ver1plain-1628/photos/novyy-svet-dom-shampanskih-vin-rossiyskoe-shampanskoe-kollektsionnoe-bryut-beloe-novyy-svet-kyuve-de-prestizh-pino-gri-millezim-rozovoe-125.webp,Российское шампанское коллекционное брют белое «Новый Свет. Кюве Де Престиж Пино Гри Миллезим»
novyy-svet-dom-shampanskih-vin-rossiyskoe-shampanskoe-kollektsionnoe-bryut-beloe-novyy-svet-paradizio-shardone-125,data/catalogs/ver1plain-1628/photos/novyy-svet-dom-shampanskih-vin-rossiyskoe-shampanskoe-kollektsionnoe-bryut-beloe-novyy-svet-paradizio-shardone-125.webp,Российское шампанское коллекционное брют белое «Новый Свет. Парадизио»
novyy-svet-dom-shampanskih-vin-rossiyskoe-shampanskoe-kollektsionnoe-bryut-beloe-novyy-svet-yubileynoe-risling-13,data/catalogs/ver1plain-1628/photos/novyy-svet-dom-shampanskih-vin-rossiyskoe-shampanskoe-kollektsionnoe-bryut-beloe-novyy-svet-yubileynoe-risling-13.webp,Российское шампанское коллекционное брют белое «Новый Свет. Юбилейное»
novyy-svet-dom-shampanskih-vin-rossiyskoe-shampanskoe-kollektsionnoe-bryut-rozovoe-novyy-svet-pino-nuar-135,data/catalogs/ver1plain-1628/photos/novyy-svet-dom-shampanskih-vin-rossiyskoe-shampanskoe-kollektsionnoe-bryut-rozovoe-novyy-svet-pino-nuar-135.webp,Российское шампанское коллекционное брют розовое «Новый Свет. Пино Нуар»
novyy-svet-dom-shampanskih-vin-rossiyskoe-shampanskoe-kollektsionnoe-polusuhoe-beloe-novyy-svet-shardone-13,data/catalogs/ver1plain-1628/photos/novyy-svet-dom-shampanskih-vin-rossiyskoe-shampanskoe-kollektsionnoe-polusuhoe-beloe-novyy-svet-shardone-13.webp,Российское шампанское коллекционное полусухое белое «Новый Свет»
novyy-svet-dom-shampanskih-vin-rossiyskoe-shampanskoe-kollektsionnoe-polusuhoe-beloe-novyy-svet-risling-125,data/catalogs/ver1plain-1628/photos/novyy-svet-dom-shampanskih-vin-rossiyskoe-shampanskoe-kollektsionnoe-polusuhoe-beloe-novyy-svet-risling-125.webp,Российское шампанское коллекционное полусухое белое «Новый Свет»
novyy-svet-dom-shampanskih-vin-rossiyskoe-shampanskoe-kollektsionnoe-polusuhoe-rozovoe-novyy-svet-pino-nuar-125,data/catalogs/ver1plain-1628/photos/novyy-svet-dom-shampanskih-vin-rossiyskoe-shampanskoe-kollektsionnoe-polusuhoe-rozovoe-novyy-svet-pino-nuar-125.webp,Российское шампанское коллекционное полусухое розовое «Новый Свет. Пино Нуар»
novyy-svet-dom-shampanskih-vin-rossiyskoe-shampanskoe-kollektsionnoe-ekstra-bryut-beloe-novyy-svet-blan-de-nuar-pino-nuar-13,data/catalogs/ver1plain-1628/photos/novyy-svet-dom-shampanskih-vin-rossiyskoe-shampanskoe-kollektsionnoe-ekstra-bryut-beloe-novyy-svet-blan-de-nuar-pino-nuar-13.webp,Российское шампанское коллекционное экстра брют белое «Новый Свет. Блан де Нуар»
novyy-svet-dom-shampanskih-vin-rossiyskoe-shampanskoe-kollektsionnoe-ekstra-bryut-beloe-novyy-svet-kyuve-de-prestizh-shardone-125,data/catalogs/ver1plain-1628/photos/novyy-svet-dom-shampanskih-vin-rossiyskoe-shampanskoe-kollektsionnoe-ekstra-bryut-beloe-novyy-svet-kyuve-de-prestizh-shardone-125.webp,Российское шампанское коллекционное экстра брют белое «Новый Свет. Кюве Де Престиж Шардоне»
novyy-svet-dom-shampanskih-vin-rossiyskoe-shampanskoe-kollektsionnoe-ekstra-bryut-beloe-novyy-svet-kyuve-risling-125,data/catalogs/ver1plain-1628/photos/novyy-svet-dom-shampanskih-vin-rossiyskoe-shampanskoe-kollektsionnoe-ekstra-bryut-beloe-novyy-svet-kyuve-risling-125.webp,Российское шампанское коллекционное экстра брют белое «Новый Свет. Кюве»
novyy-svet-dom-shampanskih-vin-rossiyskoe-shampanskoe-kollektsionnoe-ekstra-bryut-beloe-novyy-svet-risling-kyuve-de-prestizh-125,data/catalogs/ver1plain-1628/photos/novyy-svet-dom-shampanskih-vin-rossiyskoe-shampanskoe-kollektsionnoe-ekstra-bryut-beloe-novyy-svet-risling-kyuve-de-prestizh-125.webp,Российское шампанское коллекционное экстра брют белое «Новый Свет. Рислинг Кюве Де Престиж»
novyy-svet-dom-shampanskih-vin-rossiyskoe-shampanskoe-kollektsionnoe-ekstra-bryut-beloe-novyy-svet-shardone-125,data/catalogs/ver1plain-1628/photos/novyy-svet-dom-shampanskih-vin-rossiyskoe-shampanskoe-kollektsionnoe-ekstra-bryut-beloe-novyy-svet-shardone-125.webp,Российское шампанское коллекционное экстра брют белое «Новый Свет»
vinodelnya-marchenko-rubin-rubin-azos-krasnoe-suhoe-14,data/catalogs/ver1plain-1628/photos/vinodelnya-marchenko-rubin-rubin-azos-krasnoe-suhoe-14.webp,Рубин
sober-bash-rubin-rubin-rubin-azos-krasnoe-suhoe-14,data/catalogs/ver1plain-1628/photos/sober-bash-rubin-rubin-rubin-azos-krasnoe-suhoe-14.webp,Рубин & Рубин
nesterov-winery-rubin-golodrigi-krasnoe-suhoe-11,data/catalogs/ver1plain-1628/photos/nesterov-winery-rubin-golodrigi-krasnoe-suhoe-11.webp,Рубин Голодриги
rubin-premium,data/catalogs/ver1plain-1628/photos/rubin-premium.webp,Рубин. Премиум
esse-rubinovyy-rubinovyy-magaracha-krasnoe-suhoe-12,data/catalogs/ver1plain-1628/photos/esse-rubinovyy-rubinovyy-magaracha-krasnoe-suhoe-12.webp,Рубиновый
chateau-de-talu-ruzh-kaberne-sovinon-krasnoe-suhoe-14,data/catalogs/ver1plain-1628/photos/chateau-de-talu-ruzh-kaberne-sovinon-krasnoe-suhoe-14.webp,Руж
zmv-koktebel-ruzh-rubinovyy-magaracha-krasnoe-suhoe-135,data/catalogs/ver1plain-1628/photos/zmv-koktebel-ruzh-rubinovyy-magaracha-krasnoe-suhoe-135.webp,"Руж, Рубиновый Магарача"
abrau-dyurso-russkoe-igristoe-koshernoe-bryut-shardone-beloe-13,data/catalogs/ver1plain-1628/photos/abrau-dyurso-russkoe-igristoe-koshernoe-bryut-shardone-beloe-13.webp,Русское Игристое кошерное брют
abrau-dyurso-russkoe-igristoe-koshernoe-polusladkoe-shardone-beloe-12,data/catalogs/ver1plain-1628/photos/abrau-dyurso-russkoe-igristoe-koshernoe-polusladkoe-shardone-beloe-12.webp,Русское Игристое кошерное полусладкое
abrau-dyurso-russkoe-igristoe-polusladkoe-shardone-beloe-12,data/catalogs/ver1plain-1628/photos/abrau-dyurso-russkoe-igristoe-polusladkoe-shardone-beloe-12.webp,Русское Игристое полусладкое
abrau-dyurso-russkoe-igristoe-polusladkoe-krasnoe-kaberne-sovinon-12,data/catalogs/ver1plain-1628/photos/abrau-dyurso-russkoe-igristoe-polusladkoe-krasnoe-kaberne-sovinon-12.webp,Русское Игристое полусладкое красное
abrau-dyurso-russkoe-igristoe-polusuhoe-shardone-beloe-12,data/catalogs/ver1plain-1628/photos/abrau-dyurso-russkoe-igristoe-polusuhoe-shardone-beloe-12.webp,Русское Игристое полусухое
abrau-dyurso-russkoe-igristoe-polusuhoe-rozovoe-pino-nuar-12,data/catalogs/ver1plain-1628/photos/abrau-dyurso-russkoe-igristoe-polusuhoe-rozovoe-pino-nuar-12.webp,Русское Игристое полусухое розовое
vinodelnya-pokrovskaya-ryzhest-rkatsiteli-beloe-suhoe-11,data/catalogs/ver1plain-1628/photos/vinodelnya-pokrovskaya-ryzhest-rkatsiteli-beloe-suhoe-11.webp,Рыжесть
ferrum-winery-sabernet-sauvignon-kaberne-sovinon-krasnoe-suhoe-14,data/catalogs/ver1plain-1628/photos/ferrum-winery-sabernet-sauvignon-kaberne-sovinon-krasnoe-suhoe-14.webp,Сabernet Sauvignon
ferrum-winery-sabernet-sauvignon-cabernet-franc-kaberne-sovinon-krasnoe-suhoe-12,data/catalogs/ver1plain-1628/photos/ferrum-winery-sabernet-sauvignon-cabernet-franc-kaberne-sovinon-krasnoe-suhoe-12.webp,Сabernet Sauvignon - Cabernet Franc
cellar-master-sandzhoveze-krasnoe-suhoe-125,data/catalogs/ver1plain-1628/photos/cellar-master-sandzhoveze-krasnoe-suhoe-125.webp,Санджовезе
belbek-sandzhoveze-krasnoe-suhoe-14,data/catalogs/ver1plain-1628/photos/belbek-sandzhoveze-krasnoe-suhoe-14.webp,Санджовезе
valeriy-zaharin-sandzhoveze-burlyuk-krasnoe-suhoe-13,data/catalogs/ver1plain-1628/photos/valeriy-zaharin-sandzhoveze-burlyuk-krasnoe-suhoe-13.webp,Санджовезе. Бурлюк
belbek-saperavi-krasnoe-suhoe-137,data/catalogs/ver1plain-1628/photos/belbek-saperavi-krasnoe-suhoe-137.webp,Саперави
vinodelnya-zhakov-saperavi-krasnoe-suhoe-126,data/catalogs/ver1plain-1628/photos/vinodelnya-zhakov-saperavi-krasnoe-suhoe-126.webp,Саперави
vinabani-saperavi-krasnoe-suhoe-135,data/catalogs/ver1plain-1628/photos/vinabani-saperavi-krasnoe-suhoe-135.webp,Саперави
vinodelnya-78-saperavi-krasnoe-suhoe-135,data/catalogs/ver1plain-1628/photos/vinodelnya-78-saperavi-krasnoe-suhoe-135.webp,Саперави
dacha-serdyuka-saperavi-saperavi-severnyy-krasnoe-suhoe-14,data/catalogs/ver1plain-1628/photos/dacha-serdyuka-saperavi-saperavi-severnyy-krasnoe-suhoe-14.webp,Саперави
nesterov-winery-saperavi-krasnoe-suhoe-135,data/catalogs/ver1plain-1628/photos/nesterov-winery-saperavi-krasnoe-suhoe-135.webp,Саперави
dva-serdtsa-saperavi-krasnoe-suhoe-135,data/catalogs/ver1plain-1628/photos/dva-serdtsa-saperavi-krasnoe-suhoe-135.webp,Саперави
esse-saperavi-krasnoe-suhoe-13,data/catalogs/ver1plain-1628/photos/esse-saperavi-krasnoe-suhoe-13.webp,Саперави
sober-bash-saperavi-krasnoe-suhoe-13,data/catalogs/ver1plain-1628/photos/sober-bash-saperavi-krasnoe-suhoe-13.webp,Саперави
valeriy-zaharin-saperavi-kaberne-sovinon-bakkal-su-krasnoe-suhoe-12,data/catalogs/ver1plain-1628/photos/valeriy-zaharin-saperavi-kaberne-sovinon-bakkal-su-krasnoe-suhoe-12.webp,Саперави - Каберне Совиньон. Баккал Су
oxana-istratova-wine-saperavi-2023-krasnoe-suhoe-13,data/catalogs/ver1plain-1628/photos/oxana-istratova-wine-saperavi-2023-krasnoe-suhoe-13.webp,Саперави 2023
vinodelnya-zhakov-saperavi-escape-krasnoe-suhoe-127,data/catalogs/ver1plain-1628/photos/vinodelnya-zhakov-saperavi-escape-krasnoe-suhoe-127.webp,Саперави Escape
gunko-winery-saperavi-gunko-winery-krasnoe-suhoe-135,data/catalogs/ver1plain-1628/photos/gunko-winery-saperavi-gunko-winery-krasnoe-suhoe-135.webp,Саперави Gunko Winery
esse-saperavi-heaven-krasnoe-suhoe-13,data/catalogs/ver1plain-1628/photos/esse-saperavi-heaven-krasnoe-suhoe-13.webp,Саперави Heaven
sober-bash-saperavi-amfora-krasnoe-suhoe-14,data/catalogs/ver1plain-1628/photos/sober-bash-saperavi-amfora-krasnoe-suhoe-14.webp,Саперави Амфора
vinodelnya-zhakov-saperavi-vyderzhannoe-krasnoe-suhoe-115,data/catalogs/ver1plain-1628/photos/vinodelnya-zhakov-saperavi-vyderzhannoe-krasnoe-suhoe-115.webp,Саперави выдержанное
kuban-vino-saperavi-de-tamane-krasnoe-suhoe-125,data/catalogs/ver1plain-1628/photos/kuban-vino-saperavi-de-tamane-krasnoe-suhoe-125.webp,Саперави де Тамань
belbek-saperavi-rezerv-krasnoe-suhoe-14,data/catalogs/ver1plain-1628/photos/belbek-saperavi-rezerv-krasnoe-suhoe-14.webp,Саперави Резерв
dubinin-winery-saperavi-fresh-krasnoe-suhoe-135,data/catalogs/ver1plain-1628/photos/dubinin-winery-saperavi-fresh-krasnoe-suhoe-135.webp,Саперави фреш
valeriy-zaharin-sary-pandas-valeriy-zaharin-beloe-suhoe-125,data/catalogs/ver1plain-1628/photos/valeriy-zaharin-sary-pandas-valeriy-zaharin-beloe-suhoe-125.webp,Сары Пандас. Валерий Захарьин
satera-satera-esse-krasnyy-blend-15-kaberne-sovinon-krasnoe-suhoe-13,data/catalogs/ver1plain-1628/photos/satera-satera-esse-krasnyy-blend-15-kaberne-sovinon-krasnoe-suhoe-13.webp,Сатера Эссе Красный Бленд 15
vinodelnya-marchenko-svezhiy-veter-mtsvane-mtsvane-kahetinskiy-beloe-suhoe-135,data/catalogs/ver1plain-1628/photos/vinodelnya-marchenko-svezhiy-veter-mtsvane-mtsvane-kahetinskiy-beloe-suhoe-135.webp,Свежий ветер. Мцване
imenie-sikory-semeynoe-nasledie-kaberne-sovinon-krasnoe-suhoe-14,data/catalogs/ver1plain-1628/photos/imenie-sikory-semeynoe-nasledie-kaberne-sovinon-krasnoe-suhoe-14.webp,Семейное Наследие
alma-valley-semilon-beloe-suhoe-135,data/catalogs/ver1plain-1628/photos/alma-valley-semilon-beloe-suhoe-135.webp,Семильон
vinodelnya-myshako-semilon-aligote-reserve-beloe-suhoe-126,data/catalogs/ver1plain-1628/photos/vinodelnya-myshako-semilon-aligote-reserve-beloe-suhoe-126.webp,Семильон - Алиготе Reserve
belbek-semilon-rezerv-beloe-suhoe-127,data/catalogs/ver1plain-1628/photos/belbek-semilon-rezerv-beloe-suhoe-127.webp,Семильон Резерв
domaine-de-la-vivandiere-senso-roze-rozovoe-suhoe-126,data/catalogs/ver1plain-1628/photos/domaine-de-la-vivandiere-senso-roze-rozovoe-suhoe-126.webp,Сенсо розе
dacha-serdyuka-sibirkovyy-beloe-suhoe-135,data/catalogs/ver1plain-1628/photos/dacha-serdyuka-sibirkovyy-beloe-suhoe-135.webp,Сибирьковый
vinodelnya-vedernikov-sibirkovyy-beloe-suhoe-11,data/catalogs/ver1plain-1628/photos/vinodelnya-vedernikov-sibirkovyy-beloe-suhoe-11.webp,Сибирьковый
blagolyubov-sibirkovyy-beloe-suhoe-115,data/catalogs/ver1plain-1628/photos/blagolyubov-sibirkovyy-beloe-suhoe-115.webp,Сибирьковый
domaine-de-la-vivandiere-sibirkovyy-sur-lies-beloe-suhoe-121,data/catalogs/ver1plain-1628/photos/domaine-de-la-vivandiere-sibirkovyy-sur-lies-beloe-suhoe-121.webp,Сибирьковый sur lies
dacha-serdyuka-sibirkovyy-oranzh-beloe-suhoe-135,data/catalogs/ver1plain-1628/photos/dacha-serdyuka-sibirkovyy-oranzh-beloe-suhoe-135.webp,Сибирьковый Оранж
domaine-de-la-vivandiere-sibirkovyy-fresh-beloe-suhoe-125,data/catalogs/ver1plain-1628/photos/domaine-de-la-vivandiere-sibirkovyy-fresh-beloe-suhoe-125.webp,Сибирьковый фреш
vinodelnya-vedernikov-sibirkovyy-ekstra-bryut-beloe-117,data/catalogs/ver1plain-1628/photos/vinodelnya-vedernikov-sibirkovyy-ekstra-bryut-beloe-117.webp,Сибирьковый экстра брют
vinodelnya-vedernikov-sibirkovyy-aligote-beloe-bryut-117,data/catalogs/ver1plain-1628/photos/vinodelnya-vedernikov-sibirkovyy-aligote-beloe-bryut-117.webp,Сибирьковый-Алиготе
viktor-stashko-sira-krasnoe-suhoe-14,data/catalogs/ver1plain-1628/photos/viktor-stashko-sira-krasnoe-suhoe-14.webp,Сира
bakla-vines-sira-krasnoe-suhoe-135,data/catalogs/ver1plain-1628/photos/bakla-vines-sira-krasnoe-suhoe-135.webp,Сира
sira,data/catalogs/ver1plain-1628/photos/sira.webp,Сира
chateau-cachalot-sira-krasnoe-suhoe-12,data/catalogs/ver1plain-1628/photos/chateau-cachalot-sira-krasnoe-suhoe-12.webp,Сира
gavras-sira-krasnoe-suhoe-135,data/catalogs/ver1plain-1628/photos/gavras-sira-krasnoe-suhoe-135.webp,Сира
vinodelnya-myshako-sira-marselan-kyuve-krasnoe-suhoe-136,data/catalogs/ver1plain-1628/photos/vinodelnya-myshako-sira-marselan-kyuve-krasnoe-suhoe-136.webp,Сира – Марселан. Кюве
a-gordienko-m-nikolaev-sira-nuvo-krasnoe-suhoe-115,data/catalogs/ver1plain-1628/photos/a-gordienko-m-nikolaev-sira-nuvo-krasnoe-suhoe-115.webp,Сира Нуво
belbek-sira-rezerv-krasnoe-suhoe-132,data/catalogs/ver1plain-1628/photos/belbek-sira-rezerv-krasnoe-suhoe-132.webp,Сира Резерв
mantra-estate-sira-roze-rozovoe-suhoe-12,data/catalogs/ver1plain-1628/photos/mantra-estate-sira-roze-rozovoe-suhoe-12.webp,Сира розе
valeriy-zaharin-sira-valeriy-zaharin-krasnoe-polusladkoe-125,data/catalogs/ver1plain-1628/photos/valeriy-zaharin-sira-valeriy-zaharin-krasnoe-polusladkoe-125.webp,Сира. Валерий Захарьин
vinodelnya-krinitsa-sirakyuz-krasnoe-suhoe-13,data/catalogs/ver1plain-1628/photos/vinodelnya-krinitsa-sirakyuz-krasnoe-suhoe-13.webp,Сиракюз
skalistyy-bereg-skalistyy-bereg-kaberne-sovinon-krasnoe-suhoe-15,data/catalogs/ver1plain-1628/photos/skalistyy-bereg-skalistyy-bereg-kaberne-sovinon-krasnoe-suhoe-15.webp,Скалистый берег. Каберне Совиньон
skalistyy-bereg-skalistyy-bereg-kaberne-fran-krasnoe-suhoe-15,data/catalogs/ver1plain-1628/photos/skalistyy-bereg-skalistyy-bereg-kaberne-fran-krasnoe-suhoe-15.webp,Скалистый берег. Каберне Фран
skalistyy-bereg-skalistyy-bereg-krasnaya-kniga-glava-1-kaberne-sovinon-krasnoe-suhoe-147,data/catalogs/ver1plain-1628/photos/skalistyy-bereg-skalistyy-bereg-krasnaya-kniga-glava-1-kaberne-sovinon-krasnoe-suhoe-147.webp,Скалистый берег. Красная книга. Глава 1
skalistyy-bereg-skalistyy-bereg-krasnaya-kniga-glava-2-merlo-krasnoe-suhoe-15,data/catalogs/ver1plain-1628/photos/skalistyy-bereg-skalistyy-bereg-krasnaya-kniga-glava-2-merlo-krasnoe-suhoe-15.webp,Скалистый берег. Красная книга. Глава 2
skalistyy-bereg-skalistyy-bereg-krasnostop-zolotovskiy-krasnoe-suhoe-133,data/catalogs/ver1plain-1628/photos/skalistyy-bereg-skalistyy-bereg-krasnostop-zolotovskiy-krasnoe-suhoe-133.webp,Скалистый берег. Красностоп Золотовский
skalistyy-bereg-skalistyy-bereg-pino-nuar-krasnoe-suhoe-13,data/catalogs/ver1plain-1628/photos/skalistyy-bereg-skalistyy-bereg-pino-nuar-krasnoe-suhoe-13.webp,Скалистый берег. Пино Нуар
skalistyy-bereg-skalistyy-bereg-risling-beloe-suhoe-113,data/catalogs/ver1plain-1628/photos/skalistyy-bereg-skalistyy-bereg-risling-beloe-suhoe-113.webp,Скалистый берег. Рислинг
skalistyy-bereg-skalistyy-bereg-sovinon-blan-beloe-suhoe-12,data/catalogs/ver1plain-1628/photos/skalistyy-bereg-skalistyy-bereg-sovinon-blan-beloe-suhoe-12.webp,Скалистый берег. Совиньон Блан
skalistyy-bereg-skalistyy-bereg-shardone-beloe-suhoe-135,data/catalogs/ver1plain-1628/photos/skalistyy-bereg-skalistyy-bereg-shardone-beloe-suhoe-135.webp,Скалистый берег. Шардоне
shato-ay-danil-skarlatto-da-sole-saperavi-krasnoe-polusladkoe-13,data/catalogs/ver1plain-1628/photos/shato-ay-danil-skarlatto-da-sole-saperavi-krasnoe-polusladkoe-13.webp,Скарлатто да Соле
skalistyy-bereg-skb-blan-de-nuar-pino-nuar-beloe-ekstra-bryut-118,data/catalogs/ver1plain-1628/photos/skalistyy-bereg-skb-blan-de-nuar-pino-nuar-beloe-ekstra-bryut-118.webp,СКБ. Блан де Нуар
skalistyy-bereg-skb-roze-pino-nuar-beloe-ekstra-bryut-122,data/catalogs/ver1plain-1628/photos/skalistyy-bereg-skb-roze-pino-nuar-beloe-ekstra-bryut-122.webp,СКБ. Розе
vinodelnya-uzunov-sovinon-blan-beloe-suhoe-125,data/catalogs/ver1plain-1628/photos/vinodelnya-uzunov-sovinon-blan-beloe-suhoe-125.webp,Совиньон Блан
golubitskoe-estate-sovinon-blan-beloe-suhoe-11,data/catalogs/ver1plain-1628/photos/golubitskoe-estate-sovinon-blan-beloe-suhoe-11.webp,Совиньон Блан
alma-valley-sovinon-blan-beloe-suhoe-14,data/catalogs/ver1plain-1628/photos/alma-valley-sovinon-blan-beloe-suhoe-14.webp,Совиньон Блан
belbek-sovinon-blan-beloe-suhoe-12,data/catalogs/ver1plain-1628/photos/belbek-sovinon-blan-beloe-suhoe-12.webp,Совиньон Блан
chateau-andre-sovinon-blan-beloe-suhoe-13,data/catalogs/ver1plain-1628/photos/chateau-andre-sovinon-blan-beloe-suhoe-13.webp,Совиньон Блан
villa-sofiya-sovinon-blan-beloe-suhoe-14,data/catalogs/ver1plain-1628/photos/villa-sofiya-sovinon-blan-beloe-suhoe-14.webp,Совиньон Блан
esse-sovinon-blan-beloe-suhoe-12,data/catalogs/ver1plain-1628/photos/esse-sovinon-blan-beloe-suhoe-12.webp,Совиньон Блан
denisov-winery-sovinon-blan-beloe-suhoe-115,data/catalogs/ver1plain-1628/photos/denisov-winery-sovinon-blan-beloe-suhoe-115.webp,Совиньон Блан
mantra-estate-sauvignon-blanc-sovinon-blan-beloe-suhoe-133,data/catalogs/ver1plain-1628/photos/mantra-estate-sauvignon-blanc-sovinon-blan-beloe-suhoe-133.webp,Совиньон Блан
v2r-sovinon-blan-beloe-suhoe-13,data/catalogs/ver1plain-1628/photos/v2r-sovinon-blan-beloe-suhoe-13.webp,Совиньон Блан
blagolyubov-sovinon-blan-beloe-suhoe-125,data/catalogs/ver1plain-1628/photos/blagolyubov-sovinon-blan-beloe-suhoe-125.webp,Совиньон Блан
villa-sofiya-sovinon-blan-beloe-suhoe-123,data/catalogs/ver1plain-1628/photos/villa-sofiya-sovinon-blan-beloe-suhoe-123.webp,Совиньон Блан
levokumskoe-sovinon-blan-beloe-suhoe-10,data/catalogs/ver1plain-1628/photos/levokumskoe-sovinon-blan-beloe-suhoe-10.webp,Совиньон Блан
dubinin-winery-sovinon-blan-beloe-suhoe-12,data/catalogs/ver1plain-1628/photos/dubinin-winery-sovinon-blan-beloe-suhoe-12.webp,Совиньон Блан
donskoe-vinodelcheskoe-hozyaystvo-elbuzd-sovinon-blan-beloe-suhoe-12,data/catalogs/ver1plain-1628/photos/donskoe-vinodelcheskoe-hozyaystvo-elbuzd-sovinon-blan-beloe-suhoe-12.webp,Совиньон Блан
vaynkraft-sovinon-blan-beloe-suhoe-13,data/catalogs/ver1plain-1628/photos/vaynkraft-sovinon-blan-beloe-suhoe-13.webp,Совиньон Блан
domaine-lipko-sovinon-blan-beloe-suhoe-118,data/catalogs/ver1plain-1628/photos/domaine-lipko-sovinon-blan-beloe-suhoe-118.webp,Совиньон Блан
vinodelnya-myshako-sovinon-blan-beloe-suhoe-122,data/catalogs/ver1plain-1628/photos/vinodelnya-myshako-sovinon-blan-beloe-suhoe-122.webp,Совиньон Блан
shato-pino-sovinon-blan-semilon-beloe-suhoe-115,data/catalogs/ver1plain-1628/photos/shato-pino-sovinon-blan-semilon-beloe-suhoe-115.webp,Совиньон Блан - Семильон
vinodelnya-myshako-sovinon-blan-vione-kyuve-beloe-suhoe-125,data/catalogs/ver1plain-1628/photos/vinodelnya-myshako-sovinon-blan-vione-kyuve-beloe-suhoe-125.webp,Совиньон Блан – Вионье. Кюве
ferrum-winery-sovinon-blan-blush-beloe-suhoe-104,data/catalogs/ver1plain-1628/photos/ferrum-winery-sovinon-blan-blush-beloe-suhoe-104.webp,Совиньон Блан Blush
gunko-winery-sovinon-blan-gunko-winery-beloe-suhoe-135,data/catalogs/ver1plain-1628/photos/gunko-winery-sovinon-blan-gunko-winery-beloe-suhoe-135.webp,Совиньон Блан Gunko Winery
vinodelnya-myshako-sovinon-blan-mode-cold-style-beloe-suhoe-122,data/catalogs/ver1plain-1628/photos/vinodelnya-myshako-sovinon-blan-mode-cold-style-beloe-suhoe-122.webp,Совиньон Блан Mode Cold Style
vinodelnya-myshako-sovinon-blan-mode-petnat-beloe-bryut-12,data/catalogs/ver1plain-1628/photos/vinodelnya-myshako-sovinon-blan-mode-petnat-beloe-bryut-12.webp,Совиньон Блан Mode Петнат
vinodelnya-myshako-sovinon-blan-kyuve-beloe-suhoe-134,data/catalogs/ver1plain-1628/photos/vinodelnya-myshako-sovinon-blan-kyuve-beloe-suhoe-134.webp,Совиньон Блан Кюве
alma-valley-sovinon-blan-rezerv-beloe-suhoe-14,data/catalogs/ver1plain-1628/photos/alma-valley-sovinon-blan-rezerv-beloe-suhoe-14.webp,Совиньон Блан Резерв
uppa-winery-sovinon-blan-rezerva-beloe-suhoe-12,data/catalogs/ver1plain-1628/photos/uppa-winery-sovinon-blan-rezerva-beloe-suhoe-12.webp,Совиньон Блан Резерва
imenie-sikory-sovinon-blan-sikory-beloe-suhoe-13,data/catalogs/ver1plain-1628/photos/imenie-sikory-sovinon-blan-sikory-beloe-suhoe-13.webp,Совиньон Блан Сикоры
esse-sovinon-blan-fyume-beloe-suhoe-128,data/catalogs/ver1plain-1628/photos/esse-sovinon-blan-fyume-beloe-suhoe-128.webp,Совиньон Блан Фюме
vinodelnya-myshako-sovinon-blan-blanc-out-beloe-suhoe-138,data/catalogs/ver1plain-1628/photos/vinodelnya-myshako-sovinon-blan-blanc-out-beloe-suhoe-138.webp,Совиньон Блан. Blanc Out
vinodelnya-myshako-sovinon-blan-avtorskaya-tehnologiya-mono-beloe-suhoe-128,data/catalogs/ver1plain-1628/photos/vinodelnya-myshako-sovinon-blan-avtorskaya-tehnologiya-mono-beloe-suhoe-128.webp,Совиньон Блан. Авторская технология. Моно
valeriy-zaharin-sovinon-blan-valeriy-zaharin-beloe-polusladkoe-105,data/catalogs/ver1plain-1628/photos/valeriy-zaharin-sovinon-blan-valeriy-zaharin-beloe-polusladkoe-105.webp,Совиньон Блан. Валерий Захарьин
vinodelnya-pokrovskaya-sovinon-blan-pokrovskoe-beloe-suhoe-12,data/catalogs/ver1plain-1628/photos/vinodelnya-pokrovskaya-sovinon-blan-pokrovskoe-beloe-suhoe-12.webp,Совиньон Блан. Покровское
imenie-sikory-sovinon-blan-semeynyy-rezerv-beloe-suhoe-13,data/catalogs/ver1plain-1628/photos/imenie-sikory-sovinon-blan-semeynyy-rezerv-beloe-suhoe-13.webp,Совиньон Блан. Семейный резерв
vinodelnya-uzunov-sovinon-kukuoba-sovinon-blan-beloe-ekstra-bryut-12,data/catalogs/ver1plain-1628/photos/vinodelnya-uzunov-sovinon-kukuoba-sovinon-blan-beloe-ekstra-bryut-12.webp,Совиньон Кукуоба
vinodelnya-myshako-sovinon-semilon-kyuve-sovinon-blan-beloe-suhoe-132,data/catalogs/ver1plain-1628/photos/vinodelnya-myshako-sovinon-semilon-kyuve-sovinon-blan-beloe-suhoe-132.webp,Совиньон Семильон Кюве
valeriy-zaharin-sovinon-valeriy-zaharin-beloe-polusladkoe-125,data/catalogs/ver1plain-1628/photos/valeriy-zaharin-sovinon-valeriy-zaharin-beloe-polusladkoe-125.webp,Совиньон. Валерий Захарьин
usadba-divnomorskoe-solist-marselan-rozovoe-suhoe-115,data/catalogs/ver1plain-1628/photos/usadba-divnomorskoe-solist-marselan-rozovoe-suhoe-115.webp,Солист
usadba-divnomorskoe-solnechnyy-veter-shardone-beloe-suhoe-125,data/catalogs/ver1plain-1628/photos/usadba-divnomorskoe-solnechnyy-veter-shardone-beloe-suhoe-125.webp,Солнечный Ветер
alma-valley-solntse-vozduh-vinograd-sira-shiraz-rozovoe-polusladkoe-12,data/catalogs/ver1plain-1628/photos/alma-valley-solntse-vozduh-vinograd-sira-shiraz-rozovoe-polusladkoe-12.webp,"Солнце, воздух, виноград"
alma-valley-solntse-vozduh-vinograd-sira-shiraz-krasnoe-polusuhoe-135,data/catalogs/ver1plain-1628/photos/alma-valley-solntse-vozduh-vinograd-sira-shiraz-krasnoe-polusuhoe-135.webp,"Солнце, воздух, виноград"
alma-valley-solntse-vozduh-vinograd-merlo-krasnoe-polusladkoe-14,data/catalogs/ver1plain-1628/photos/alma-valley-solntse-vozduh-vinograd-merlo-krasnoe-polusladkoe-14.webp,"Солнце, воздух, виноград"
alma-valley-solntse-vozduh-vinograd-shardone-beloe-polusuhoe-13,data/catalogs/ver1plain-1628/photos/alma-valley-solntse-vozduh-vinograd-shardone-beloe-polusuhoe-13.webp,"Солнце, воздух, виноград"
alma-valley-solntse-vozduh-vinograd-kokur-beloe-polusladkoe-13,data/catalogs/ver1plain-1628/photos/alma-valley-solntse-vozduh-vinograd-kokur-beloe-polusladkoe-13.webp,"Солнце, воздух, виноград"
nesterov-winery-solyaris-beloe-suhoe-14,data/catalogs/ver1plain-1628/photos/nesterov-winery-solyaris-beloe-suhoe-14.webp,Солярис
soyuz-vino-soyuz-vino-evropak-shiraz-krasnoe-polusladkoe-11,data/catalogs/ver1plain-1628/photos/soyuz-vino-soyuz-vino-evropak-shiraz-krasnoe-polusladkoe-11.webp,Союз-Вино ЕвроПак Шираз
soyuz-vino-soyuz-vino-izabella-krasnoe-polusladkoe-11,data/catalogs/ver1plain-1628/photos/soyuz-vino-soyuz-vino-izabella-krasnoe-polusladkoe-11.webp,Союз-Вино Изабелла
soyuz-vino-soyuz-vino-izabella-beg-in-boks-krasnoe-polusladkoe-11,data/catalogs/ver1plain-1628/photos/soyuz-vino-soyuz-vino-izabella-beg-in-boks-krasnoe-polusladkoe-11.webp,Союз-Вино Изабелла Бэг-ин-бокс
soyuz-vino-soyuz-vino-kaberne-sovinon-krasnoe-suhoe-12,data/catalogs/ver1plain-1628/photos/soyuz-vino-soyuz-vino-kaberne-sovinon-krasnoe-suhoe-12.webp,Союз-Вино Каберне Совиньон
soyuz-vino-soyuz-vino-muskat-beloe-polusladkoe-11,data/catalogs/ver1plain-1628/photos/soyuz-vino-soyuz-vino-muskat-beloe-polusladkoe-11.webp,Союз-Вино Мускат
soyuz-vino-soyuz-vino-muskat-beg-in-boks-beloe-polusladkoe-11,data/catalogs/ver1plain-1628/photos/soyuz-vino-soyuz-vino-muskat-beg-in-boks-beloe-polusladkoe-11.webp,Союз-Вино Мускат Бэг-ин-бокс
soyuz-vino-soyuz-vino-shardone-beloe-polusladkoe-beg-in-boks-12,data/catalogs/ver1plain-1628/photos/soyuz-vino-soyuz-vino-shardone-beloe-polusladkoe-beg-in-boks-12.webp,Союз-Вино Шардоне Белое Полусладкое Бэг-ин-бокс
soyuz-vino-soyuz-vino-shardone-suhoe-beloe-11,data/catalogs/ver1plain-1628/photos/soyuz-vino-soyuz-vino-shardone-suhoe-beloe-11.webp,Союз-Вино Шардоне Сухое
blagolyubov-stanichnoe-stanichnyy-beloe-suhoe-12,data/catalogs/ver1plain-1628/photos/blagolyubov-stanichnoe-stanichnyy-beloe-suhoe-12.webp,Станичное
usadba-mezyb-staraya-doroga-na-dzhanhot-kaberne-sovinon-krasnoe-suhoe-144,data/catalogs/ver1plain-1628/photos/usadba-mezyb-staraya-doroga-na-dzhanhot-kaberne-sovinon-krasnoe-suhoe-144.webp,Старая Дорога на Джанхот
usadba-mezyb-staraya-doroga-na-dzhanhot-kaberne-sovinon-kaberne-fran-krasnoe-suhoe-144,data/catalogs/ver1plain-1628/photos/usadba-mezyb-staraya-doroga-na-dzhanhot-kaberne-sovinon-kaberne-fran-krasnoe-suhoe-144.webp,"Старая дорога на Джанхот. Каберне Совиньон, Каберне Фран"
vinodelnya-zhakov-tavkveri-escape-krasnoe-suhoe-117,data/catalogs/ver1plain-1628/photos/vinodelnya-zhakov-tavkveri-escape-krasnoe-suhoe-117.webp,Тавквери Escape
valeriy-zaharin-tangovoe-manto-pino-nuar-krasnoe-suhoe-13,data/catalogs/ver1plain-1628/photos/valeriy-zaharin-tangovoe-manto-pino-nuar-krasnoe-suhoe-13.webp,Танговое Манто. Пино Нуар
valeriy-zaharin-tangovoe-manto-sovinon-sovinon-blan-beloe-suhoe-125,data/catalogs/ver1plain-1628/photos/valeriy-zaharin-tangovoe-manto-sovinon-sovinon-blan-beloe-suhoe-125.webp,Танговое Манто. Совиньон
alma-valley-tba-sovinon-sovinon-blan-beloe-sladkoe-75,data/catalogs/ver1plain-1628/photos/alma-valley-tba-sovinon-sovinon-blan-beloe-sladkoe-75.webp,ТБА Совиньон
le-k2-temnaya-roza-sira-rozovoe-suhoe-13,data/catalogs/ver1plain-1628/photos/le-k2-temnaya-roza-sira-rozovoe-suhoe-13.webp,Темная роза
vinodelnya-myshako-tempranilo-rozovoe-suhoe-134,data/catalogs/ver1plain-1628/photos/vinodelnya-myshako-tempranilo-rozovoe-suhoe-134.webp,Темпранильо
alma-valley-tempranilo-krasnoe-suhoe-13,data/catalogs/ver1plain-1628/photos/alma-valley-tempranilo-krasnoe-suhoe-13.webp,Темпранильо
alma-valley-tempranilo-rezerv-krasnoe-suhoe-14,data/catalogs/ver1plain-1628/photos/alma-valley-tempranilo-rezerv-krasnoe-suhoe-14.webp,Темпранильо Резерв
soyuz-vino-terra-pia-kaldera-blend-risling-reynskiy-beloe-suhoe-11,data/catalogs/ver1plain-1628/photos/soyuz-vino-terra-pia-kaldera-blend-risling-reynskiy-beloe-suhoe-11.webp,Терра Пиа Кальдера Бленд
soyuz-vino-terra-pia-lava-blend-merlo-krasnoe-suhoe-12,data/catalogs/ver1plain-1628/photos/soyuz-vino-terra-pia-lava-blend-merlo-krasnoe-suhoe-12.webp,Терра Пиа Лава Бленд
shato-ay-danil-tokkata-saperavi-krasnoe-suhoe-14,data/catalogs/ver1plain-1628/photos/shato-ay-danil-tokkata-saperavi-krasnoe-suhoe-14.webp,Токката
fanagoriya-tochka-saperavi-krasnoe-suhoe-14,data/catalogs/ver1plain-1628/photos/fanagoriya-tochka-saperavi-krasnoe-suhoe-14.webp,Точка
vaynkraft-traminer-traminer-rozovyy-beloe-suhoe-14,data/catalogs/ver1plain-1628/photos/vaynkraft-traminer-traminer-rozovyy-beloe-suhoe-14.webp,Траминер
chateau-andre-traminer-beloe-suhoe-135,data/catalogs/ver1plain-1628/photos/chateau-andre-traminer-beloe-suhoe-135.webp,Траминер
alma-valley-traminer-beloe-suhoe-125,data/catalogs/ver1plain-1628/photos/alma-valley-traminer-beloe-suhoe-125.webp,Траминер
zmv-koktebel-traminer-desertnoe-beloe-sladkoe-16,data/catalogs/ver1plain-1628/photos/zmv-koktebel-traminer-desertnoe-beloe-sladkoe-16.webp,Траминер десертное
vaynkraft-traminer-oranzh-traminer-rozovyy-oranzhevoe-suhoe-125,data/catalogs/ver1plain-1628/photos/vaynkraft-traminer-oranzh-traminer-rozovyy-oranzhevoe-suhoe-125.webp,Траминер Оранж
vaynkraft-traminer-oranzh-2-traminer-rozovyy-oranzhevoe-suhoe-125,data/catalogs/ver1plain-1628/photos/vaynkraft-traminer-oranzh-2-traminer-rozovyy-oranzhevoe-suhoe-125.webp,Траминер Оранж 2
valeriy-zaharin-traminer-burlyuk-traminer-rozovyy-beloe-suhoe-135,data/catalogs/ver1plain-1628/photos/valeriy-zaharin-traminer-burlyuk-traminer-rozovyy-beloe-suhoe-135.webp,Траминер. Бурлюк
valeriy-zaharin-traminer-valeriy-zaharin-traminer-rozovyy-beloe-polusladkoe-105,data/catalogs/ver1plain-1628/photos/valeriy-zaharin-traminer-valeriy-zaharin-traminer-rozovyy-beloe-polusladkoe-105.webp,Траминер. Валерий Захарьин
shato-ay-danil-tramonto-kaberne-sovinon-krasnoe-suhoe-14,data/catalogs/ver1plain-1628/photos/shato-ay-danil-tramonto-kaberne-sovinon-krasnoe-suhoe-14.webp,Трамонто
sober-bash-trezvaya-golova-kaberne-fran-krasnostop-krasnoe-suhoe-13,data/catalogs/ver1plain-1628/photos/sober-bash-trezvaya-golova-kaberne-fran-krasnostop-krasnoe-suhoe-13.webp,Трезвая голова. Каберне Фран + Красностоп
sober-bash-trezvaya-golova-risling-risling-reynskiy-beloe-suhoe-10,data/catalogs/ver1plain-1628/photos/sober-bash-trezvaya-golova-risling-risling-reynskiy-beloe-suhoe-10.webp,Трезвая голова. Рислинг
sober-bash-trezvaya-golova-rkatsiteli-beloe-suhoe-12,data/catalogs/ver1plain-1628/photos/sober-bash-trezvaya-golova-rkatsiteli-beloe-suhoe-12.webp,Трезвая голова. Ркацители
sober-bash-trezvaya-golova-rozovoe-krasnostop-zolotovskiy-suhoe-115,data/catalogs/ver1plain-1628/photos/sober-bash-trezvaya-golova-rozovoe-krasnostop-zolotovskiy-suhoe-115.webp,Трезвая голова. Розовое
sober-bash-trezvaya-golova-saperavi-krasnoe-suhoe-14,data/catalogs/ver1plain-1628/photos/sober-bash-trezvaya-golova-saperavi-krasnoe-suhoe-14.webp,Трезвая голова. Саперави
sober-bash-trezvaya-golova-sibirkovyypino-gri-beloe-suhoe-11,data/catalogs/ver1plain-1628/photos/sober-bash-trezvaya-golova-sibirkovyypino-gri-beloe-suhoe-11.webp,Трезвая голова. Сибирьковый+Пино Гри
sober-bash-trezvaya-golova-tsimlyanskiygolubok-tsimlyanskiy-chernyy-krasnoe-suhoe-135,data/catalogs/ver1plain-1628/photos/sober-bash-trezvaya-golova-tsimlyanskiygolubok-tsimlyanskiy-chernyy-krasnoe-suhoe-135.webp,Трезвая голова. Цимлянский+Голубок
stn-winery-trio-aligote-beloe-suhoe-13,data/catalogs/ver1plain-1628/photos/stn-winery-trio-aligote-beloe-suhoe-13.webp,Трио Алиготе
villa-sofiya-trio-beloe-risling-suhoe-123,data/catalogs/ver1plain-1628/photos/villa-sofiya-trio-beloe-risling-suhoe-123.webp,Трио белое
villa-sofiya-trio-beloe-risling-suhoe-12,data/catalogs/ver1plain-1628/photos/villa-sofiya-trio-beloe-risling-suhoe-12.webp,Трио белое
villa-sofiya-trio-krasnoe-merlo-suhoe-135,data/catalogs/ver1plain-1628/photos/villa-sofiya-trio-krasnoe-merlo-suhoe-135.webp,Трио красное
villa-sofiya-trio-roze-pino-nuar-rozovoe-suhoe-14,data/catalogs/ver1plain-1628/photos/villa-sofiya-trio-roze-pino-nuar-rozovoe-suhoe-14.webp,Трио розе
chateau-de-talu-uroki-frantsuzskogo-shardone-beloe-suhoe-124,data/catalogs/ver1plain-1628/photos/chateau-de-talu-uroki-frantsuzskogo-shardone-beloe-suhoe-124.webp,Уроки французского Шардоне
chateau-de-talu-uroki-frantsuzskogo-sovinon-blan-beloe-suhoe-115,data/catalogs/ver1plain-1628/photos/chateau-de-talu-uroki-frantsuzskogo-sovinon-blan-beloe-suhoe-115.webp,"Уроки Французского.
 Совиньон Блан"
chateau-de-talu-uroki-frantsuzskogo-kaberne-sovinon-krasnoe-suhoe-14,data/catalogs/ver1plain-1628/photos/chateau-de-talu-uroki-frantsuzskogo-kaberne-sovinon-krasnoe-suhoe-14.webp,Уроки французского. Каберне Совиньон
chateau-de-talu-uroki-frantsuzskogo-kaberne-fran-krasnoe-suhoe-14,data/catalogs/ver1plain-1628/photos/chateau-de-talu-uroki-frantsuzskogo-kaberne-fran-krasnoe-suhoe-14.webp,Уроки французского. Каберне Фран
chateau-de-talu-uroki-frantsuzskogo-krasnostop-krasnostop-anapskiy-krasnoe-suhoe-145,data/catalogs/ver1plain-1628/photos/chateau-de-talu-uroki-frantsuzskogo-krasnostop-krasnostop-anapskiy-krasnoe-suhoe-145.webp,Уроки французского. Красностоп
chateau-de-talu-uroki-frantsuzskogo-merlo-krasnoe-suhoe-147,data/catalogs/ver1plain-1628/photos/chateau-de-talu-uroki-frantsuzskogo-merlo-krasnoe-suhoe-147.webp,Уроки французского. Мерло
chateau-de-talu-uroki-frantsuzskogo-sira-krasnoe-suhoe-13,data/catalogs/ver1plain-1628/photos/chateau-de-talu-uroki-frantsuzskogo-sira-krasnoe-suhoe-13.webp,Уроки французского. Сира
usadba-mezyb-usadba-mezyb-vione-beloe-suhoe-118,data/catalogs/ver1plain-1628/photos/usadba-mezyb-usadba-mezyb-vione-beloe-suhoe-118.webp,Усадьба Мезыбь. Вионье
usadba-mezyb-usadba-mezyb-kaberne-sovinon-krasnoe-suhoe-143,data/catalogs/ver1plain-1628/photos/usadba-mezyb-usadba-mezyb-kaberne-sovinon-krasnoe-suhoe-143.webp,Усадьба Мезыбь. Каберне Совиньон
usadba-mezyb-usadba-mezyb-kaberne-sovinon-kaberne-fran-merlo-krasnoe-suhoe-148,data/catalogs/ver1plain-1628/photos/usadba-mezyb-usadba-mezyb-kaberne-sovinon-kaberne-fran-merlo-krasnoe-suhoe-148.webp,"Усадьба Мезыбь. Каберне Совиньон, Каберне Фран, Мерло"
usadba-mezyb-usadba-mezyb-kaberne-fran-krasnoe-suhoe-145,data/catalogs/ver1plain-1628/photos/usadba-mezyb-usadba-mezyb-kaberne-fran-krasnoe-suhoe-145.webp,Усадьба Мезыбь. Каберне Фран
usadba-mezyb-usadba-mezyb-krasnostop-saperavi-krasnoe-suhoe-127,data/catalogs/ver1plain-1628/photos/usadba-mezyb-usadba-mezyb-krasnostop-saperavi-krasnoe-suhoe-127.webp,"Усадьба Мезыбь. Красностоп, Саперави"
usadba-mezyb-usadba-mezyb-merlo-krasnoe-suhoe-15,data/catalogs/ver1plain-1628/photos/usadba-mezyb-usadba-mezyb-merlo-krasnoe-suhoe-15.webp,Усадьба Мезыбь. Мерло
usadba-mezyb-usadba-mezyb-roze-kaberne-sovinon-rozovoe-suhoe-135,data/catalogs/ver1plain-1628/photos/usadba-mezyb-usadba-mezyb-roze-kaberne-sovinon-rozovoe-suhoe-135.webp,Усадьба Мезыбь. Розе Каберне Совиньон
usadba-mezyb-usadba-mezyb-roze-kaberne-fran-rozovoe-suhoe-143,data/catalogs/ver1plain-1628/photos/usadba-mezyb-usadba-mezyb-roze-kaberne-fran-rozovoe-suhoe-143.webp,Усадьба Мезыбь. Розе Каберне Фран
usadba-mezyb-usadba-mezyb-shardone-beloe-suhoe-125,data/catalogs/ver1plain-1628/photos/usadba-mezyb-usadba-mezyb-shardone-beloe-suhoe-125.webp,Усадьба Мезыбь. Шардоне
bogovich-wine-vineyard-faina-sovinon-zelenyy-beloe-suhoe-113,data/catalogs/ver1plain-1628/photos/bogovich-wine-vineyard-faina-sovinon-zelenyy-beloe-suhoe-113.webp,Фаина
fanagoriya-fanagoriya-sakra-sennoy-krasnostop-krasnoe-suhoe-135,data/catalogs/ver1plain-1628/photos/fanagoriya-fanagoriya-sakra-sennoy-krasnostop-krasnoe-suhoe-135.webp,Фанагория Сакра Сенной
fanagoriya-fanagoriya-blanc-de-blancs-beloe-iz-belogo-shardone-igristoe-bryut-beloe-11-13,data/catalogs/ver1plain-1628/photos/fanagoriya-fanagoriya-blanc-de-blancs-beloe-iz-belogo-shardone-igristoe-bryut-beloe-11-13.webp,Фанагория. Blanc de Blancs. Белое из белого
fanagoriya-fanagoriya-blanc-de-noirs-beloe-iz-chyornogo-merlo-igristoe-bryut-beloe-11-13,data/catalogs/ver1plain-1628/photos/fanagoriya-fanagoriya-blanc-de-noirs-beloe-iz-chyornogo-merlo-igristoe-bryut-beloe-11-13.webp,Фанагория. Blanc de Noirs. Белое из чёрного
fanagoriya-fanagoriya-rose-de-noirs-roze-de-nuar-merlo-igristoe-bryut-rozovoe-11-13,data/catalogs/ver1plain-1628/photos/fanagoriya-fanagoriya-rose-de-noirs-roze-de-nuar-merlo-igristoe-bryut-rozovoe-11-13.webp,Фанагория. Rose de Noirs. Розе де Нуар
fanagoriya-fanagoriya-bryut-beloe-sovinon-blan-igristoe-bryut-beloe-11-13,data/catalogs/ver1plain-1628/photos/fanagoriya-fanagoriya-bryut-beloe-sovinon-blan-igristoe-bryut-beloe-11-13.webp,Фанагория. Брют белое
fanagoriya-fanagoriya-bryut-rozovoe-sovinon-blan-igristoe-bryut-rozovoe-11-13,data/catalogs/ver1plain-1628/photos/fanagoriya-fanagoriya-bryut-rozovoe-sovinon-blan-igristoe-bryut-rozovoe-11-13.webp,Фанагория. Брют розовое
fanagoriya-fanagoriya-polusladkoe-rozovoe-sovinon-blan-krasnoe-11-13,data/catalogs/ver1plain-1628/photos/fanagoriya-fanagoriya-polusladkoe-rozovoe-sovinon-blan-krasnoe-11-13.webp,Фанагория. Полусладкое розовое
vinodelnya-vedernikov-fantom-3070-krasnostop-zolotovskiy-krasnoe-suhoe-145,data/catalogs/ver1plain-1628/photos/vinodelnya-vedernikov-fantom-3070-krasnostop-zolotovskiy-krasnoe-suhoe-145.webp,Фантом 30/70
vinodelnya-vedernikov-fantom-5050-krasnostop-zolotovskiy-krasnoe-suhoe-145,data/catalogs/ver1plain-1628/photos/vinodelnya-vedernikov-fantom-5050-krasnostop-zolotovskiy-krasnoe-suhoe-145.webp,Фантом 50/50
vinodelnya-vedernikov-fantom-7030-krasnostop-zolotovskiy-krasnoe-suhoe-15,data/catalogs/ver1plain-1628/photos/vinodelnya-vedernikov-fantom-7030-krasnostop-zolotovskiy-krasnoe-suhoe-15.webp,Фантом 70/30
nikolaev-i-synovya-festeliya-pti-verdo-krasnoe-suhoe-135,data/catalogs/ver1plain-1628/photos/nikolaev-i-synovya-festeliya-pti-verdo-krasnoe-suhoe-135.webp,Фестелия
nikolaev-i-synovya-flamingo-malbek-rozovoe-suhoe-125,data/catalogs/ver1plain-1628/photos/nikolaev-i-synovya-flamingo-malbek-rozovoe-suhoe-125.webp,Фламинго
kuban-vino-flyor-dyu-syud-blan-de-tamane-tsvetochnyy-beloe-suhoe-115,data/catalogs/ver1plain-1628/photos/kuban-vino-flyor-dyu-syud-blan-de-tamane-tsvetochnyy-beloe-suhoe-115.webp,Флёр дю Сюд Блан де Тамань
kuban-vino-flyor-dyu-syud-roze-de-tamane-traminer-rozovyy-rozovoe-suhoe-125,data/catalogs/ver1plain-1628/photos/kuban-vino-flyor-dyu-syud-roze-de-tamane-traminer-rozovyy-rozovoe-suhoe-125.webp,Флёр дю Сюд Розе де Тамань
kuban-vino-flyor-dyu-syud-ruzh-de-tamane-rubin-golodrigi-krasnoe-suhoe-12,data/catalogs/ver1plain-1628/photos/kuban-vino-flyor-dyu-syud-ruzh-de-tamane-rubin-golodrigi-krasnoe-suhoe-12.webp,Флёр дю Сюд Руж де Тамань
fanagoriya-formula-q-kaberne-sovinon-krasnoe-suhoe-135,data/catalogs/ver1plain-1628/photos/fanagoriya-formula-q-kaberne-sovinon-krasnoe-suhoe-135.webp,Формула Q
vinodelnya-zhakov-fresherst-saperavi-krasnoe-suhoe-118,data/catalogs/ver1plain-1628/photos/vinodelnya-zhakov-fresherst-saperavi-krasnoe-suhoe-118.webp,Фрешерсть
usadba-divnomorskoe-holodnyy-tuman-risling-beloe-suhoe-115,data/catalogs/ver1plain-1628/photos/usadba-divnomorskoe-holodnyy-tuman-risling-beloe-suhoe-115.webp,Холодный Туман
chateau-andre-tsvaygelt-tsvaygelt-tamanskiy-rozovoe-suhoe-13,data/catalogs/ver1plain-1628/photos/chateau-andre-tsvaygelt-tsvaygelt-tamanskiy-rozovoe-suhoe-13.webp,Цвайгельт
chateau-andre-tsvaygelt-roze-rozovoe-suhoe-13,data/catalogs/ver1plain-1628/photos/chateau-andre-tsvaygelt-roze-rozovoe-suhoe-13.webp,Цвайгельт розе
tempelhof-winery-tsimlyanskiy-chernyy-krasnoe-suhoe-125,data/catalogs/ver1plain-1628/photos/tempelhof-winery-tsimlyanskiy-chernyy-krasnoe-suhoe-125.webp,Цимлянский Черный
vinodelnya-vedernikov-tsimlyanskiy-chernyy-blanc-de-noirs-beloe-bryut-117,data/catalogs/ver1plain-1628/photos/vinodelnya-vedernikov-tsimlyanskiy-chernyy-blanc-de-noirs-beloe-bryut-117.webp,Цимлянский Черный Blanc de Noirs
domaine-de-la-vivandiere-tsimlyanskiy-chyornyy-ctes-du-don-tsimlyanskiy-chernyy-rozovoe-suhoe-134,data/catalogs/ver1plain-1628/photos/domaine-de-la-vivandiere-tsimlyanskiy-chyornyy-ctes-du-don-tsimlyanskiy-chernyy-rozovoe-suhoe-134.webp,Цимлянский чёрный Côtes du Don
vinodelnya-vedernikov-tsimlyanskiy-chernyy-bryut-roze-rozovoe-129,data/catalogs/ver1plain-1628/photos/vinodelnya-vedernikov-tsimlyanskiy-chernyy-bryut-roze-rozovoe-129.webp,Цимлянский Черный брют розе
vinodelnya-vedernikov-tsimlyanskiy-chernyy-bryut-roze-rozovoe-14,data/catalogs/ver1plain-1628/photos/vinodelnya-vedernikov-tsimlyanskiy-chernyy-bryut-roze-rozovoe-14.webp,Цимлянский Черный брют розе
vinodelnya-vedernikov-tsimlyanskiy-chernyy-rezerv-krasnoe-suhoe-145,data/catalogs/ver1plain-1628/photos/vinodelnya-vedernikov-tsimlyanskiy-chernyy-rezerv-krasnoe-suhoe-145.webp,Цимлянский Черный Резерв
vinodelnya-vedernikov-tsimlyanskiy-chernyy-rozovyy-rozovoe-suhoe-125,data/catalogs/ver1plain-1628/photos/vinodelnya-vedernikov-tsimlyanskiy-chernyy-rozovyy-rozovoe-suhoe-125.webp,Цимлянский Черный розовый
czimlyanskoe-beloe-bryut,data/catalogs/ver1plain-1628/photos/czimlyanskoe-beloe-bryut.webp,Цимлянское белое брют
czimlyanskoe-beloe-polusladkoe,data/catalogs/ver1plain-1628/photos/czimlyanskoe-beloe-polusladkoe.webp,Цимлянское белое полусладкое
tsimlyanskie-vina-tsimlyanskoe-kaberne-sovinon-ekstra-bryut-rozovoe-13,data/catalogs/ver1plain-1628/photos/tsimlyanskie-vina-tsimlyanskoe-kaberne-sovinon-ekstra-bryut-rozovoe-13.webp,Цимлянское Каберне Совиньон экстра брют розовое
czimlyanskoe-risling,data/catalogs/ver1plain-1628/photos/czimlyanskoe-risling.webp,Цимлянское Рислинг
denisov-winery-tsitron-tsitronnyy-magaracha-beloe-suhoe-112,data/catalogs/ver1plain-1628/photos/denisov-winery-tsitron-tsitronnyy-magaracha-beloe-suhoe-112.webp,Цитрон
bakla-vines-tsitron-krymskiy-tsitronnyy-magaracha-beloe-suhoe-118,data/catalogs/ver1plain-1628/photos/bakla-vines-tsitron-krymskiy-tsitronnyy-magaracha-beloe-suhoe-118.webp,Цитрон Крымский
denisov-winery-tsitron-oranzh-tsitronnyy-magaracha-oranzhevoe-suhoe-105,data/catalogs/ver1plain-1628/photos/denisov-winery-tsitron-oranzh-tsitronnyy-magaracha-oranzhevoe-suhoe-105.webp,Цитрон оранж
vinodelnya-myshako-chernoe-iz-krasnogo-appassimento-kaberne-sovinon-krasnoe-polusuhoe-15,data/catalogs/ver1plain-1628/photos/vinodelnya-myshako-chernoe-iz-krasnogo-appassimento-kaberne-sovinon-krasnoe-polusuhoe-15.webp,Черное из Красного. Аппассименто
vinodelnya-myshako-chernoe-iz-chernogo-appassimento-kaberne-sovinon-krasnoe-suhoe-15,data/catalogs/ver1plain-1628/photos/vinodelnya-myshako-chernoe-iz-chernogo-appassimento-kaberne-sovinon-krasnoe-suhoe-15.webp,Черное из Черного. Аппассименто
solnechnaya-dolina-chernyy-doktor-solnechnoy-doliny-ekim-kara-krasnoe-sladkoe-16,data/catalogs/ver1plain-1628/photos/solnechnaya-dolina-chernyy-doktor-solnechnoy-doliny-ekim-kara-krasnoe-sladkoe-16.webp,Черный Доктор Солнечной Долины
solnechnaya-dolina-chernyy-polkovnik-odesskiy-chernyy-krasnoe-sladkoe-175,data/catalogs/ver1plain-1628/photos/solnechnaya-dolina-chernyy-polkovnik-odesskiy-chernyy-krasnoe-sladkoe-175.webp,Черный Полковник
zolotaya-balka-chernyy-prints-shardone-beloe-ekstra-bryut-12,data/catalogs/ver1plain-1628/photos/zolotaya-balka-chernyy-prints-shardone-beloe-ekstra-bryut-12.webp,Черный Принц
vinodelnya-myshako-chernyy-udar-marselan-krasnoe-suhoe-162,data/catalogs/ver1plain-1628/photos/vinodelnya-myshako-chernyy-udar-marselan-krasnoe-suhoe-162.webp,Черный Удар
valeriy-zaharin-chetyre-tsveta-bastardo-bastardo-magarachskiy-krasnoe-suhoe-115,data/catalogs/ver1plain-1628/photos/valeriy-zaharin-chetyre-tsveta-bastardo-bastardo-magarachskiy-krasnoe-suhoe-115.webp,Четыре Цвета. Бастардо
shato-pino-shantazh-sovinon-blan-shardone-beloe-suhoe-115,data/catalogs/ver1plain-1628/photos/shato-pino-shantazh-sovinon-blan-shardone-beloe-suhoe-115.webp,Шантаж. Совиньон Блан - Шардоне
mantra-estate-chardonnay-shardone-beloe-suhoe-135,data/catalogs/ver1plain-1628/photos/mantra-estate-chardonnay-shardone-beloe-suhoe-135.webp,Шардоне
vinodelnya-myshako-shardone-beloe-suhoe-123,data/catalogs/ver1plain-1628/photos/vinodelnya-myshako-shardone-beloe-suhoe-123.webp,Шардоне
vinodelnya-myshako-shardone-beloe-suhoe-145,data/catalogs/ver1plain-1628/photos/vinodelnya-myshako-shardone-beloe-suhoe-145.webp,Шардоне
zmv-koktebel-shardone-beloe-suhoe-12,data/catalogs/ver1plain-1628/photos/zmv-koktebel-shardone-beloe-suhoe-12.webp,Шардоне
villa-sofiya-shardone-beloe-suhoe-14,data/catalogs/ver1plain-1628/photos/villa-sofiya-shardone-beloe-suhoe-14.webp,Шардоне
nikolaev-i-synovya-shardone-beloe-suhoe-125,data/catalogs/ver1plain-1628/photos/nikolaev-i-synovya-shardone-beloe-suhoe-125.webp,Шардоне
shardone-2,data/catalogs/ver1plain-1628/photos/shardone-2.webp,Шардоне
alma-valley-shardone-beloe-suhoe-135,data/catalogs/ver1plain-1628/photos/alma-valley-shardone-beloe-suhoe-135.webp,Шардоне
donskoe-vinodelcheskoe-hozyaystvo-elbuzd-shardone-beloe-suhoe-13,data/catalogs/ver1plain-1628/photos/donskoe-vinodelcheskoe-hozyaystvo-elbuzd-shardone-beloe-suhoe-13.webp,Шардоне
loco-cimbali-shardone-beloe-suhoe-127,data/catalogs/ver1plain-1628/photos/loco-cimbali-shardone-beloe-suhoe-127.webp,Шардоне
chateau-andre-shardone-beloe-suhoe-13,data/catalogs/ver1plain-1628/photos/chateau-andre-shardone-beloe-suhoe-13.webp,Шардоне
rem-akchurin-shardone-beloe-bryut-14,data/catalogs/ver1plain-1628/photos/rem-akchurin-shardone-beloe-bryut-14.webp,Шардоне
abrau-dyurso-shardone-beloe-suhoe-13,data/catalogs/ver1plain-1628/photos/abrau-dyurso-shardone-beloe-suhoe-13.webp,Шардоне
abrau-dyurso-shardone-beloe-suhoe-12,data/catalogs/ver1plain-1628/photos/abrau-dyurso-shardone-beloe-suhoe-12.webp,Шардоне
vinodelnya-berdyaeva-shardone-beloe-suhoe-125,data/catalogs/ver1plain-1628/photos/vinodelnya-berdyaeva-shardone-beloe-suhoe-125.webp,Шардоне
usadba-markoth-shardone-beloe-suhoe-12,data/catalogs/ver1plain-1628/photos/usadba-markoth-shardone-beloe-suhoe-12.webp,Шардоне
shato-pino-shardone-beloe-suhoe-125,data/catalogs/ver1plain-1628/photos/shato-pino-shardone-beloe-suhoe-125.webp,Шардоне
shato-pino-shardone-risling-beloe-suhoe-12,data/catalogs/ver1plain-1628/photos/shato-pino-shardone-risling-beloe-suhoe-12.webp,Шардоне - Рислинг
vinodelnya-myshako-shardone-aligote-kyuve-beloe-suhoe-125,data/catalogs/ver1plain-1628/photos/vinodelnya-myshako-shardone-aligote-kyuve-beloe-suhoe-125.webp,Шардоне – Алиготе. Кюве
golubitskoe-estate-shardone-noble-selection-barrel-touch-beloe-suhoe-135,data/catalogs/ver1plain-1628/photos/golubitskoe-estate-shardone-noble-selection-barrel-touch-beloe-suhoe-135.webp,Шардоне Noble Selection Barrel Touch
vinodelnya-myshako-shardone-avtorskaya-tehnologiya-beloe-suhoe-155,data/catalogs/ver1plain-1628/photos/vinodelnya-myshako-shardone-avtorskaya-tehnologiya-beloe-suhoe-155.webp,Шардоне авторская технология
shardone-akacziya,data/catalogs/ver1plain-1628/photos/shardone-akacziya.webp,Шардоне Акация
vinodelnya-myshako-shardone-myshako-grand-rezerv-beloe-suhoe-125,data/catalogs/ver1plain-1628/photos/vinodelnya-myshako-shardone-myshako-grand-rezerv-beloe-suhoe-125.webp,Шардоне Мысхако Гранд Резерв
esse-shardone-otbornoe-beloe-suhoe-12,data/catalogs/ver1plain-1628/photos/esse-shardone-otbornoe-beloe-suhoe-12.webp,Шардоне Отборное
alma-valley-shardone-rezerv-beloe-suhoe-14,data/catalogs/ver1plain-1628/photos/alma-valley-shardone-rezerv-beloe-suhoe-14.webp,Шардоне Резерв
vinodelnya-uzunov-shardone-rezerv-beloe-suhoe-135,data/catalogs/ver1plain-1628/photos/vinodelnya-uzunov-shardone-rezerv-beloe-suhoe-135.webp,Шардоне Резерв
golubitskoe-estate-shardone-rezerv-beloe-suhoe-135,data/catalogs/ver1plain-1628/photos/golubitskoe-estate-shardone-rezerv-beloe-suhoe-135.webp,Шардоне Резерв
chateau-de-talu-shardone-rezerv-beloe-suhoe-13,data/catalogs/ver1plain-1628/photos/chateau-de-talu-shardone-rezerv-beloe-suhoe-13.webp,Шардоне Резерв
alma-valley-shardone-rezerv-beloe-suhoe-135,data/catalogs/ver1plain-1628/photos/alma-valley-shardone-rezerv-beloe-suhoe-135.webp,Шардоне Резерв
pomeste-golubitskoe-shardone-rezerv-beloe-suhoe-132,data/catalogs/ver1plain-1628/photos/pomeste-golubitskoe-shardone-rezerv-beloe-suhoe-132.webp,Шардоне Резерв
imenie-sikory-shardone-sikory-beloe-suhoe-13,data/catalogs/ver1plain-1628/photos/imenie-sikory-shardone-sikory-beloe-suhoe-13.webp,Шардоне Сикоры
jd_winery_shardone,data/catalogs/ver1plain-1628/photos/jd_winery_shardone.webp,Шардоне тихое
vinodelnya-zhakov-shardone-eskeyp-beloe-suhoe-12,data/catalogs/ver1plain-1628/photos/vinodelnya-zhakov-shardone-eskeyp-beloe-suhoe-12.webp,Шардоне Эскейп
shardone-premium,data/catalogs/ver1plain-1628/photos/shardone-premium.webp,Шардоне. Премиум
imenie-sikory-shardone-semeynyy-rezerv-beloe-suhoe-13,data/catalogs/ver1plain-1628/photos/imenie-sikory-shardone-semeynyy-rezerv-beloe-suhoe-13.webp,Шардоне. Семейный резерв
shato-pino-shary-kolduna-blash-pino-gri-rozovoe-suhoe-12,data/catalogs/ver1plain-1628/photos/shato-pino-shary-kolduna-blash-pino-gri-rozovoe-suhoe-12.webp,Шары Колдуна. Блаш
shato-pino-shary-kolduna-glyu-glyu-vione-krasnoe-suhoe-10,data/catalogs/ver1plain-1628/photos/shato-pino-shary-kolduna-glyu-glyu-vione-krasnoe-suhoe-10.webp,Шары Колдуна. Глю Глю
shato-pino-shary-kolduna-kirpichi-prileteli-pino-nuar-krasnoe-suhoe-135,data/catalogs/ver1plain-1628/photos/shato-pino-shary-kolduna-kirpichi-prileteli-pino-nuar-krasnoe-suhoe-135.webp,Шары Колдуна. Кирпичи Прилетели
shato-pino-shary-kolduna-ramato-pino-gri-rozovoe-suhoe-115,data/catalogs/ver1plain-1628/photos/shato-pino-shary-kolduna-ramato-pino-gri-rozovoe-suhoe-115.webp,Шары Колдуна. Рамато
shato-pino-shary-kolduna-topolek-rkatsiteli-beloe-suhoe-125,data/catalogs/ver1plain-1628/photos/shato-pino-shary-kolduna-topolek-rkatsiteli-beloe-suhoe-125.webp,Шары Колдуна. Тополек
shato-pino-shary-koldunatroynichok-risling-beloe-suhoe-115,data/catalogs/ver1plain-1628/photos/shato-pino-shary-koldunatroynichok-risling-beloe-suhoe-115.webp,Шары Колдуна.Тройничок
olymp-winery-shato-belbek-kaberne-kaberne-sovinon-krasnoe-suhoe-11,data/catalogs/ver1plain-1628/photos/olymp-winery-shato-belbek-kaberne-kaberne-sovinon-krasnoe-suhoe-11.webp,Шато Бельбек Каберне
soyuz-vino-shato-de-mongolfer-risling-polusuhoe-beloe-11,data/catalogs/ver1plain-1628/photos/soyuz-vino-shato-de-mongolfer-risling-polusuhoe-beloe-11.webp,Шато де Монгольфьер Рислинг Полусухое
soyuz-vino-shato-de-mongolfer-shiraz-moellyo-krasnoe-polusladkoe-11,data/catalogs/ver1plain-1628/photos/soyuz-vino-shato-de-mongolfer-shiraz-moellyo-krasnoe-polusladkoe-11.webp,Шато де Монгольфьер Шираз Моэллё
soyuz-vino-shato-de-mongolfer-shiraz-polusuhoe-krasnoe-11,data/catalogs/ver1plain-1628/photos/soyuz-vino-shato-de-mongolfer-shiraz-polusuhoe-krasnoe-11.webp,Шато де Монгольфьер Шираз Полусухое
shato-pino-shato-pino-koldun-merlo-krasnoe-suhoe-137,data/catalogs/ver1plain-1628/photos/shato-pino-shato-pino-koldun-merlo-krasnoe-suhoe-137.webp,Шато Пино «Колдун»
shato-pino-klassika-sauvignon-blanc,data/catalogs/ver1plain-1628/photos/shato-pino-klassika-sauvignon-blanc.webp,Шато Пино Классика Sauvignon Blanc
kuban-vino-shato-tamane-aligote-beloe-suhoe-13,data/catalogs/ver1plain-1628/photos/kuban-vino-shato-tamane-aligote-beloe-suhoe-13.webp,Шато Тамань Алиготе
kuban-vino-shato-tamane-delikeyt-roze-2024-bianka-rozovoe-suhoe-95,data/catalogs/ver1plain-1628/photos/kuban-vino-shato-tamane-delikeyt-roze-2024-bianka-rozovoe-suhoe-95.webp,Шато Тамань Деликейт Розе 2024
kuban-vino-shato-tamane-rezerv-kaberne-limited-edishn-2015-kaberne-sovinon-krasnoe-suhoe-13,data/catalogs/ver1plain-1628/photos/kuban-vino-shato-tamane-rezerv-kaberne-limited-edishn-2015-kaberne-sovinon-krasnoe-suhoe-13.webp,Шато Тамань Резерв Каберне Лимитед Эдишн 2015
kuban-vino-shato-tamane-rezerv-kaberne-limited-edishn-2022-kaberne-sovinon-krasnoe-suhoe-14,data/catalogs/ver1plain-1628/photos/kuban-vino-shato-tamane-rezerv-kaberne-limited-edishn-2022-kaberne-sovinon-krasnoe-suhoe-14.webp,Шато Тамань Резерв Каберне Лимитед Эдишн 2022
kuban-vino-shato-tamane-rezerv-kollekshn-saperavi-2015-krasnoe-suhoe-13,data/catalogs/ver1plain-1628/photos/kuban-vino-shato-tamane-rezerv-kollekshn-saperavi-2015-krasnoe-suhoe-13.webp,Шато Тамань Резерв Коллекшн Саперави 2015
kuban-vino-shato-tamane-rezerv-kollekshn-shardone-beloe-suhoe-125,data/catalogs/ver1plain-1628/photos/kuban-vino-shato-tamane-rezerv-kollekshn-shardone-beloe-suhoe-125.webp,Шато Тамань Резерв Коллекшн Шардоне
kuban-vino-shato-tamane-rezerv-krasnostop-krasnostop-anapskiy-krasnoe-suhoe-135,data/catalogs/ver1plain-1628/photos/kuban-vino-shato-tamane-rezerv-krasnostop-krasnostop-anapskiy-krasnoe-suhoe-135.webp,Шато Тамань Резерв Красностоп
kuban-vino-shato-tamane-rezerv-merlo-limited-edishn-2018-krasnoe-suhoe-125,data/catalogs/ver1plain-1628/photos/kuban-vino-shato-tamane-rezerv-merlo-limited-edishn-2018-krasnoe-suhoe-125.webp,Шато Тамань Резерв Мерло Лимитед Эдишн 2018
kuban-vino-shato-tamane-rezerv-myuller-turgau-limited-edishn-beloe-suhoe-13,data/catalogs/ver1plain-1628/photos/kuban-vino-shato-tamane-rezerv-myuller-turgau-limited-edishn-beloe-suhoe-13.webp,Шато Тамань Резерв Мюллер-Тургау Лимитед Эдишн
kuban-vino-shato-tamane-rezerv-myuller-turgau-limited-edishn-2021-beloe-suhoe-12,data/catalogs/ver1plain-1628/photos/kuban-vino-shato-tamane-rezerv-myuller-turgau-limited-edishn-2021-beloe-suhoe-12.webp,Шато Тамань Резерв Мюллер-Тургау Лимитед Эдишн 2021
kuban-vino-shato-tamane-rezerv-premer-ruzh-kaberne-sovinon-krasnoe-suhoe-13,data/catalogs/ver1plain-1628/photos/kuban-vino-shato-tamane-rezerv-premer-ruzh-kaberne-sovinon-krasnoe-suhoe-13.webp,Шато Тамань Резерв Премьер Руж
kuban-vino-shato-tamane-rezerv-red-blend-kaberne-sovinon-krasnoe-suhoe-125,data/catalogs/ver1plain-1628/photos/kuban-vino-shato-tamane-rezerv-red-blend-kaberne-sovinon-krasnoe-suhoe-125.webp,Шато Тамань Резерв Ред Бленд
kuban-vino-shato-tamane-rkatsiteli-myuller-turgau-shardone-2025-beloe-suhoe-12,data/catalogs/ver1plain-1628/photos/kuban-vino-shato-tamane-rkatsiteli-myuller-turgau-shardone-2025-beloe-suhoe-12.webp,Шато Тамань Ркацители-Мюллер Тургау-Шардоне 2025
kuban-vino-shato-tamane-ruzh-2023-tsvaygelt-krasnoe-suhoe-12,data/catalogs/ver1plain-1628/photos/kuban-vino-shato-tamane-ruzh-2023-tsvaygelt-krasnoe-suhoe-12.webp,Шато Тамань Руж 2023
kuban-vino-shato-tamane-selekt-oranzh-tsitronnyy-magaracha-oranzhevoe-suhoe-135,data/catalogs/ver1plain-1628/photos/kuban-vino-shato-tamane-selekt-oranzh-tsitronnyy-magaracha-oranzhevoe-suhoe-135.webp,Шато Тамань Селект Оранж
kuban-vino-shato-tamane-selekt-ruzh-saperavi-krasnoe-suhoe-125,data/catalogs/ver1plain-1628/photos/kuban-vino-shato-tamane-selekt-ruzh-saperavi-krasnoe-suhoe-125.webp,Шато Тамань Селект Руж
kuban-vino-shato-tamane-terruar-krasnostop-saperavi-2022-krasnoe-suhoe-125,data/catalogs/ver1plain-1628/photos/kuban-vino-shato-tamane-terruar-krasnostop-saperavi-2022-krasnoe-suhoe-125.webp,Шато Тамань Терруар Красностоп-Саперави 2022
kuban-vino-shato-tamane-terruar-krasnostop-saperavi-2023-krasnoe-suhoe-125,data/catalogs/ver1plain-1628/photos/kuban-vino-shato-tamane-terruar-krasnostop-saperavi-2023-krasnoe-suhoe-125.webp,Шато Тамань Терруар Красностоп-Саперави 2023
kuban-vino-shato-tamane-shardone-beloe-suhoe-12,data/catalogs/ver1plain-1628/photos/kuban-vino-shato-tamane-shardone-beloe-suhoe-12.webp,Шато Тамань Шардоне
andryus-yutsis-shenen-blan-beloe-suhoe-12,data/catalogs/ver1plain-1628/photos/andryus-yutsis-shenen-blan-beloe-suhoe-12.webp,Шенен Блан
chateau-cachalot-shenen-blan-beloe-suhoe-113,data/catalogs/ver1plain-1628/photos/chateau-cachalot-shenen-blan-beloe-suhoe-113.webp,Шенен Блан
aromatnoe-shenen-blan-beloe-suhoe-13,data/catalogs/ver1plain-1628/photos/aromatnoe-shenen-blan-beloe-suhoe-13.webp,Шенен Блан
esse-shenen-blan-beloe-suhoe-13,data/catalogs/ver1plain-1628/photos/esse-shenen-blan-beloe-suhoe-13.webp,Шенен Блан
soyuz-vino-sheremetevskie-pogreba-beloe-polusladkoe-belye-sorta-vinograda-11,data/catalogs/ver1plain-1628/photos/soyuz-vino-sheremetevskie-pogreba-beloe-polusladkoe-belye-sorta-vinograda-11.webp,Шереметьевские Погреба Белое Полусладкое
soyuz-vino-sheremetevskie-pogreba-kaberne-sovinon-krasnoe-suhoe-11,data/catalogs/ver1plain-1628/photos/soyuz-vino-sheremetevskie-pogreba-kaberne-sovinon-krasnoe-suhoe-11.webp,Шереметьевские Погреба Каберне Совиньон
soyuz-vino-sheremetevskie-pogreba-krasnoe-polusladkoe-krasnye-sorta-vinograda-11,data/catalogs/ver1plain-1628/photos/soyuz-vino-sheremetevskie-pogreba-krasnoe-polusladkoe-krasnye-sorta-vinograda-11.webp,Шереметьевские Погреба Красное Полусладкое
soyuz-vino-sheremetevskie-pogreba-shardone-beloe-suhoe-11,data/catalogs/ver1plain-1628/photos/soyuz-vino-sheremetevskie-pogreba-shardone-beloe-suhoe-11.webp,Шереметьевские Погреба Шардоне
shato-pino-shiraz-krasnoe-suhoe-14,data/catalogs/ver1plain-1628/photos/shato-pino-shiraz-krasnoe-suhoe-14.webp,Шираз
shato-pino-shiraz-krasnoe-suhoe-135,data/catalogs/ver1plain-1628/photos/shato-pino-shiraz-krasnoe-suhoe-135.webp,Шираз
alma-valley-shiraz-krasnoe-suhoe-13,data/catalogs/ver1plain-1628/photos/alma-valley-shiraz-krasnoe-suhoe-13.webp,Шираз
vinodelnya-myshako-shiraz-krasnoe-suhoe-146,data/catalogs/ver1plain-1628/photos/vinodelnya-myshako-shiraz-krasnoe-suhoe-146.webp,Шираз
alma-valley-shiraz-sira-rezerv-krasnoe-suhoe-14,data/catalogs/ver1plain-1628/photos/alma-valley-shiraz-sira-rezerv-krasnoe-suhoe-14.webp,Шираз (Сира) Резерв
chateau-de-talu-shiraz-rezerv-sira-krasnoe-suhoe-14,data/catalogs/ver1plain-1628/photos/chateau-de-talu-shiraz-rezerv-sira-krasnoe-suhoe-14.webp,Шираз Резерв
vinodelnya-myshako-shiraz-black-out-krasnoe-suhoe-152,data/catalogs/ver1plain-1628/photos/vinodelnya-myshako-shiraz-black-out-krasnoe-suhoe-152.webp,Шираз. Black Out
usadba-mezyb-shishka-karbonika-kaberne-fran-krasnoe-suhoe-143,data/catalogs/ver1plain-1628/photos/usadba-mezyb-shishka-karbonika-kaberne-fran-krasnoe-suhoe-143.webp,Шишка. Карбоника. Каберне Фран
usadba-mezyb-shishka-kupazh-5-kaberne-sovinon-rozovoe-suhoe-133,data/catalogs/ver1plain-1628/photos/usadba-mezyb-shishka-kupazh-5-kaberne-sovinon-rozovoe-suhoe-133.webp,Шишка. Купаж №5
usadba-mezyb-shishka-merlo-vione-rozovoe-suhoe-125,data/catalogs/ver1plain-1628/photos/usadba-mezyb-shishka-merlo-vione-rozovoe-suhoe-125.webp,"Шишка. Мерло, Вионье"
usadba-mezyb-shishka-oranzh-shardone-beloe-suhoe-127,data/catalogs/ver1plain-1628/photos/usadba-mezyb-shishka-oranzh-shardone-beloe-suhoe-127.webp,Шишка. Оранж
usadba-mezyb-shishka-pino-nuar-rozovoe-suhoe-115,data/catalogs/ver1plain-1628/photos/usadba-mezyb-shishka-pino-nuar-rozovoe-suhoe-115.webp,Шишка. Пино Нуар
usadba-mezyb-shishka-saperavi-krasnoe-suhoe-13,data/catalogs/ver1plain-1628/photos/usadba-mezyb-shishka-saperavi-krasnoe-suhoe-13.webp,Шишка. Саперави
usadba-mezyb-shishka-sovinon-blan-beloe-suhoe-12,data/catalogs/ver1plain-1628/photos/usadba-mezyb-shishka-sovinon-blan-beloe-suhoe-12.webp,Шишка. Совиньон Блан
usadba-mezyb-shishka-shenen-blan-beloe-suhoe-13,data/catalogs/ver1plain-1628/photos/usadba-mezyb-shishka-shenen-blan-beloe-suhoe-13.webp,Шишка. Шенен Блан
usadba-mezyb-shishka-shenen-blan-sovinon-blan-beloe-suhoe-126,data/catalogs/ver1plain-1628/photos/usadba-mezyb-shishka-shenen-blan-sovinon-blan-beloe-suhoe-126.webp,"Шишка. Шенен Блан, Совиньон Блан"
tempelhof-winery-shpetburgunder-pino-nuar-krasnoe-suhoe-125,data/catalogs/ver1plain-1628/photos/tempelhof-winery-shpetburgunder-pino-nuar-krasnoe-suhoe-125.webp,Шпетбургундер
vinodelnya-batrak-shpinel-kaberne-sovinon-rozovoe-suhoe-12,data/catalogs/ver1plain-1628/photos/vinodelnya-batrak-shpinel-kaberne-sovinon-rozovoe-suhoe-12.webp,Шпинель
seneth-shu-shu-saperavi-rozovoe-suhoe-12,data/catalogs/ver1plain-1628/photos/seneth-shu-shu-saperavi-rozovoe-suhoe-12.webp,Шу-Шу
vinodelnya-raevskoe-eklego-krasnoe-tempranilo-suhoe-13,data/catalogs/ver1plain-1628/photos/vinodelnya-raevskoe-eklego-krasnoe-tempranilo-suhoe-13.webp,Эклего красное
villa-di-alma-ekstra-bryut-kokur-beloe-125,data/catalogs/ver1plain-1628/photos/villa-di-alma-ekstra-bryut-kokur-beloe-125.webp,Экстра брют Кокур
soyuz-vino-el-krusero-blanko-polusladkoe-belye-sorta-vinograda-beloe-11,data/catalogs/ver1plain-1628/photos/soyuz-vino-el-krusero-blanko-polusladkoe-belye-sorta-vinograda-beloe-11.webp,Эль Крусеро Бланко Полусладкое
soyuz-vino-el-krusero-tinto-polusladkoe-krasnye-sorta-vinograda-krasnoe-11,data/catalogs/ver1plain-1628/photos/soyuz-vino-el-krusero-tinto-polusladkoe-krasnye-sorta-vinograda-krasnoe-11.webp,Эль Крусеро Тинто Полусладкое
derbent-vino-endemy-aligote-beloe-bryut-105-125,data/catalogs/ver1plain-1628/photos/derbent-vino-endemy-aligote-beloe-bryut-105-125.webp,Эндемы Алиготе
derbent-vino-endemy-kaberne-sovinon-krasnoe-suhoe-13,data/catalogs/ver1plain-1628/photos/derbent-vino-endemy-kaberne-sovinon-krasnoe-suhoe-13.webp,Эндемы Каберне Совиньон
derbent-vino-endemy-kaberne-sovinon-rozovoe-bryut-105-125,data/catalogs/ver1plain-1628/photos/derbent-vino-endemy-kaberne-sovinon-rozovoe-bryut-105-125.webp,Эндемы Каберне Совиньон
derbent-vino-endemy-kaberne-fran-krasnoe-suhoe-13,data/catalogs/ver1plain-1628/photos/derbent-vino-endemy-kaberne-fran-krasnoe-suhoe-13.webp,Эндемы Каберне Фран
derbent-vino-endemy-pino-nuar-rozovoe-bryut-105-125,data/catalogs/ver1plain-1628/photos/derbent-vino-endemy-pino-nuar-rozovoe-bryut-105-125.webp,Эндемы Пино Нуар
derbent-vino-endemy-risling-beloe-bryut-105-125,data/catalogs/ver1plain-1628/photos/derbent-vino-endemy-risling-beloe-bryut-105-125.webp,Эндемы Рислинг
endemy-saperavi,data/catalogs/ver1plain-1628/photos/endemy-saperavi.webp,Эндемы Саперави
derbent-vino-endemy-sovinon-beloe-bryut-105-125,data/catalogs/ver1plain-1628/photos/derbent-vino-endemy-sovinon-beloe-bryut-105-125.webp,Эндемы Совиньон
chateau-de-talu-enolog-kaberne-sovinon-krasnoe-suhoe-15,data/catalogs/ver1plain-1628/photos/chateau-de-talu-enolog-kaberne-sovinon-krasnoe-suhoe-15.webp,Энолог
vinodelnya-krinitsa-ester-muskat-belyy-beloe-suhoe-12,data/catalogs/ver1plain-1628/photos/vinodelnya-krinitsa-ester-muskat-belyy-beloe-suhoe-12.webp,Эстер
vinodelnya-krinitsa-ester-muskat-beloe-suhoe-128,data/catalogs/ver1plain-1628/photos/vinodelnya-krinitsa-ester-muskat-beloe-suhoe-128.webp,Эстер
chateau-de-talu-yuzhnaya-vertikal-kaberne-fran-krasnoe-suhoe-142,data/catalogs/ver1plain-1628/photos/chateau-de-talu-yuzhnaya-vertikal-kaberne-fran-krasnoe-suhoe-142.webp,Южная Вертикаль Каберне Фран
chateau-de-talu-yuzhnaya-vertikal-kaberne-fran-premium-krasnoe-suhoe-143,data/catalogs/ver1plain-1628/photos/chateau-de-talu-yuzhnaya-vertikal-kaberne-fran-premium-krasnoe-suhoe-143.webp,Южная Вертикаль Каберне Фран премиум
chateau-de-talu-yuzhnaya-vertikal-kaberne-fran-rezerv-krasnoe-suhoe-146,data/catalogs/ver1plain-1628/photos/chateau-de-talu-yuzhnaya-vertikal-kaberne-fran-rezerv-krasnoe-suhoe-146.webp,Южная Вертикаль. Каберне Фран Резерв
usadba-divnomorskoe-yuzhnyy-les-merlo-krasnoe-suhoe-137,data/catalogs/ver1plain-1628/photos/usadba-divnomorskoe-yuzhnyy-les-merlo-krasnoe-suhoe-137.webp,Южный Лес
agora-muskat,data/catalogs/ver1plain-1628/photos/agora-muskat.webp,AGORA Мускат
bukovinka,data/catalogs/ver1plain-1628/photos/bukovinka.webp,Буковинка
chateau-tamagne-eno-traminer-i-shardone,data/catalogs/ver1plain-1628/photos/chateau-tamagne-eno-traminer-i-shardone.webp,Chateau Tamagne Eno Траминер и Шардоне
czitronnyj-magaracha,data/catalogs/ver1plain-1628/photos/czitronnyj-magaracha.webp,Цитрон
di-kaspiko-di-caspico-fiori-di-mare-verde,data/catalogs/ver1plain-1628/photos/di-kaspiko-di-caspico-fiori-di-mare-verde.webp,Ди Каспико (Di Caspico Fiori di Mare Verde)
glera-manno,data/catalogs/ver1plain-1628/photos/glera-manno.webp,Глера Манно
grand-jete-blanc-de-blancs,data/catalogs/ver1plain-1628/photos/grand-jete-blanc-de-blancs.webp,Grand Jete Blanc de Blancs
grand-jete-cuvee,data/catalogs/ver1plain-1628/photos/grand-jete-cuvee.webp,Grand Jete Cuvee
kaberne-sovinon-2,data/catalogs/ver1plain-1628/photos/kaberne-sovinon-2.webp,Каберне Совиньон
lesnaya-proseka,data/catalogs/ver1plain-1628/photos/lesnaya-proseka.webp,Лесная просека
magnatum-blanc-de-blancs,data/catalogs/ver1plain-1628/photos/magnatum-blanc-de-blancs.webp,Magnatum Blanc de Blancs
mancopia-kaberne-sovinon,data/catalogs/ver1plain-1628/photos/mancopia-kaberne-sovinon.webp,Mancopia Каберне Совиньон
mancopia-saperavi,data/catalogs/ver1plain-1628/photos/mancopia-saperavi.webp,Mancopia Саперави
merlo,data/catalogs/ver1plain-1628/photos/merlo.webp,Мерло
oleg,data/catalogs/ver1plain-1628/photos/oleg.webp,Олег
pino-nuar,data/catalogs/ver1plain-1628/photos/pino-nuar.webp,Пино Нуар
pobeda,data/catalogs/ver1plain-1628/photos/pobeda.webp,Победа
pozdnij-sbor-beloe,data/catalogs/ver1plain-1628/photos/pozdnij-sbor-beloe.webp,"Поздний сбор, Белое"
pozdnij-sbor-krasnoe,data/catalogs/ver1plain-1628/photos/pozdnij-sbor-krasnoe.webp,"Поздний сбор, Красное"
risling,data/catalogs/ver1plain-1628/photos/risling.webp,Рислинг
risling-1,data/catalogs/ver1plain-1628/photos/risling-1.webp,Рислинг
roze-2,data/catalogs/ver1plain-1628/photos/roze-2.webp,Розе
rozovoe-zoloto,data/catalogs/ver1plain-1628/photos/rozovoe-zoloto.webp,Розовое золото
rubin-golodrigi,data/catalogs/ver1plain-1628/photos/rubin-golodrigi.webp,Рубин Голодриги
rustok-glera-ru-140,data/catalogs/ver1plain-1628/photos/rustok-glera-ru-140.webp,Русток Глера Ru 140
skalistyy-bereg-shyopot-tsvetov-risling-beloe-suhoe-109,data/catalogs/ver1plain-1628/photos/skalistyy-bereg-shyopot-tsvetov-risling-beloe-suhoe-109.jpg,Шёпот цветов
soyuz-vino-mosavali-saperavi-polusladkoe-krasnoe-11,data/catalogs/ver1plain-1628/photos/soyuz-vino-mosavali-saperavi-polusladkoe-krasnoe-11.webp,Мосавали Саперави Полусладкое
twopeters_saperavi,data/catalogs/ver1plain-1628/photos/twopeters_saperavi.webp,Саперави
vermentino-viognier-2022,data/catalogs/ver1plain-1628/photos/vermentino-viognier-2022.webp,Vermentino-Viognier 2022
vibes-montepulchano-kaberne-fran-pti-verdo,data/catalogs/ver1plain-1628/photos/vibes-montepulchano-kaberne-fran-pti-verdo.webp,"VIBES, Монтепульчано, Каберне Фран, Пти Вердо"
vibes-silvaner-barrel-fermented-2022,data/catalogs/ver1plain-1628/photos/vibes-silvaner-barrel-fermented-2022.webp,"VIBES, Silvaner Barrel Fermented 2022"
vibes-vermentino-viognier-barrel-fermented-2022,data/catalogs/ver1plain-1628/photos/vibes-vermentino-viognier-barrel-fermented-2022.webp,"Vibes, Vermentino-Viognier Barrel Fermented 2022"
abrau-dyurso-az-abrau-madrasa-krasnoe-suhoe-14,data/catalogs/ver1plain-1628/photos/abrau-dyurso-az-abrau-madrasa-krasnoe-suhoe-14.webp,Az Abrau Мадраса
cabernet-franc-pinot-noir-2021,data/catalogs/ver1plain-1628/photos/cabernet-franc-pinot-noir-2021.webp,Cabernet Franc-Pinot Noir 2021
cabernet-franc-pinot-noir-2022,data/catalogs/ver1plain-1628/photos/cabernet-franc-pinot-noir-2022.webp,Cabernet Franc-Pinot Noir 2022
esse-demi-sec-muscat-nectar-muskat-belyy-beloe-ekstra-bryut-115,data/catalogs/ver1plain-1628/photos/esse-demi-sec-muscat-nectar-muskat-belyy-beloe-ekstra-bryut-115.webp,Demi-Sec Muscat Nectar
agrolayn-heritage-dg-skin-contact-red-saperavi-krasnoe-suhoe-13,data/catalogs/ver1plain-1628/photos/agrolayn-heritage-dg-skin-contact-red-saperavi-krasnoe-suhoe-13.webp,Heritage Dg Skin Contact Red
agrolayn-mountain-eagle-semillon-semilon-beloe-suhoe-11,data/catalogs/ver1plain-1628/photos/agrolayn-mountain-eagle-semillon-semilon-beloe-suhoe-11.webp,Mountain Eagle Semillon
esse-muskat-muskat-belyy-beloe-ekstra-bryut-115,data/catalogs/ver1plain-1628/photos/esse-muskat-muskat-belyy-beloe-ekstra-bryut-115.webp,Muskat
belmas-winery-pn-pino-nuar-krasnoe-suhoe-135,data/catalogs/ver1plain-1628/photos/belmas-winery-pn-pino-nuar-krasnoe-suhoe-135.webp,Pn
belmas-winery-riesling-katya-risling-beloe-suhoe-12,data/catalogs/ver1plain-1628/photos/belmas-winery-riesling-katya-risling-beloe-suhoe-12.webp,Riesling Katya
kuban-vino-aristov-kaberne-sovinon-roze-rozovoe-suhoe-12,data/catalogs/ver1plain-1628/photos/kuban-vino-aristov-kaberne-sovinon-roze-rozovoe-suhoe-12.webp,Аристов Каберне Совиньон Розе
kuban-vino-aristov-kaberne-sovinon-roze-2020-rozovoe-suhoe-12,data/catalogs/ver1plain-1628/photos/kuban-vino-aristov-kaberne-sovinon-roze-2020-rozovoe-suhoe-12.webp,Аристов Каберне Совиньон Розе 2020
skalistyy-bereg-veter-v-travah-kaberne-fran-krasnoe-suhoe-13,data/catalogs/ver1plain-1628/photos/skalistyy-bereg-veter-v-travah-kaberne-fran-krasnoe-suhoe-13.webp,Ветер в травах
oxana-istratova-wine-vione-2023-oranzhevoe-suhoe-119,data/catalogs/ver1plain-1628/photos/oxana-istratova-wine-vione-2023-oranzhevoe-suhoe-119.webp,Вионье 2023
oxana-istratova-wine-vione-2024-oranzhevoe-suhoe-13,data/catalogs/ver1plain-1628/photos/oxana-istratova-wine-vione-2024-oranzhevoe-suhoe-13.webp,Вионье 2024
shato-ay-danil-grenash-krasnoe-suhoe-12,data/catalogs/ver1plain-1628/photos/shato-ay-danil-grenash-krasnoe-suhoe-12.webp,Гренаш
derbent-vino-desono-merlo-krasnoe-suhoe-125,data/catalogs/ver1plain-1628/photos/derbent-vino-desono-merlo-krasnoe-suhoe-125.webp,Дэсоно Мерло
derbent-vino-desono-sovinon-ekstra-bryut-sovinon-blan-beloe-105-125,data/catalogs/ver1plain-1628/photos/derbent-vino-desono-sovinon-ekstra-bryut-sovinon-blan-beloe-105-125.webp,Дэсоно Совиньон экстра брют
villa-urkusta-kaberne-sovinon-klassik-krasnoe-suhoe-12,data/catalogs/ver1plain-1628/photos/villa-urkusta-kaberne-sovinon-klassik-krasnoe-suhoe-12.webp,Каберне совиньон Классик
villa-urkusta-kaberne-sovinon-klassik-krasnoe-suhoe-139,data/catalogs/ver1plain-1628/photos/villa-urkusta-kaberne-sovinon-klassik-krasnoe-suhoe-139.webp,Каберне совиньон Классик
legato-legato-sovinon-blan-beloe-suhoe-125,data/catalogs/ver1plain-1628/photos/legato-legato-sovinon-blan-beloe-suhoe-125.webp,Легато Совиньон Блан
legato-legato-sovinon-blan-mtsvane-beloe-suhoe-125,data/catalogs/ver1plain-1628/photos/legato-legato-sovinon-blan-mtsvane-beloe-suhoe-125.webp,Легато Совиньон Блан Мцване
oxana-istratova-wine-rkatsiteli-2023-oranzhevoe-suhoe-113,data/catalogs/ver1plain-1628/photos/oxana-istratova-wine-rkatsiteli-2023-oranzhevoe-suhoe-113.webp,Ркацители 2023
oxana-istratova-wine-rkatsiteli-2024-oranzhevoe-suhoe-12,data/catalogs/ver1plain-1628/photos/oxana-istratova-wine-rkatsiteli-2024-oranzhevoe-suhoe-12.webp,Ркацители 2024
soyuz-vino-soyuz-vino-kaberne-sovinon-beg-in-boks-krasnoe-suhoe-11,data/catalogs/ver1plain-1628/photos/soyuz-vino-soyuz-vino-kaberne-sovinon-beg-in-boks-krasnoe-suhoe-11.webp,Союз-Вино Каберне Совиньон Бэг-ин-бокс
soyuz-vino-soyuz-vino-kaberne-sovinon-polusladkoe-beg-in-boks-krasnoe-12,data/catalogs/ver1plain-1628/photos/soyuz-vino-soyuz-vino-kaberne-sovinon-polusladkoe-beg-in-boks-krasnoe-12.webp,Союз-Вино Каберне Совиньон Полусладкое Бэг-ин-бокс
soyuz-vino-soyuz-vino-shardone-suhoe-beg-in-boks-beloe-11,data/catalogs/ver1plain-1628/photos/soyuz-vino-soyuz-vino-shardone-suhoe-beg-in-boks-beloe-11.webp,Союз-Вино Шардоне Сухое Бэг-ин-бокс
sober-bash-hihvi-beloe-suhoe-15,data/catalogs/ver1plain-1628/photos/sober-bash-hihvi-beloe-suhoe-15.webp,Хихви
sober-bash-hihvi-amfora-beloe-suhoe-14,data/catalogs/ver1plain-1628/photos/sober-bash-hihvi-amfora-beloe-suhoe-14.webp,Хихви Амфора
derbent-vino-endemy-merlo-krasnoe-suhoe-13,data/catalogs/ver1plain-1628/photos/derbent-vino-endemy-merlo-krasnoe-suhoe-13.webp,Эндемы Мерло
derbent-vino-endemy-shardone-beloe-suhoe-13,data/catalogs/ver1plain-1628/photos/derbent-vino-endemy-shardone-beloe-suhoe-13.webp,Эндемы Шардоне
derbent-vino-endemy-shardone-beloe-bryut-105-125,data/catalogs/ver1plain-1628/photos/derbent-vino-endemy-shardone-beloe-bryut-105-125.webp,Эндемы Шардоне
aristov-kyuve-aleksandr-blan-de-blan,data/catalogs/ver1plain-1628/photos/aristov-kyuve-aleksandr-blan-de-blan.png,Аристов. Кюве Александр. Блан Де Блан
petrouchka,data/catalogs/ver1plain-1628/photos/petrouchka.webp,Petrouchka
denisov_rubin_klaret_krasnaya_strelka,data/catalogs/ver1plain-1628/photos/denisov_rubin_klaret_krasnaya_strelka.webp,Рубин кларет . Красная стрелка
zhemchuzhnaya-9-kaberne-sovinon-pino-nuar,data/catalogs/ver1plain-1628/photos/zhemchuzhnaya-9-kaberne-sovinon-pino-nuar.webp,"Жемчужная 9 Каберне Совиньон, Пино Нуар"
perovskih_polusuhoe_krasnoe,data/catalogs/ver1plain-1628/photos/perovskih_polusuhoe_krasnoe.webp,Полусухое Красное
katharon-katharon-risling-suhoe,data/catalogs/ver1plain-1628/photos/katharon-katharon-risling-suhoe.webp,Katharon: Рислинг сухое
jd_winery_risling,data/catalogs/ver1plain-1628/photos/jd_winery_risling.webp,Рислинг тихое
abrau-dyurso-udelnoe-vedomstvo-imperatorskoe-beloe-bryut,data/catalogs/ver1plain-1628/photos/abrau-dyurso-udelnoe-vedomstvo-imperatorskoe-beloe-bryut.webp,Абрау Дюрсо Удельное Ведомство Императорское белое брют
kaffa-joy-merlot-malbec,data/catalogs/ver1plain-1628/photos/kaffa-joy-merlot-malbec.webp,Kaffa Joy Merlot / Malbec
cantiani-riesling-rkatsiteli,data/catalogs/ver1plain-1628/photos/cantiani-riesling-rkatsiteli.webp,Cantiani Riesling Rkatsiteli
zb-vajn-spumante-bryut-rozovoe,data/catalogs/ver1plain-1628/photos/zb-vajn-spumante-bryut-rozovoe.jpg,ЗБ вайн СПУМАНТЕ Брют розовое
koktebel-casa-belyj-kupazh,data/catalogs/ver1plain-1628/photos/koktebel-casa-belyj-kupazh.webp,Коктебель Casa белый купаж
polusuhoe-rozovoe-zb-vajn-frizzante,data/catalogs/ver1plain-1628/photos/polusuhoe-rozovoe-zb-vajn-frizzante.jpg,Полусухое розовое ЗБ вайн Фриззанте
vysokij-bereg-risling-zelenaya-seriya,data/catalogs/ver1plain-1628/photos/vysokij-bereg-risling-zelenaya-seriya.png,Высокий берег Рислинг. Зеленая серия
vysokij-bereg-traminer-zelenaya-seriya,data/catalogs/ver1plain-1628/photos/vysokij-bereg-traminer-zelenaya-seriya.png,Высокий берег Траминер. Зеленая серия
novyj-svet-zolotoj-risling,data/catalogs/ver1plain-1628/photos/novyj-svet-zolotoj-risling.webp,Новый Свет. Золотой Рислинг
cantiani-rkatsiteli-1,data/catalogs/ver1plain-1628/photos/cantiani-rkatsiteli-1.webp,Cantiani Rkatsiteli
inkerman-muskatnoe-beloe,data/catalogs/ver1plain-1628/photos/inkerman-muskatnoe-beloe.webp,Inkerman Мускатное белое
gaj-kodzor-sovinon-blan,data/catalogs/ver1plain-1628/photos/gaj-kodzor-sovinon-blan.webp,Гай-Кодзор Совиньон Блан
cantiani-cabernet-sauvignon-merlot,data/catalogs/ver1plain-1628/photos/cantiani-cabernet-sauvignon-merlot.webp,Cantiani Cabernet Sauvignon Merlot
katharon-mezenka-sovinon-blan,data/catalogs/ver1plain-1628/photos/katharon-mezenka-sovinon-blan.webp,Мезенка: Совиньон Блан
skalistyj-bereg-shepot-czvetov,data/catalogs/ver1plain-1628/photos/skalistyj-bereg-shepot-czvetov.webp,Скалистый берег Шепот цветов
shato-taman-polusladkoe,data/catalogs/ver1plain-1628/photos/shato-taman-polusladkoe.png,Шато Тамань Полусладкое
blush-mirage-risling,data/catalogs/ver1plain-1628/photos/blush-mirage-risling.png,BLUSH MIRAGE Рислинг
privat,data/catalogs/ver1plain-1628/photos/privat.jpg,Приват
pino-nuar-2025,data/catalogs/ver1plain-1628/photos/pino-nuar-2025.webp,"Пино Нуар, 2025"
fanagoriya-ona-skazala-da-beloe-polusladkoe,data/catalogs/ver1plain-1628/photos/fanagoriya-ona-skazala-da-beloe-polusladkoe.png,Фанагория Она сказала Да! белое полусладкое
ona-skazala-da,data/catalogs/ver1plain-1628/photos/ona-skazala-da.png,Она сказала Да!
agora-terruarnoe-kaberne-sovinon,data/catalogs/ver1plain-1628/photos/agora-terruarnoe-kaberne-sovinon.png,AGORA Терруарное Каберне совиньон
denisov_pet_nat_rubin,data/catalogs/ver1plain-1628/photos/denisov_pet_nat_rubin.webp,Пет-Нат Рубин
leto-kollekcziya-leta-2020-suhoe-beloe,data/catalogs/ver1plain-1628/photos/leto-kollekcziya-leta-2020-suhoe-beloe.webp,LETO Коллекция Лета 2020 сухое белое
shardone,data/catalogs/ver1plain-1628/photos/shardone.webp,Шардоне
cantiani-chardonnay,data/catalogs/ver1plain-1628/photos/cantiani-chardonnay.webp,Cantiani Chardonnay
katharon-katharon-merlo,data/catalogs/ver1plain-1628/photos/katharon-katharon-merlo.webp,Katharon: Мерло
agora-rosa-viva-cabernet-franc,data/catalogs/ver1plain-1628/photos/agora-rosa-viva-cabernet-franc.png,Agora ROSA VIVA Cabernet Franc
rozovoe-polusladkoe-2,data/catalogs/ver1plain-1628/photos/rozovoe-polusladkoe-2.webp,Розовое полусладкое
denisov_pereplyas_kurmyshi,data/catalogs/ver1plain-1628/photos/denisov_pereplyas_kurmyshi.webp,Перепляс. Курмыши
solnechnaya-dolina-meganom-kokur-beloe-bryut,data/catalogs/ver1plain-1628/photos/solnechnaya-dolina-meganom-kokur-beloe-bryut.jpg,Солнечная Долина Меганом Кокур белое брют
gaj-kodzor-rusan,data/catalogs/ver1plain-1628/photos/gaj-kodzor-rusan.webp,Гай-Кодзор Русан
dva-brata-pet-nat-kokur-2024,data/catalogs/ver1plain-1628/photos/dva-brata-pet-nat-kokur-2024.webp,"Два Брата Пет Нат Кокур, 2024"
cantiani-riesling,data/catalogs/ver1plain-1628/photos/cantiani-riesling.webp,Cantiani Riesling
risling-shato-taman,data/catalogs/ver1plain-1628/photos/risling-shato-taman.png,Рислинг. Шато Тамань
shato-taman-kaberne-sovinon,data/catalogs/ver1plain-1628/photos/shato-taman-kaberne-sovinon.png,Шато Тамань. Каберне Совиньон
suhoe-beloe-zb-vajn-frizzante,data/catalogs/ver1plain-1628/photos/suhoe-beloe-zb-vajn-frizzante.jpg,Сухое белое ЗБ вайн Фриззанте
perovskih_aligote,data/catalogs/ver1plain-1628/photos/perovskih_aligote.png,Алиготе. Лимитированная серия
appassimento-merlot,data/catalogs/ver1plain-1628/photos/appassimento-merlot.webp,Appassimento merlot
rozovoe-bryut,data/catalogs/ver1plain-1628/photos/rozovoe-bryut.png,Розовое брют Monte Garu
dnk-alleli,data/catalogs/ver1plain-1628/photos/dnk-alleli.webp,ДНК. Аллели
agora-rosa-viva-beloe-polusladkoe,data/catalogs/ver1plain-1628/photos/agora-rosa-viva-beloe-polusladkoe.png,Agora Rosa Viva Белое Полусладкое
cantiani-aligote-riesling,data/catalogs/ver1plain-1628/photos/cantiani-aligote-riesling.webp,Cantiani Aligote Riesling
katharon-mezenka-risling-polusuhoe,data/catalogs/ver1plain-1628/photos/katharon-mezenka-risling-polusuhoe.webp,Мезенка: Рислинг полусухое
fanagoriya-ona-skazala-da-beloe-bryut,data/catalogs/ver1plain-1628/photos/fanagoriya-ona-skazala-da-beloe-bryut.png,Фанагория Она сказала Да! белое брют
kokur-2025,data/catalogs/ver1plain-1628/photos/kokur-2025.webp,"Кокур, 2025"
viognier-special-reserve,data/catalogs/ver1plain-1628/photos/viognier-special-reserve.webp,Viognier special reserve
muskat-ottonel-gusev,data/catalogs/ver1plain-1628/photos/muskat-ottonel-gusev.webp,Мускат Оттонель Гусевъ
muskatnoe-shato-taman,data/catalogs/ver1plain-1628/photos/muskatnoe-shato-taman.png,Мускатное. Шато Тамань
glu-glu-samba,data/catalogs/ver1plain-1628/photos/glu-glu-samba.webp,"Glu Glu Samba, 2022"
dnk-aura,data/catalogs/ver1plain-1628/photos/dnk-aura.webp,ДНК. Аура
portvejn-surozh,data/catalogs/ver1plain-1628/photos/portvejn-surozh.png,Портвейн Сурож
perovskih_odesskiy_chernyi,data/catalogs/ver1plain-1628/photos/perovskih_odesskiy_chernyi.png,Одесский черный. Лимитированная серия
novyj-svet-polusuhoe-kollekczionnoe,data/catalogs/ver1plain-1628/photos/novyj-svet-polusuhoe-kollekczionnoe.webp,Новый Свет полусухое коллекционное
evolution-pinot-noir-bryut-beloe,data/catalogs/ver1plain-1628/photos/evolution-pinot-noir-bryut-beloe.webp,"Evolution pinot noir, брют, белое"
shato-taman-bryut-1,data/catalogs/ver1plain-1628/photos/shato-taman-bryut-1.png,Шато Тамань Брют
amelia,data/catalogs/ver1plain-1628/photos/amelia.webp,"Amelia, 2022"
denisov_pino_noir_klaret,data/catalogs/ver1plain-1628/photos/denisov_pino_noir_klaret.webp,Пино Нуар кларет. Красная стрелка
vysokij-bereg-risling-zelenaya-seriya-2,data/catalogs/ver1plain-1628/photos/vysokij-bereg-risling-zelenaya-seriya-2.png,Высокий берег Рислинг. Зеленая серия
shato-taman-grape-dance,data/catalogs/ver1plain-1628/photos/shato-taman-grape-dance.webp,Шато Тамань. GRAPE DANCE
tamara-2022,data/catalogs/ver1plain-1628/photos/tamara-2022.webp,"Tamara, 2022"
chateau-tamagne-eno-amber,data/catalogs/ver1plain-1628/photos/chateau-tamagne-eno-amber.webp,Chateau Tamagne Eno Amber
denisov_pet_nat_citron_rkaciteli,data/catalogs/ver1plain-1628/photos/denisov_pet_nat_citron_rkaciteli.webp,Пет-Нат Цитрон-Ркацители
belmas-winery-vi-vione-beloe-suhoe-122,data/catalogs/ver1plain-1628/photos/belmas-winery-vi-vione-beloe-suhoe-122.webp,Vi
cantiani-cabernet-sauvignon,data/catalogs/ver1plain-1628/photos/cantiani-cabernet-sauvignon.webp,Cantiani Cabernet Sauvignon
miroir-de-talu-merlot-krasnostop,data/catalogs/ver1plain-1628/photos/miroir-de-talu-merlot-krasnostop.webp,Miroir De Talu Merlot Красностоп
zhemchuzhnaya-9-pino-nuar-muskat-rozovyj,data/catalogs/ver1plain-1628/photos/zhemchuzhnaya-9-pino-nuar-muskat-rozovyj.webp,"Жемчужная 9 Пино Нуар, Мускат Розовый"
shato-taman-par-la-mer-korall,data/catalogs/ver1plain-1628/photos/shato-taman-par-la-mer-korall.png,Шато Тамань. Пар Ла Мер. Коралл
agora-rosa-viva-beloe-bryut,data/catalogs/ver1plain-1628/photos/agora-rosa-viva-beloe-bryut.png,Agora Rosa Viva Белое Брют
zb-wine-moscato-beloe-polusladkoe,data/catalogs/ver1plain-1628/photos/zb-wine-moscato-beloe-polusladkoe.webp,ZB Wine Moscato белое полусладкое
novyj-svet-polusladkoe,data/catalogs/ver1plain-1628/photos/novyj-svet-polusladkoe.webp,Новый Свет полусладкое
golubitskoe-estate-risling,data/catalogs/ver1plain-1628/photos/golubitskoe-estate-risling.webp,Golubitskoe Estate Рислинг
rkacziteli-beloe-suhoe,data/catalogs/ver1plain-1628/photos/rkacziteli-beloe-suhoe.webp,Ркацители белое сухое
naomi-2022,data/catalogs/ver1plain-1628/photos/naomi-2022.webp,"Naomi, 2022"
perovskih_kaberne_fran_reserve,data/catalogs/ver1plain-1628/photos/perovskih_kaberne_fran_reserve.png,Каберне Фран Резерв
katharon-mezenka-kaberne-fran-merlo,data/catalogs/ver1plain-1628/photos/katharon-mezenka-kaberne-fran-merlo.webp,Мезенка: Каберне Фран - Мерло
ballet-blanc,data/catalogs/ver1plain-1628/photos/ballet-blanc.png,Ballet Blanc
evolution-pinot-noir-bryut-rozovoe,data/catalogs/ver1plain-1628/photos/evolution-pinot-noir-bryut-rozovoe.webp,"Evolution pinot noir, брют, розовое"
novyj-svet-shardone-kyuve-de-prestizh-1,data/catalogs/ver1plain-1628/photos/novyj-svet-shardone-kyuve-de-prestizh-1.webp,Новый Свет. Шардоне Кюве Де Престиж
shardone-1,data/catalogs/ver1plain-1628/photos/shardone-1.png,Шардоне
novyj-svet-vyderzhannoe-bryut,data/catalogs/ver1plain-1628/photos/novyj-svet-vyderzhannoe-bryut.webp,Новый Свет выдержанное брют
shato-taman-par-la-mer-pino-nuar,data/catalogs/ver1plain-1628/photos/shato-taman-par-la-mer-pino-nuar.png,Шато Тамань. Пар Ла Мер. Пино Нуар
vino-suhoe-rozovoe-endemy-kaberne-sovinon,data/catalogs/ver1plain-1628/photos/vino-suhoe-rozovoe-endemy-kaberne-sovinon.png,Эндемы Каберне Совиньон розовое
agora-rosa-viva-rozovoe-polusladkoe,data/catalogs/ver1plain-1628/photos/agora-rosa-viva-rozovoe-polusladkoe.png,Agora Rosa Viva Розовое Полусладкое
chateau-tamagne-grand-dessert-nectar,data/catalogs/ver1plain-1628/photos/chateau-tamagne-grand-dessert-nectar.png,Chateau Tamagne Grand Dessert Nectar
perovskih_rkaciteli_orange,data/catalogs/ver1plain-1628/photos/perovskih_rkaciteli_orange.png,Ркацители Оранж
green-cape-risling,data/catalogs/ver1plain-1628/photos/green-cape-risling.webp,Green Cape Рислинг
molodoe-shato-taman-1,data/catalogs/ver1plain-1628/photos/molodoe-shato-taman-1.png,Молодое. Шато Тамань
lorio-sovinon-blan-2025,data/catalogs/ver1plain-1628/photos/lorio-sovinon-blan-2025.webp,ЛОРИО. Совиньон Блан 2025
polusladkoe-krasnoe-zb-vajn-frizzante,data/catalogs/ver1plain-1628/photos/polusladkoe-krasnoe-zb-vajn-frizzante.jpg,Полусладкое красное ЗБ вайн Фриззанте
valerij-zaharin-kokur-i-ko-beloe-polusladkoe,data/catalogs/ver1plain-1628/photos/valerij-zaharin-kokur-i-ko-beloe-polusladkoe.webp,Валерий Захарьин Кокур и Ко белое полусладкое
perovskih_blan_de_noir,data/catalogs/ver1plain-1628/photos/perovskih_blan_de_noir.png,Блан де Нуар. Брют Натюр
shato-taman-bryut,data/catalogs/ver1plain-1628/photos/shato-taman-bryut.png,Шато Тамань Брют
glu-glu-mr-mouse-2022,data/catalogs/ver1plain-1628/photos/glu-glu-mr-mouse-2022.webp,"Glu Glu Mr.Mouse, 2022"
zb-vajn-moskato-polusladkoe-beloe,data/catalogs/ver1plain-1628/photos/zb-vajn-moskato-polusladkoe-beloe.jpg,ЗБ вайн МОСКАТО полусладкое белое
daniel-2021,data/catalogs/ver1plain-1628/photos/daniel-2021.webp,"Daniel, 2021"
abrau-dyurso-fizz-beloe-bryut,data/catalogs/ver1plain-1628/photos/abrau-dyurso-fizz-beloe-bryut.webp,Абрау Дюрсо Физз белое брют
vysokij-bereg-risling-zelenaya-seriya-1,data/catalogs/ver1plain-1628/photos/vysokij-bereg-risling-zelenaya-seriya-1.png,Высокий берег Рислинг. Зеленая серия
khrustaleva-76-merlot-polusuhoe-rozovoe,data/catalogs/ver1plain-1628/photos/khrustaleva-76-merlot-polusuhoe-rozovoe.webp,"Khrustaleva 76 merlot, полусухое, розовое"
kaberne-sovinon-1,data/catalogs/ver1plain-1628/photos/kaberne-sovinon-1.png,Каберне Совиньон
novyj-svet-kollekczionnoe-bryut,data/catalogs/ver1plain-1628/photos/novyj-svet-kollekczionnoe-bryut.webp,Новый Свет коллекционное брют
perovskih_polusladkoe_rosovoe,data/catalogs/ver1plain-1628/photos/perovskih_polusladkoe_rosovoe.webp,Полусладкое розовое
fanagoriya-beloe-polusladkoe,data/catalogs/ver1plain-1628/photos/fanagoriya-beloe-polusladkoe.webp,Фанагория белое полусладкое
cantiani-semisweet,data/catalogs/ver1plain-1628/photos/cantiani-semisweet.webp,Cantiani Semisweet
katharon-mezenka-sira,data/catalogs/ver1plain-1628/photos/katharon-mezenka-sira.webp,Мезенка: Сира
novyj-svet-shardone-kyuve-de-prestizh,data/catalogs/ver1plain-1628/photos/novyj-svet-shardone-kyuve-de-prestizh.webp,Новый Свет. Шардоне Кюве де Престиж
zhemchuzhnaya-9-pino-gri-pino-nuar,data/catalogs/ver1plain-1628/photos/zhemchuzhnaya-9-pino-gri-pino-nuar.webp,"Жемчужная 9 Пино Гри, Пино Нуар"
novyj-svet-blan-de-nuar,data/catalogs/ver1plain-1628/photos/novyj-svet-blan-de-nuar.webp,Новый Свет. Блан Де Нуар
dnk-pokolenie,data/catalogs/ver1plain-1628/photos/dnk-pokolenie.webp,ДНК. Поколение
aristov-anima-pinot-grigio-blush,data/catalogs/ver1plain-1628/photos/aristov-anima-pinot-grigio-blush.png,Аристов Anima Pinot Grigio Blush
novyj-svet-aligote,data/catalogs/ver1plain-1628/photos/novyj-svet-aligote.webp,Новый Свет. Алиготе
agora-rosa-viva-muscat,data/catalogs/ver1plain-1628/photos/agora-rosa-viva-muscat.png,Agora ROSA VIVA Muscat
denisov_pazori_risling,data/catalogs/ver1plain-1628/photos/denisov_pazori_risling.webp,Пазори Рислинг
inkerman-shato-blan,data/catalogs/ver1plain-1628/photos/inkerman-shato-blan.webp,Инкерман Шато Блан
kaffa-joy-malbec-glu-glu,data/catalogs/ver1plain-1628/photos/kaffa-joy-malbec-glu-glu.webp,Kaffa Joy Malbec Glu Glu
katharon-mezenka-kaberne-fran,data/catalogs/ver1plain-1628/photos/katharon-mezenka-kaberne-fran.webp,Мезенка: Каберне Фран
saperavi-premium,data/catalogs/ver1plain-1628/photos/saperavi-premium.webp,Саперави. Премиум
merlo-1,data/catalogs/ver1plain-1628/photos/merlo-1.webp,Мерло
sovinon-blan-krasnaya-gorka,data/catalogs/ver1plain-1628/photos/sovinon-blan-krasnaya-gorka.png,Совиньон Блан
zb-vajn-moskato-polusladkoe-rozovoe,data/catalogs/ver1plain-1628/photos/zb-vajn-moskato-polusladkoe-rozovoe.jpg,ЗБ вайн МОСКАТО полусладкое розовое
novyj-svet-paradizio,data/catalogs/ver1plain-1628/photos/novyj-svet-paradizio.webp,Новый Свет. Парадизио
chateau-tamagne-signature-shardone,data/catalogs/ver1plain-1628/photos/chateau-tamagne-signature-shardone.png,Chateau Tamagne Signature. Шардоне
aristov-kyuve-aleksandr-roze-de-pino,data/catalogs/ver1plain-1628/photos/aristov-kyuve-aleksandr-roze-de-pino.png,Аристов. Кюве Александр. Розе Де Пино
derbent-vino-desono-kaberne-sovinon-krasnoe-suhoe-125,data/catalogs/ver1plain-1628/photos/derbent-vino-desono-kaberne-sovinon-krasnoe-suhoe-125.png,Дэсоно Каберне Совиньон
zb-vajn-spumante-polusuhoe-beloe,data/catalogs/ver1plain-1628/photos/zb-vajn-spumante-polusuhoe-beloe.jpg,ЗБ вайн СПУМАНТЕ Полусухое белое
zhemchuzhnaya-9-muskat-rozovyj-pino-gri,data/catalogs/ver1plain-1628/photos/zhemchuzhnaya-9-muskat-rozovyj-pino-gri.webp,"Жемчужная 9 Мускат Розовый, Пино гри"
zhemchuzhnaya-9-risling-sovinon-blan,data/catalogs/ver1plain-1628/photos/zhemchuzhnaya-9-risling-sovinon-blan.webp,"Жемчужная 9 Рислинг,Совиньон блан"
katharon-mezenka-risling-suhoe,data/catalogs/ver1plain-1628/photos/katharon-mezenka-risling-suhoe.webp,Мезенка: Рислинг сухое
leto-muskat-oranzh-2024-suhoe-vino,data/catalogs/ver1plain-1628/photos/leto-muskat-oranzh-2024-suhoe-vino.webp,LETO Мускат Оранж 2024 сухое белое
shato-taman-shardone,data/catalogs/ver1plain-1628/photos/shato-taman-shardone.png,Шато Тамань. Шардоне
kaffa-joy-malvasia,data/catalogs/ver1plain-1628/photos/kaffa-joy-malvasia.webp,Kaffa Joy Malvasia
perovskih_polusladkoe_beloe,data/catalogs/ver1plain-1628/photos/perovskih_polusladkoe_beloe.webp,Полусладкое Белое
madera-krymskaya,data/catalogs/ver1plain-1628/photos/madera-krymskaya.png,Мадера Крымская
kaberne-sovinon-appasimento,data/catalogs/ver1plain-1628/photos/kaberne-sovinon-appasimento.png,Каберне Совиньон Appassimento
abrau-dyurso-fizz-beloe-polusladkoe,data/catalogs/ver1plain-1628/photos/abrau-dyurso-fizz-beloe-polusladkoe.webp,Абрау Дюрсо Физз белое полусладкое
shato-taman-par-la-mer-pino-blan,data/catalogs/ver1plain-1628/photos/shato-taman-par-la-mer-pino-blan.png,Шато Тамань. Пар Ла Мер. Пино Блан
chateau-tamagne-nature-vert,data/catalogs/ver1plain-1628/photos/chateau-tamagne-nature-vert.png,Chateau Tamagne Nature. Vert
denisov_barynya_kurmyshi,data/catalogs/ver1plain-1628/photos/denisov_barynya_kurmyshi.webp,Барыня. Курмыши
perovskih_polusladkoe_krasnoe,data/catalogs/ver1plain-1628/photos/perovskih_polusladkoe_krasnoe.webp,Полусладкое Красное
mancopia-meritazh,data/catalogs/ver1plain-1628/photos/mancopia-meritazh.webp,Mancopia Меритаж
shato-taman-kaberne,data/catalogs/ver1plain-1628/photos/shato-taman-kaberne.png,Шато Тамань. Каберне
novyj-svet-kaberne-sovinon,data/catalogs/ver1plain-1628/photos/novyj-svet-kaberne-sovinon.webp,Новый Свет. Каберне Совиньон
krasnostop-zolotovskij,data/catalogs/ver1plain-1628/photos/krasnostop-zolotovskij.webp,Красностоп Золотовский
aristov-anima-millesimato-beloe-bryut,data/catalogs/ver1plain-1628/photos/aristov-anima-millesimato-beloe-bryut.png,Аристов ANIMA Millesimato белое брют
cru-lermont-risling,data/catalogs/ver1plain-1628/photos/cru-lermont-risling.png,Cru Lermont Рислинг
wine-1,data/catalogs/ver1plain-1628/photos/wine-1.webp,"Margarita, 2022"
shardone-rezerv,data/catalogs/ver1plain-1628/photos/shardone-rezerv.png,Шардоне Резерв
katharon-mezenka-merlo,data/catalogs/ver1plain-1628/photos/katharon-mezenka-merlo.webp,Мезенка: Мерло
novyj-svet-kaberne,data/catalogs/ver1plain-1628/photos/novyj-svet-kaberne.webp,Новый Свет. Каберне
chateau-tamagne-select-blanc-brut,data/catalogs/ver1plain-1628/photos/chateau-tamagne-select-blanc-brut.png,Chateau Tamagne Select Blanc Brut
novyj-svet-kaberne-sovinon-polusladkoe,data/catalogs/ver1plain-1628/photos/novyj-svet-kaberne-sovinon-polusladkoe.webp,Новый Свет. Каберне Совиньон полусладкое
leto-kaberne-fran-2024-polusladkoe-krasnoe,data/catalogs/ver1plain-1628/photos/leto-kaberne-fran-2024-polusladkoe-krasnoe.webp,LETO Каберне Фран 2024 полусладкое красное
aligote-shato-pino,data/catalogs/ver1plain-1628/photos/aligote-shato-pino.webp,Aligote. Шато Пино
agora-rosa-viva-riesling,data/catalogs/ver1plain-1628/photos/agora-rosa-viva-riesling.png,Agora ROSA VIVA Riesling
shato-taman-grape-dance-1,data/catalogs/ver1plain-1628/photos/shato-taman-grape-dance-1.webp,Шато Тамань. GRAPE DANCE
agrolayn-mountain-eagle-traminer-traminer-beloe-suhoe-12,data/catalogs/ver1plain-1628/photos/agrolayn-mountain-eagle-traminer-traminer-beloe-suhoe-12.webp,Mountain Eagle Traminer
chateau-tamagne-signature-kaberne,data/catalogs/ver1plain-1628/photos/chateau-tamagne-signature-kaberne.png,Chateau Tamagne Signature. Каберне
shato-taman-saperavi,data/catalogs/ver1plain-1628/photos/shato-taman-saperavi.png,Шато Тамань. Саперави
cosaque-krasnaya-gorka,data/catalogs/ver1plain-1628/photos/cosaque-krasnaya-gorka.png,Cosaque
millstream-cellar-vyderzhannoe-igristoe-polusuhoe-beloe,data/catalogs/ver1plain-1628/photos/millstream-cellar-vyderzhannoe-igristoe-polusuhoe-beloe.webp,MILLSTREAM Cellar выдержанное игристое полусухое белое
aya-khrustaleva-76-merlot-organik,data/catalogs/ver1plain-1628/photos/aya-khrustaleva-76-merlot-organik.webp,Aya Khrustaleva 76 merlot Органик
winemaker-selection,data/catalogs/ver1plain-1628/photos/winemaker-selection.webp,Winemaker selection
chateau-tamagne-nature-orange,data/catalogs/ver1plain-1628/photos/chateau-tamagne-nature-orange.png,Chateau Tamagne Nature. Orange
abrau-dyurso-victor-dravigny-bryut,data/catalogs/ver1plain-1628/photos/abrau-dyurso-victor-dravigny-bryut.webp,Абрау-Дюрсо Victor Dravigny брют
vino-suhoe-beloe-endemy-shardone,data/catalogs/ver1plain-1628/photos/vino-suhoe-beloe-endemy-shardone.png,Эндемы Шардоне
rozovoe-bryut-spumante,data/catalogs/ver1plain-1628/photos/rozovoe-bryut-spumante.webp,Розовое брют Спуманте
agora-terruarnoe-bastardo,data/catalogs/ver1plain-1628/photos/agora-terruarnoe-bastardo.png,AGORA Терруарное Бастардо
agora-vintage-blanc-de-blancs-extra-brut,data/catalogs/ver1plain-1628/photos/agora-vintage-blanc-de-blancs-extra-brut.webp,"AGORA, VINTAGE Blanc de Blancs extra brut"
czitronnyj-magaracha-sovinon-blan,data/catalogs/ver1plain-1628/photos/czitronnyj-magaracha-sovinon-blan.webp,"Жемчужная 9 Цитрон, Совиньон блан"
perovskih_kokur_orange,data/catalogs/ver1plain-1628/photos/perovskih_kokur_orange.webp,Кокур Оранж
blush-mirage-sovinon-zelyonyj,data/catalogs/ver1plain-1628/photos/blush-mirage-sovinon-zelyonyj.png,BLUSH MIRAGE Совиньон Зелёный
cantiani-rkatsiteli,data/catalogs/ver1plain-1628/photos/cantiani-rkatsiteli.webp,Cantiani Rkatsiteli
perovskih_semilion_reserv,data/catalogs/ver1plain-1628/photos/perovskih_semilion_reserv.png,Семильон Резерв
zhemchuzhnaya-9-muskat-rozovyj-kaberne-sovinon,data/catalogs/ver1plain-1628/photos/zhemchuzhnaya-9-muskat-rozovyj-kaberne-sovinon.webp,"Жемчужная 9 Мускат Розовый, Каберне Совиньон"
sary-pandas-vyderzhannoe,data/catalogs/ver1plain-1628/photos/sary-pandas-vyderzhannoe.webp,Сары Пандас выдержанное
aristov-kyuve-aleksandr-blan-de-nuar,data/catalogs/ver1plain-1628/photos/aristov-kyuve-aleksandr-blan-de-nuar.png,Аристов. Кюве Александр. Блан Де Нуар
avtohtonnoe-vino-kryma-beloe-suhoe,data/catalogs/ver1plain-1628/photos/avtohtonnoe-vino-kryma-beloe-suhoe.webp,Автохтонное Вино Крыма белое сухое
fanagoriya-fanagoriya-hey-bey-shardone-beloe-suhoe-13,data/catalogs/ver1plain-1628/photos/fanagoriya-fanagoriya-hey-bey-shardone-beloe-suhoe-13.png,Фанагория Хей Бэй Шардоне
agora-yachting-chardonnay,data/catalogs/ver1plain-1628/photos/agora-yachting-chardonnay.jpg,Agora Yachting Chardonnay
agora-yachting-merlot,data/catalogs/ver1plain-1628/photos/agora-yachting-merlot.jpg,Agora Yachting Merlot
myshako-igristoe-beloe-bryut,data/catalogs/ver1plain-1628/photos/myshako-igristoe-beloe-bryut.webp,Мысхако игристое белое брют
molodoe-shato-taman,data/catalogs/ver1plain-1628/photos/molodoe-shato-taman.png,Молодое. Шато Тамань
khrustaleva-76-muscat-bryut-beloe,data/catalogs/ver1plain-1628/photos/khrustaleva-76-muscat-bryut-beloe.webp,"Khrustaleva 76 muscat, брют, белое"
lorio-bryut-belyj,data/catalogs/ver1plain-1628/photos/lorio-bryut-belyj.webp,ЛОРИО. Брют белое игристое
agora-vintage-blanc-de-noirs-extra-brut,data/catalogs/ver1plain-1628/photos/agora-vintage-blanc-de-noirs-extra-brut.webp,"AGORA, VINTAGE Blanc de Noirs extra brut"
blush-mirage-rkacziteli-shiraz,data/catalogs/ver1plain-1628/photos/blush-mirage-rkacziteli-shiraz.png,"BLUSH MIRAGE Ркацители, Шираз"
shato-taman-par-la-mer-czvajgelt,data/catalogs/ver1plain-1628/photos/shato-taman-par-la-mer-czvajgelt.png,Шато Тамань. Пар Ла Мер. Цвайгельт
agora-rosa-viva-cabernet-sauvignon-shiraz,data/catalogs/ver1plain-1628/photos/agora-rosa-viva-cabernet-sauvignon-shiraz.png,Agora ROSA VIVA Cabernet Sauvignon Shiraz
vino-suhoe-beloe-endemy-sovinon,data/catalogs/ver1plain-1628/photos/vino-suhoe-beloe-endemy-sovinon.png,Эндемы Совиньон
vinodelnya-vedernikov-vedernikov-tsimlyanskiy-chyornyy-tsimlyanskiy-chernyy-krasnoe-suhoe-14,data/catalogs/ver1plain-1628/photos/vinodelnya-vedernikov-vedernikov-tsimlyanskiy-chyornyy-tsimlyanskiy-chernyy-krasnoe-suhoe-14.webp,Ведерниковъ Цимлянский Чёрный
chateau-tamagne-select-blanc,data/catalogs/ver1plain-1628/photos/chateau-tamagne-select-blanc.png,"Chateau Tamagne Select Blanc 0,2 СВОЁ ВИНО"
chateau-tamagne-signature-saperavi,data/catalogs/ver1plain-1628/photos/chateau-tamagne-signature-saperavi.png,Chateau Tamagne Signature. Саперави
kaffa-joy-rkatsiteli,data/catalogs/ver1plain-1628/photos/kaffa-joy-rkatsiteli.webp,Kaffa Joy Rkatsiteli
lorio-bryut-rozovoe-igristoe,data/catalogs/ver1plain-1628/photos/lorio-bryut-rozovoe-igristoe.webp,ЛОРИО. Брют розовое игристое
perovskih_muskat,data/catalogs/ver1plain-1628/photos/perovskih_muskat.png,Мускат
khrustaleva-76-muscat-polusladkoe-beloe,data/catalogs/ver1plain-1628/photos/khrustaleva-76-muscat-polusladkoe-beloe.webp,"Khrustaleva 76 muscat, полусладкое, белое"
novyj-svet-shardone,data/catalogs/ver1plain-1628/photos/novyj-svet-shardone.webp,Новый Свет. Шардоне
shato-taman-par-la-mer-sovinon,data/catalogs/ver1plain-1628/photos/shato-taman-par-la-mer-sovinon.png,Шато Тамань. Пар Ла Мер. Совиньон
igristoe-vino-endemy-bianka-bryut-beloe,data/catalogs/ver1plain-1628/photos/igristoe-vino-endemy-bianka-bryut-beloe.png,Эндемы Бианка брют белое
zb-vajn-spumante-bryut-beloe,data/catalogs/ver1plain-1628/photos/zb-vajn-spumante-bryut-beloe.jpg,ЗБ вайн СПУМАНТЕ Брют белое
kokur-suhoe,data/catalogs/ver1plain-1628/photos/kokur-suhoe.png,Кокур сухое
igristoe-vino-endemy-pino-blan-bryut-beloe,data/catalogs/ver1plain-1628/photos/igristoe-vino-endemy-pino-blan-bryut-beloe.png,Эндемы Пино Блан брют белое
cantiani-riesling-1,data/catalogs/ver1plain-1628/photos/cantiani-riesling-1.webp,Cantiani Riesling
beloe-polusladkoe,data/catalogs/ver1plain-1628/photos/beloe-polusladkoe.png,Белое полусладкое
perovskih_muskat_orange,data/catalogs/ver1plain-1628/photos/perovskih_muskat_orange.png,Мускат Оранж
myshako-igristoe-beloe-polusladkoe,data/catalogs/ver1plain-1628/photos/myshako-igristoe-beloe-polusladkoe.webp,Мысхако игристое белое полусладкое
aristov-anima-millesimato,data/catalogs/ver1plain-1628/photos/aristov-anima-millesimato.png,Аристов Anima Millesimato
chateau-tamagne-grand-dessert-muscat,data/catalogs/ver1plain-1628/photos/chateau-tamagne-grand-dessert-muscat.png,Chateau Tamagne Grand Dessert Muscat
massandra-rozovoe-suhoe,data/catalogs/ver1plain-1628/photos/massandra-rozovoe-suhoe.png,Массандра розовое сухое
cantiani-cabernet-sauvignon-reserve-2024,data/catalogs/ver1plain-1628/photos/cantiani-cabernet-sauvignon-reserve-2024.webp,"Cantiani Cabernet Sauvignon Reserve, 2024"
perovskih_merlo,data/catalogs/ver1plain-1628/photos/perovskih_merlo.webp,Мерло
krasnostop-shato-taman,data/catalogs/ver1plain-1628/photos/krasnostop-shato-taman.png,Красностоп. Шато Тамань
vino-suhoe-krasnoe-endemy-saperavi,data/catalogs/ver1plain-1628/photos/vino-suhoe-krasnoe-endemy-saperavi.png,Эндемы Саперави
portvejn-krymskij,data/catalogs/ver1plain-1628/photos/portvejn-krymskij.jpg,Портвейн Крымский
leto-kaberne-sovinon-2023-polusuhoe-krasnoe,data/catalogs/ver1plain-1628/photos/leto-kaberne-sovinon-2023-polusuhoe-krasnoe.webp,LETO Каберне Совиньон 2023 полусухое красное
millstream-cellar-select-krasnostop-zolotovskij,data/catalogs/ver1plain-1628/photos/millstream-cellar-select-krasnostop-zolotovskij.png,MILLSTREAM Cellar Select Красностоп Золотовский
roze-malbek,data/catalogs/ver1plain-1628/photos/roze-malbek.webp,Розе Мальбек
lefkadiya-beloe,data/catalogs/ver1plain-1628/photos/lefkadiya-beloe.webp,Лефкадия Белое
zb-vajn-vajt-suhoe-beloe,data/catalogs/ver1plain-1628/photos/zb-vajn-vajt-suhoe-beloe.jpg,ЗБ вайн ВАЙТ сухое белое
bryut-beloe-zolotaya-balka,data/catalogs/ver1plain-1628/photos/bryut-beloe-zolotaya-balka.webp,Брют Белое Золотая Балка
leto-risling-2024-polusuhoe-vino,data/catalogs/ver1plain-1628/photos/leto-risling-2024-polusuhoe-vino.webp,LETO Рислинг 2024 полусухое белое
zhemchuzhnaya-9-czitron-shardone-1,data/catalogs/ver1plain-1628/photos/zhemchuzhnaya-9-czitron-shardone-1.webp,"Жемчужная 9 Цитрон, Шардоне"
millstream-av-igristoe-molodoe-suhoe-beloe,data/catalogs/ver1plain-1628/photos/millstream-av-igristoe-molodoe-suhoe-beloe.webp,"MILLSTREAM AV игристое молодое, сухое, белое"
shardone-balaklava,data/catalogs/ver1plain-1628/photos/shardone-balaklava.webp,Шардоне Балаклава
kaberne-avtorskoe-vino,data/catalogs/ver1plain-1628/photos/kaberne-avtorskoe-vino.png,Каберне. Авторское вино
aratti-risling-suhoe,data/catalogs/ver1plain-1628/photos/aratti-risling-suhoe.webp,АРАТТИ Рислинг сухое
david,data/catalogs/ver1plain-1628/photos/david.webp,"David, 2020"
rozovoe-bryut-1,data/catalogs/ver1plain-1628/photos/rozovoe-bryut-1.webp,Розовое брют
myshako-green-cape-shardone-beloe-bryut,data/catalogs/ver1plain-1628/photos/myshako-green-cape-shardone-beloe-bryut.webp,Мысхако Green Cape Шардоне белое брют
zhemchuzhnaya-9-aligote-czitron,data/catalogs/ver1plain-1628/photos/zhemchuzhnaya-9-aligote-czitron.webp,"Жемчужная 9 Алиготе, Цитрон"
kyuve-czimlyanskij-chernyj-i-krasnostop-zolotoj,data/catalogs/ver1plain-1628/photos/kyuve-czimlyanskij-chernyj-i-krasnostop-zolotoj.webp,Кюве Цимлянский черный и Красностоп золотовский
millstream-cellar-select-kaberne-sovinon,data/catalogs/ver1plain-1628/photos/millstream-cellar-select-kaberne-sovinon.png,MILLSTREAM Cellar Select Каберне Совиньон
roze-avtorskoe-vino,data/catalogs/ver1plain-1628/photos/roze-avtorskoe-vino.png,Розе. Авторское вино
leto-kaberne-fran-rezerv-2021-suhoe-krasnoe,data/catalogs/ver1plain-1628/photos/leto-kaberne-fran-rezerv-2021-suhoe-krasnoe.webp,LETO Каберне Фран Резерв 2021 сухое красное
millstream-cellar-select-saperavi,data/catalogs/ver1plain-1628/photos/millstream-cellar-select-saperavi.png,MILLSTREAM Cellar Select Саперави
nosorog-night,data/catalogs/ver1plain-1628/photos/nosorog-night.webp,Nosorog night
sosedi-aligote-shardone-2025,data/catalogs/ver1plain-1628/photos/sosedi-aligote-shardone-2025.webp,Соседи Алиготе/Шардоне 2025
caperavi-avtorskoe-vino,data/catalogs/ver1plain-1628/photos/caperavi-avtorskoe-vino.png,Cаперави. Авторское вино
ya-jla-risling,data/catalogs/ver1plain-1628/photos/ya-jla-risling.png,Яйла Рислинг
millstream-cellar-select-blend-avtohtonov,data/catalogs/ver1plain-1628/photos/millstream-cellar-select-blend-avtohtonov.webp,MILLSTREAM Cellar Select Бленд Автохтонов
sacrum-bryut-rozovoe,data/catalogs/ver1plain-1628/photos/sacrum-bryut-rozovoe.webp,"Sacrum, брют, розовое"
kokur-avtorskoe,data/catalogs/ver1plain-1628/photos/kokur-avtorskoe.png,Кокур Авторское
aligote-barrel-2024,data/catalogs/ver1plain-1628/photos/aligote-barrel-2024.webp,"Алиготе Баррель, 2024"
b-yu-rne-malbek-krasnoe-suhoe,data/catalogs/ver1plain-1628/photos/b-yu-rne-malbek-krasnoe-suhoe.png,БЮРНЬЕ.МАЛЬБЕК красное сухое
balaklava-muskat,data/catalogs/ver1plain-1628/photos/balaklava-muskat.webp,Балаклава Мускат
zb-vajn-roze-suhoe-rozovoe,data/catalogs/ver1plain-1628/photos/zb-vajn-roze-suhoe-rozovoe.jpg,ЗБ вайн РОЗЕ сухое розовое
twopeters_kokur,data/catalogs/ver1plain-1628/photos/twopeters_kokur.webp,Кокур
fioletovyj-rannij-petnat,data/catalogs/ver1plain-1628/photos/fioletovyj-rannij-petnat.webp,Фиолетовый Ранний петнат
karbon-glyu-2024,data/catalogs/ver1plain-1628/photos/karbon-glyu-2024.webp,"Карбон Глю, 2024"
arie-vyderzhka-bochka-francziya-2020,data/catalogs/ver1plain-1628/photos/arie-vyderzhka-bochka-francziya-2020.webp,"Arie (Выдержка бочка Франция), 2020"
lefkadiya-krasnoe,data/catalogs/ver1plain-1628/photos/lefkadiya-krasnoe.webp,Лефкадия Красное
muskat-pozdnego-sbora-rozovyj,data/catalogs/ver1plain-1628/photos/muskat-pozdnego-sbora-rozovyj.png,Мускат позднего сбора розовый
cuvee-de-vitmer-brut,data/catalogs/ver1plain-1628/photos/cuvee-de-vitmer-brut.webp,Cuvee de Vitmer Brut
aratti-shardone-beloe-suhoe,data/catalogs/ver1plain-1628/photos/aratti-shardone-beloe-suhoe.webp,АРАТТИ Шардоне белое сухое
leto-kollekcziya-leta-2020-suhoe-beloe-1,data/catalogs/ver1plain-1628/photos/leto-kollekcziya-leta-2020-suhoe-beloe-1.webp,LETO Коллекция Лета 2020 сухое розовое
millstream-cellar-rezerv-blend-4,data/catalogs/ver1plain-1628/photos/millstream-cellar-rezerv-blend-4.png,MILLSTREAM Cellar Резерв Бленд №4
riesling,data/catalogs/ver1plain-1628/photos/riesling.webp,"Riesling, 2024"
vinodelnya-byurne-lyublyu-beloe-shardone-suhoe-135,data/catalogs/ver1plain-1628/photos/vinodelnya-byurne-lyublyu-beloe-shardone-suhoe-135.png,БЮРНЬЕ.ЛЮБЛЮ сухое белое
golubitskoe-estate-chardonnay,data/catalogs/ver1plain-1628/photos/golubitskoe-estate-chardonnay.webp,Golubitskoe Estate Chardonnay
orlov_sauvignon_blan,data/catalogs/ver1plain-1628/photos/orlov_sauvignon_blan.webp,Совиньон Блан
mont-blanc-blanc-de-blancs,data/catalogs/ver1plain-1628/photos/mont-blanc-blanc-de-blancs.webp,"Mont Blanc, Blanc de Blancs"
potenczial-2026,data/catalogs/ver1plain-1628/photos/potenczial-2026.webp,"Потенциал 2026, 2014"
evolution-reserve-pinot-noir,data/catalogs/ver1plain-1628/photos/evolution-reserve-pinot-noir.webp,Evolution reserve pinot noir
belmas-winery-syrah-katya-sira-krasnoe-suhoe-125,data/catalogs/ver1plain-1628/photos/belmas-winery-syrah-katya-sira-krasnoe-suhoe-125.webp,Syrah Katya
leto-risling-2024,data/catalogs/ver1plain-1628/photos/leto-risling-2024.webp,LETO Рислинг 2024 сухое белое
rebo-rezerv,data/catalogs/ver1plain-1628/photos/rebo-rezerv.webp,Ребо резерв
leto-shardone-2023-suhoe-beloe,data/catalogs/ver1plain-1628/photos/leto-shardone-2023-suhoe-beloe.webp,LETO Шардоне 2023 сухое белое
b-yu-rne-pino-gri-beloe-suhoe,data/catalogs/ver1plain-1628/photos/b-yu-rne-pino-gri-beloe-suhoe.webp,БЮРНЬЕ.ПИНО ГРИ белое сухое
tamara,data/catalogs/ver1plain-1628/photos/tamara.webp,"Tamara, 2023"
twopeters_risling,data/catalogs/ver1plain-1628/photos/twopeters_risling.png,Рислинг
wine,data/catalogs/ver1plain-1628/photos/wine.webp,Балаклава Брют Резерв Розе
mont-blanc-cuvee,data/catalogs/ver1plain-1628/photos/mont-blanc-cuvee.webp,Mont Blanc Cuvée
millstream-av-igristoe-molodoe-polusuhoe-beloe,data/catalogs/ver1plain-1628/photos/millstream-av-igristoe-molodoe-polusuhoe-beloe.webp,MILLSTREAM AV игристое молодое полусухое белое
aratti-kaberne-sovinon-2020-krasnoe-suhoe,data/catalogs/ver1plain-1628/photos/aratti-kaberne-sovinon-2020-krasnoe-suhoe.webp,АРАТТИ Каберне Совиньон 2020 красное сухое
balaklava-pino-nuar,data/catalogs/ver1plain-1628/photos/balaklava-pino-nuar.webp,Балаклава Пино Нуар
makitra-selection,data/catalogs/ver1plain-1628/photos/makitra-selection.webp,Makitra Selection
igristoe-zhemchuzhnoe-vino-polusuhoe-krasnoe-di-kaspiko-fiori-di-mare-di-caspico-fiori-di-mare,data/catalogs/ver1plain-1628/photos/igristoe-zhemchuzhnoe-vino-polusuhoe-krasnoe-di-kaspiko-fiori-di-mare-di-caspico-fiori-di-mare.png,"Игристое жемчужное вино полусухое красное ""Ди Каспико Фиори ди Маре"" (Di Caspico Fiori di Mare)"
aratti-sovinon-blan-beloe-polusuhoe,data/catalogs/ver1plain-1628/photos/aratti-sovinon-blan-beloe-polusuhoe.webp,АРАТТИ Совиньон блан белое полусухое
uva-vallis-shardone,data/catalogs/ver1plain-1628/photos/uva-vallis-shardone.webp,Uva Vallis Шардоне
millstream-cellar-blanc-de-blanc-ekstra-bryut-beloe,data/catalogs/ver1plain-1628/photos/millstream-cellar-blanc-de-blanc-ekstra-bryut-beloe.png,MILLSTREAM Cellar Blanc de Blanc игристое экстра брют белое
koldun-beloe-suhoe,data/catalogs/ver1plain-1628/photos/koldun-beloe-suhoe.webp,Колдун белое сухое
shato-taman-krasnostop,data/catalogs/ver1plain-1628/photos/shato-taman-krasnostop.png,Шато Тамань. Красностоп
fiori-di-mare-krasnoe-polusuhoe,data/catalogs/ver1plain-1628/photos/fiori-di-mare-krasnoe-polusuhoe.png,Fiori di Mare красное полусухое
vinodelnya-byurne-lyublyu-krasnoe-kaberne-fran-suhoe-135,data/catalogs/ver1plain-1628/photos/vinodelnya-byurne-lyublyu-krasnoe-kaberne-fran-suhoe-135.png,БЮРНЬЕ.ЛЮБЛЮ сухое красное
aratti-kaberne-po-belomu-1,data/catalogs/ver1plain-1628/photos/aratti-kaberne-po-belomu-1.webp,АРАТТИ Каберне по-белому
valerij-zaharin-kokur-i-ko-beloe-bryut,data/catalogs/ver1plain-1628/photos/valerij-zaharin-kokur-i-ko-beloe-bryut.webp,Валерий Захарьин Кокур и Ко белое брют
roze-1,data/catalogs/ver1plain-1628/photos/roze-1.webp,Розе
katharon-katharon-sovinon-blan,data/catalogs/ver1plain-1628/photos/katharon-katharon-sovinon-blan.webp,Katharon: Совиньон Блан
zhemchuzhnaya-9-pino-nuar-muskat-rozovyj-1,data/catalogs/ver1plain-1628/photos/zhemchuzhnaya-9-pino-nuar-muskat-rozovyj-1.webp,"Жемчужная 9 Пино Нуар, Мускат розовый"
katharon-katharon-shardone,data/catalogs/ver1plain-1628/photos/katharon-katharon-shardone.webp,Katharon: Шардоне
leto-kaberne-fran-2021-suhoe-krasnoe,data/catalogs/ver1plain-1628/photos/leto-kaberne-fran-2021-suhoe-krasnoe.webp,LETO Каберне Фран 2021 сухое красное
muskat-avtorskoe-vino,data/catalogs/ver1plain-1628/photos/muskat-avtorskoe-vino.png,Мускат. Авторское вино
temelion-blanc-de-blancs,data/catalogs/ver1plain-1628/photos/temelion-blanc-de-blancs.webp,Темелион Blanc de Blancs
leto-kollekcziya-leta-kupazh-2023-suhoe-krasnoe,data/catalogs/ver1plain-1628/photos/leto-kollekcziya-leta-kupazh-2023-suhoe-krasnoe.webp,LETO Коллекция Лета Купаж 2023 сухое красное
aratti-muskat-belyj-polusuhoe,data/catalogs/ver1plain-1628/photos/aratti-muskat-belyj-polusuhoe.webp,АРАТТИ Мускат белый полусухое
b-yu-rne-sh-ardone-suhoe-beloe,data/catalogs/ver1plain-1628/photos/b-yu-rne-sh-ardone-suhoe-beloe.png,БЮРНЬЕ.ШАРДОНЕ сухое белое
pet-nat-sosedi-2024,data/catalogs/ver1plain-1628/photos/pet-nat-sosedi-2024.webp,"Пет Нат Соседи, 2024"
leto-kollekcziya-leta-kupazh-2021-suhoe-beloe,data/catalogs/ver1plain-1628/photos/leto-kollekcziya-leta-kupazh-2021-suhoe-beloe.webp,LETO Коллекция Лета Купаж 2021 сухое белое
b-yu-rne-sira-krasnoe-suhoe-classic,data/catalogs/ver1plain-1628/photos/b-yu-rne-sira-krasnoe-suhoe-classic.png,БЮРНЬЕ.СИРА красное сухое Classic
balaklava-bryut-rezerv,data/catalogs/ver1plain-1628/photos/balaklava-bryut-rezerv.webp,Балаклава Брют Резерв
amelia-2023,data/catalogs/ver1plain-1628/photos/amelia-2023.webp,"Amelia, 2023"
sacrum-bryut-beloe,data/catalogs/ver1plain-1628/photos/sacrum-bryut-beloe.webp,"Sacrum, брют, белое"
b-yu-rne-vinisa-zh-suhoe-krasnoe,data/catalogs/ver1plain-1628/photos/b-yu-rne-vinisa-zh-suhoe-krasnoe.webp,БЮРНЬЕ.ВИНИСАЖ сухое красное
twopeters_tandem,data/catalogs/ver1plain-1628/photos/twopeters_tandem.png,Тандем
david-2022,data/catalogs/ver1plain-1628/photos/david-2022.webp,"David, 2022"
naomi-2023,data/catalogs/ver1plain-1628/photos/naomi-2023.webp,"Naomi, 2023"
orlov_merlo,data/catalogs/ver1plain-1628/photos/orlov_merlo.webp,Мерло
pino-gri-avtorskoe,data/catalogs/ver1plain-1628/photos/pino-gri-avtorskoe.png,Пино Гри Авторское
znoj-denisov-vajneri,data/catalogs/ver1plain-1628/photos/znoj-denisov-vajneri.webp,Зной. Денисов Вайнери
zhemchuzhnaya-9-czitron-shardone,data/catalogs/ver1plain-1628/photos/zhemchuzhnaya-9-czitron-shardone.webp,"Жемчужная 9 Цитрон, Шардоне"
twopeters_sauvignon,data/catalogs/ver1plain-1628/photos/twopeters_sauvignon.png,Совиньон
aligote-avtorskoe,data/catalogs/ver1plain-1628/photos/aligote-avtorskoe.png,Алиготе Авторское
dnk-kaberne-sovinon,data/catalogs/ver1plain-1628/photos/dnk-kaberne-sovinon.webp,ДНК. Каберне Совиньон
arie,data/catalogs/ver1plain-1628/photos/arie.webp,Arie  (Выдержка сталь) 2020
polusladkoe-krasnoe-zolotaya-balka,data/catalogs/ver1plain-1628/photos/polusladkoe-krasnoe-zolotaya-balka.jpg,Полусладкое Красное Золотая Балка
nosorog-gold,data/catalogs/ver1plain-1628/photos/nosorog-gold.webp,Nosorog gold
aratti-kaberne-sovinon-2021-krasnoe-suhoe,data/catalogs/ver1plain-1628/photos/aratti-kaberne-sovinon-2021-krasnoe-suhoe.webp,АРАТТИ Каберне Совиньон 2021 красное сухое
polusladkoe-rozovoe-zolotaya-balka,data/catalogs/ver1plain-1628/photos/polusladkoe-rozovoe-zolotaya-balka.jpg,Полусладкое Розовое Золотая Балка
aratti-kaberne-po-belomu,data/catalogs/ver1plain-1628/photos/aratti-kaberne-po-belomu.webp,АРАТТИ Каберне по-белому
aratti-muskat-belyj-suhoe,data/catalogs/ver1plain-1628/photos/aratti-muskat-belyj-suhoe.webp,АРАТТИ Мускат белый сухое
pino-glyu-2025,data/catalogs/ver1plain-1628/photos/pino-glyu-2025.webp,"Пино Глю, 2025"
polusladkoe-beloe-zolotaya-balka,data/catalogs/ver1plain-1628/photos/polusladkoe-beloe-zolotaya-balka.webp,Полусладкое Белое Золотая Балка
aligote-barrel-2025,data/catalogs/ver1plain-1628/photos/aligote-barrel-2025.webp,"Алиготе Баррель, 2025"
kokur-premium,data/catalogs/ver1plain-1628/photos/kokur-premium.png,Кокур Премиум
aligote-avtorskoe-vino,data/catalogs/ver1plain-1628/photos/aligote-avtorskoe-vino.png,Алиготе. Авторское вино
novyj-svet-risling-kyuve-de-prestizh,data/catalogs/ver1plain-1628/photos/novyj-svet-risling-kyuve-de-prestizh.webp,Новый Свет. Рислинг Кюве де Престиж
golubitskoe-rose,data/catalogs/ver1plain-1628/photos/golubitskoe-rose.webp,Golubitskoe Rose
zakat-denisov-vajneri,data/catalogs/ver1plain-1628/photos/zakat-denisov-vajneri.webp,Закат. Денисов Вайнери
bryut-rozovoe-zolotaya-balka,data/catalogs/ver1plain-1628/photos/bryut-rozovoe-zolotaya-balka.webp,Брют Розовое Золотая Балка
cira-avtorskoe-vino,data/catalogs/ver1plain-1628/photos/cira-avtorskoe-vino.png,Cира. Авторское вино
aratti-risling-beloe-polusuhoe,data/catalogs/ver1plain-1628/photos/aratti-risling-beloe-polusuhoe.webp,АРАТТИ Рислинг белое полусухое
leto-kaberne-fran-rezerv-2020-suhoe-krasnoe,data/catalogs/ver1plain-1628/photos/leto-kaberne-fran-rezerv-2020-suhoe-krasnoe.webp,LETO Каберне Фран Резерв 2020 сухое красное
perovskih_rose,data/catalogs/ver1plain-1628/photos/perovskih_rose.png,Розе
rozovoe-polusladkoe-1,data/catalogs/ver1plain-1628/photos/rozovoe-polusladkoe-1.webp,Розовое полусладкое
b-yu-rne-pino-gri-pozdnij-sbor-sladkoe-beloe,data/catalogs/ver1plain-1628/photos/b-yu-rne-pino-gri-pozdnij-sbor-sladkoe-beloe.webp,БЮРНЬЕ.ПИНО ГРИ Поздний сбор сладкое белое
zhemchuzhnaya-9-kaberne-sovinon-pino-nuar-1,data/catalogs/ver1plain-1628/photos/zhemchuzhnaya-9-kaberne-sovinon-pino-nuar-1.webp,"Жемчужная 9 Каберне Совиньон, Пино Нуар"
twopeters_shardone,data/catalogs/ver1plain-1628/photos/twopeters_shardone.webp,Шардоне
abrau-dyurso-az-abrau-bayanshira-beloe-suhoe-12,data/catalogs/ver1plain-1628/photos/abrau-dyurso-az-abrau-bayanshira-beloe-suhoe-12.webp,Az Abrau Баяншира
green-cape-sovinon-blan,data/catalogs/ver1plain-1628/photos/green-cape-sovinon-blan.webp,Green Cape Совиньон Блан
arie-riserva,data/catalogs/ver1plain-1628/photos/arie-riserva.webp,Arie Riserva
zhemchuzhnaya-9-sovinon-blan-aligote,data/catalogs/ver1plain-1628/photos/zhemchuzhnaya-9-sovinon-blan-aligote.webp,"Жемчужная 9 Совиньон блан, Алиготе"
cary-pandas-avtorskoe-vino,data/catalogs/ver1plain-1628/photos/cary-pandas-avtorskoe-vino.png,Cары Пандас. Авторское вино
b-yu-rne-vinisa-zh-suhoe-rozovoe,data/catalogs/ver1plain-1628/photos/b-yu-rne-vinisa-zh-suhoe-rozovoe.webp,БЮРНЬЕ.ВИНИСАЖ сухое розовое
b-yu-rne-krasnostop-suhoe-krasnoe-classic,data/catalogs/ver1plain-1628/photos/b-yu-rne-krasnostop-suhoe-krasnoe-classic.png,БЮРНЬЕ.КРАСНОСТОП сухое красное Classic
leto-vecrfn-2024-suhoe-vino,data/catalogs/ver1plain-1628/photos/leto-vecrfn-2024-suhoe-vino.webp,LETO Мускат 2024 сухое белое
b-yu-rne-l-yu-bl-yu-suhoe-rozovoe,data/catalogs/ver1plain-1628/photos/b-yu-rne-l-yu-bl-yu-suhoe-rozovoe.webp,БЮРНЬЕ.ЛЮБЛЮ сухое розовое
daniel-22,data/catalogs/ver1plain-1628/photos/daniel-22.webp,"Daniel, 2022"
leto-kollekcziya-vinodela-2020-suhoe-krasnoe,data/catalogs/ver1plain-1628/photos/leto-kollekcziya-vinodela-2020-suhoe-krasnoe.webp,LETO Коллекция винодела 2020 сухое красное
b-yu-rne-vinisa-zh-suhoe-beloe,data/catalogs/ver1plain-1628/photos/b-yu-rne-vinisa-zh-suhoe-beloe.webp,БЮРНЬЕ.ВИНИСАЖ сухое белое
novyj-svet-pino-gri-millezim,data/catalogs/ver1plain-1628/photos/novyj-svet-pino-gri-millezim.webp,Новый Свет. Пино Гри Миллезим
chernaya-lvicza-polusladkoe-krasnoe,data/catalogs/ver1plain-1628/photos/chernaya-lvicza-polusladkoe-krasnoe.webp,Черная Львица полусладкое красное
agora-yachting-sauvignon,data/catalogs/ver1plain-1628/photos/agora-yachting-sauvignon.jpg,Agora Yachting Sauvignon
polusuhoe-beloe-zolotaya-balka,data/catalogs/ver1plain-1628/photos/polusuhoe-beloe-zolotaya-balka.webp,Полусухое Белое Золотая Балка
igristoe-vino-bryut-rozovoe-di-kaspiko-blan-de-nuar-di-caspico-blanc-de-noirs,data/catalogs/ver1plain-1628/photos/igristoe-vino-bryut-rozovoe-di-kaspiko-blan-de-nuar-di-caspico-blanc-de-noirs.png,Ди Каспико Блан де Нуар
aratti-vremena-goda-saperavi-merlo-vesna,data/catalogs/ver1plain-1628/photos/aratti-vremena-goda-saperavi-merlo-vesna.webp,"АРАТТИ Времена Года Саперави, Мерло Весна"
igristoe-zhemchuzhnoe-vino-polusladkoe-beloe-di-kaspiko-fiori-di-mare-di-caspico-fiori-di-mare,data/catalogs/ver1plain-1628/photos/igristoe-zhemchuzhnoe-vino-polusladkoe-beloe-di-kaspiko-fiori-di-mare-di-caspico-fiori-di-mare.webp,"Игристое жемчужное вино полусладкое белое ""Ди Каспико Фиори ди Маре"" (Di Caspico Fiori di Mare)"
aratti-vremena-goda-saperavi-leto,data/catalogs/ver1plain-1628/photos/aratti-vremena-goda-saperavi-leto.webp,АРАТТИ Времена Года Саперави Лето
pinot-noir-2024-one-barrel-by-dmitry-maslov-pino-nuar-2024-uan-barrel-dmitrij-maslov,data/catalogs/ver1plain-1628/photos/pinot-noir-2024-one-barrel-by-dmitry-maslov-pino-nuar-2024-uan-barrel-dmitrij-maslov.webp,Pinot Noir 2024 One Barrel by Dmitry Maslov (Пино Нуар 2024 Уан Баррел Дмитрий Маслов)
beloe-suhoe,data/catalogs/ver1plain-1628/photos/beloe-suhoe.jpg,Белое сухое
lorio-sovinon-blan-2024,data/catalogs/ver1plain-1628/photos/lorio-sovinon-blan-2024.webp,ЛОРИО. Совиньон Блан 2024
lebedushka,data/catalogs/ver1plain-1628/photos/lebedushka.webp,Лебедушка
zhemchuzhnaya-9-pino-nuar-muskat-rozovyj-2,data/catalogs/ver1plain-1628/photos/zhemchuzhnaya-9-pino-nuar-muskat-rozovyj-2.webp,"Жемчужная 9 Пино нуар, Мускат Розовый"
igristoe-vino-bryut-beloe-di-caspico,data/catalogs/ver1plain-1628/photos/igristoe-vino-bryut-beloe-di-caspico.webp,Игристое вино брют белое Di Caspico
igristoe-zhemchuzhnoe-vino-polusladkoe-rozovoe-di-kaspiko-fiori-di-mare-di-caspico-fiori-di-mare,data/catalogs/ver1plain-1628/photos/igristoe-zhemchuzhnoe-vino-polusladkoe-rozovoe-di-kaspiko-fiori-di-mare-di-caspico-fiori-di-mare.png,"Игристое жемчужное вино полусладкое розовое ""Ди Каспико Фиори ди Маре"" (Di Caspico Fiori di Mare)"
lorio-shardone,data/catalogs/ver1plain-1628/photos/lorio-shardone.webp,ЛОРИО. Шардоне
vibes-riesling-silvaner-2022,data/catalogs/ver1plain-1628/photos/vibes-riesling-silvaner-2022.webp,"VIBES, Riesling-Silvaner 2022"
katharon-semi-sweet,data/catalogs/ver1plain-1628/photos/katharon-semi-sweet.webp,Katharon Semi-Sweet
agora-yachting-pinot-grigio,data/catalogs/ver1plain-1628/photos/agora-yachting-pinot-grigio.jpg,Agora Yachting Pinot Grigio
agora-yachting-shiraz,data/catalogs/ver1plain-1628/photos/agora-yachting-shiraz.jpg,Agora Yachting Shiraz
avtorskij-gid-artura-sarkisyana,data/catalogs/ver1plain-1628/photos/avtorskij-gid-artura-sarkisyana.webp,Темелион брют
czimlyanskoe-bianka,data/catalogs/ver1plain-1628/photos/czimlyanskoe-bianka.webp,Цимлянское Бианка
millstream-alamak-bryut-beloe,data/catalogs/ver1plain-1628/photos/millstream-alamak-bryut-beloe.webp,MILLSTREAM Alamak брют белое
lorio-kaberne-sovinon,data/catalogs/ver1plain-1628/photos/lorio-kaberne-sovinon.webp,ЛОРИО. Каберне Совиньон
cantiani-brut,data/catalogs/ver1plain-1628/photos/cantiani-brut.webp,Cantiani Brut
zb-vajn-risling-polusuhoe-beloe,data/catalogs/ver1plain-1628/photos/zb-vajn-risling-polusuhoe-beloe.jpg,ЗБ вайн РИСЛИНГ Полусухое белое
temelion-bryut-roze,data/catalogs/ver1plain-1628/photos/temelion-bryut-roze.jpg,Темелион брют розе
katharon-katharon-kaberne-fran,data/catalogs/ver1plain-1628/photos/katharon-katharon-kaberne-fran.webp,Katharon: Каберне Фран
one-barrel-uan-barrel,data/catalogs/ver1plain-1628/photos/one-barrel-uan-barrel.webp,Chardonnay 2024 One Barrel by Dmitry Maslov
di-caspico-rozovoe-bryut,data/catalogs/ver1plain-1628/photos/di-caspico-rozovoe-bryut.png,Di Caspico розовое брют
twopeters_kaberne_sovinion,data/catalogs/ver1plain-1628/photos/twopeters_kaberne_sovinion.webp,Каберне Совиньон
shardone-barrel-2023,data/catalogs/ver1plain-1628/photos/shardone-barrel-2023.webp,"Шардоне Баррель, 2023"
aratti-vremena-goda-saperavi-vyderzhannyj-zima,data/catalogs/ver1plain-1628/photos/aratti-vremena-goda-saperavi-vyderzhannyj-zima.webp,АРАТТИ Времена Года Саперави выдержанный Зима
rozovaya-pantera,data/catalogs/ver1plain-1628/photos/rozovaya-pantera.webp,Розовая Пантера полусладкое розовое
katharon-katharon-brut-blanc-de-blan,data/catalogs/ver1plain-1628/photos/katharon-katharon-brut-blanc-de-blan.webp,Katharon: Brut (blanc de blan)
alma-valley-locantita-merlot-cabernet-franc,data/catalogs/ver1plain-1628/photos/alma-valley-locantita-merlot-cabernet-franc.webp,Alma Valley Locantita Merlot-Cabernet Franc
agora-yachting-cabernet-sauvignon,data/catalogs/ver1plain-1628/photos/agora-yachting-cabernet-sauvignon.jpg,Agora Yachting Cabernet Sauvignon
igristoe-vino-ekstra-bryut-beloe-di-caspico,data/catalogs/ver1plain-1628/photos/igristoe-vino-ekstra-bryut-beloe-di-caspico.webp,Игристое вино экстра брют белое Di Caspico
cabernet-franc-2024-one-barrel-by-dmitry-maslov-kaberne-fran-2024-uan-barrel-dmitrij-maslov,data/catalogs/ver1plain-1628/photos/cabernet-franc-2024-one-barrel-by-dmitry-maslov-kaberne-fran-2024-uan-barrel-dmitrij-maslov.webp,Cabernet Franc 2024 One Barrel by Dmitry Maslov (Каберне фран 2024 Уан Баррел Дмитрий Маслов)
evolution-pinot-noir,data/catalogs/ver1plain-1628/photos/evolution-pinot-noir.webp,Evolution pinot noir
igristoe-vino-bryut-beloe-di-kaspiko-blan-de-blan-di-caspico-blanc-de-blancs,data/catalogs/ver1plain-1628/photos/igristoe-vino-bryut-beloe-di-kaspiko-blan-de-blan-di-caspico-blanc-de-blancs.png,Ди Каспико Блан де Блан
kd-kokur,data/catalogs/ver1plain-1628/photos/kd-kokur.webp,KD Кокур
chateau-de-talu-merlot,data/catalogs/ver1plain-1628/photos/chateau-de-talu-merlot.webp,Chateau de Talu Merlot
katharon-brut,data/catalogs/ver1plain-1628/photos/katharon-brut.webp,Katharon Brut
belaya-lvicza,data/catalogs/ver1plain-1628/photos/belaya-lvicza.webp,Белая Львица белое полусладкое
agrolayn-heritage-dg-skin-contact-rkatsiteli-rkatsiteli-krasnoe-suhoe-12,data/catalogs/ver1plain-1628/photos/agrolayn-heritage-dg-skin-contact-rkatsiteli-rkatsiteli-krasnoe-suhoe-12.png,Heritage DG Skin contact Rkatsiteli
derbent-vino-endemy-saperavi-krasnoe-suhoe-13,data/catalogs/ver1plain-1628/photos/derbent-vino-endemy-saperavi-krasnoe-suhoe-13.png,Эндемы Саперави
derbent-vino-kavkazian-rkatsiteli-beloe-bryut-105-125,data/catalogs/ver1plain-1628/photos/derbent-vino-kavkazian-rkatsiteli-beloe-bryut-105-125.png,Кавказиан
kaberne-sovinon,data/catalogs/ver1plain-1628/photos/kaberne-sovinon.jpg,Каберне Совиньон
sober-bash-puhlyakovskiy-beloe-suhoe-12,data/catalogs/ver1plain-1628/photos/sober-bash-puhlyakovskiy-beloe-suhoe-12.png,Пухляковский
chateau-le-grand-vostock-krasnostop-rezerv-krasnoe-suhoe-145,data/catalogs/ver1plain-1628/photos/chateau-le-grand-vostock-krasnostop-rezerv-krasnoe-suhoe-145.png,Красностоп Резерв
sober-bash-risling-risling-reynskiy-beloe-suhoe-11,data/catalogs/ver1plain-1628/photos/sober-bash-risling-risling-reynskiy-beloe-suhoe-11.png,Рислинг
kokur-suhoe-2025,data/catalogs/ver1plain-1628/photos/kokur-suhoe-2025.jpg,"Кокур Сухое, 2025"
method-classic-kokur,data/catalogs/ver1plain-1628/photos/method-classic-kokur.png,Method Classic Кокур
riesling-dva-petra-2022,data/catalogs/ver1plain-1628/photos/riesling-dva-petra-2022.webp,Riesling Два Петра 2022
sand-zh-oveze-rezerv,data/catalogs/ver1plain-1628/photos/sand-zh-oveze-rezerv.png,Санджовезе резерв
